id,x,y,true_regime,initial_regime,refined_regime,true_boundary_node,true_raw_Intercept,true_z_Intercept,ols_Intercept,gwr_Intercept,mgwr_Intercept,grgwr_Intercept,oracle_grgwr_Intercept,true_raw_X1,true_z_X1,ols_X1,gwr_X1,mgwr_X1,grgwr_X1,oracle_grgwr_X1,true_raw_X2,true_z_X2,ols_X2,gwr_X2,mgwr_X2,grgwr_X2,oracle_grgwr_X2,true_raw_X3,true_z_X3,ols_X3,gwr_X3,mgwr_X3,grgwr_X3,oracle_grgwr_X3
0,0.0,0.0,1,1,1,False,0.0,0.08240366785292375,-2.886579864025407e-17,0.11788803544461758,0.1308737503260579,0.09589448405710224,0.09892379425765044,1.1,0.7618865460716049,0.23925440363848088,0.6544100637454331,0.6412513979763439,0.7841045771391535,0.7831899216333191,-0.9500000000000001,-0.6231086051914149,-0.10002797044853652,-0.5412742979165376,-0.5589853903533121,-0.4904154788265136,-0.4802949891001359,0.5,0.3280474185529837,0.10100291803409359,0.42494755227742026,0.35338766054177717,0.4118135028301698,0.40167095143516734
1,0.041666666666666664,0.0,1,1,1,False,0.03263154805501289,0.10295467640276632,-2.886579864025407e-17,0.13109830859814492,0.13702297144400105,0.09757438276088252,0.10065571738427655,1.1456841672770182,0.793528502814191,0.23925440363848088,0.6685662321460517,0.660013585331539,0.7857876139199123,0.784783637553736,-0.9375,-0.6149098077546856,-0.10002797044853652,-0.5381921216725026,-0.5496030367197514,-0.48984666359153783,-0.4793443419958523,0.4987167292060716,0.3272054712104784,0.10100291803409359,0.42499851848881287,0.34975385198566894,0.4112078050130644,0.40071254657800104
2,0.08333333333333333,0.0,1,1,1,False,0.06470476127563018,0.12310401157024053,-2.886579864025407e-17,0.14333202881084708,0.14350275413137742,0.09932123989341887,0.10245408846077235,1.1905866657858823,0.8246290569041037,0.23925440363848088,0.6806624361965737,0.684098671534445,0.7875248037091206,0.7864243778629461,-0.925,-0.6067110103179565,-0.10002797044853652,-0.5354369992677779,-0.538025368217545,-0.4892833991587843,-0.47837923384128445,0.49488887394336023,0.32469403513542455,0.10100291803409359,0.42514849592173365,0.341336421391232,0.41058700021185474,0.3997214185391247
3,0.125,0.0,1,1,1,False,0.09567085809127245,0.14249911865523276,-2.886579864025407e-17,0.15954947608516165,0.15009690432195943,0.1011368573298404,0.10432032557437709,1.2339392013277815,0.8546560692381617,0.23925440363848088,0.6986854599734664,0.7127198912464761,0.7893160285861225,0.788111484082106,-0.9125000000000001,-0.5985122128812275,-0.10002797044853652,-0.5314990156938104,-0.5206298496024184,-0.48872918996499104,-0.4774019770639897,0.488581929876693,0.32055608169536814,0.10100291803409359,0.4227157888293782,0.3308706826316339,0.4099518931476589,0.3986974511948851
4,0.16666666666666666,0.0,1,1,1,False,0.12499999999999999,0.1608003480092321,-2.886579864025407e-17,0.18028020426263242,0.1579519038022955,0.10302280811051064,0.10625554560698743,1.2750000000000001,0.8830957693102693,0.23925440363848088,0.7221603798498092,0.752279329964397,0.7911606964031541,0.7898438014931074,-0.9,-0.5903134154444982,-0.10002797044853652,-0.5236781644316189,-0.4976813516839872,-0.4881881357410606,-0.4764154179726182,0.47990381056766584,0.3148624124209258,0.10100291803409359,0.41654081824719125,0.3155976952364779,0.40930360804509397,0.3976408245153677
5,0.20833333333333331,0.0,1,1,1,False,0.15219035725218014,0.17768676653498516,-2.886579864025407e-17,0.2045310678593921,0.16523711257648238,0.10498036529571864,0.10826048217998657,1.3130665001530524,0.9094615459672176,0.23925440363848088,0.7465066715141668,0.805640901540708,0.7930576439894174,0.7916195875969445,-0.8875000000000001,-0.5821146180077691,-0.10002797044853652,-0.5085293541093273,-0.4673443839920904,-0.48766501003612817,-0.4754230167809676,0.4690030010436853,0.3077104475719666,0.10100291803409359,0.4034653936175794,0.28438356739625853,0.40864365360955524,0.3965520862231745
6,0.25,0.0,1,1,1,False,0.17677669529663687,0.19286164894076954,-2.886579864025407e-17,0.22918795390947047,0.1731470526968069,0.10515285730556366,0.10851165187733106,1.3474873734152917,0.9333022734604322,0.23925440363848088,0.7773415561719301,0.8597067544323159,0.7937414598327184,0.7922033387435148,-0.875,-0.57391582057104,-0.10002797044853652,-0.4824250164377287,-0.41511334208872075,-0.4867920896167974,-0.47429647419751586,0.4560660171779821,0.29922255924995556,0.10100291803409359,0.37315554934135814,0.23977102338862433,0.4092904180980089,0.3968953369782803
7,0.29166666666666663,0.0,1,1,1,False,0.19833833507280876,0.20605755479240295,-2.886579864025407e-17,0.24831592118368445,0.17942760565207533,0.10525474243619369,0.10869179565330585,1.3776736691019322,0.9542100303326055,0.23925440363848088,0.8184739288889705,0.8918825355714821,0.7943265829066964,0.7926926574097777,-0.8625,-0.5657170231343108,-0.10002797044853652,-0.43742358105073165,-0.34078262016385336,-0.4859714774781294,-0.4732424985998348,0.44131421435130813,0.2895439775773695,0.10100291803409359,0.3097175686746006,0.17940634331899225,0.40997837858626257,0.39729605273370017
8,0.3333333333333333,0.0,1,1,1,False,0.21650635094610965,0.21704090449322055,-2.886579864025407e-17,0.25938623649836245,0.1882746605538848,0.10529391733247526,0.10880865887099789,1.4031088913245535,0.9718270790669298,0.23925440363848088,0.8532423283833073,0.8909465822143485,0.7948224654619985,0.7930969357787125,-0.8500000000000001,-0.5575182256975818,-0.10002797044853652,-0.3659669154153214,-0.26159720945803133,-0.4852008571978024,-0.47225735231705057,0.42500000000000004,0.27884030577003616,0.10100291803409359,0.2030390084854598,0.0865631363689416,0.4107007135688461,0.3977466375864943
9,0.375,0.0,1,1,1,False,0.23096988312782168,0.2256159758957345,-2.886579864025407e-17,0.26902820520367865,0.19262187367971306,0.10527754110353552,0.10886925268499034,1.4233578363789503,0.9858519870751917,0.23925440363848088,0.8591397350121588,0.8565197369302454,0.7952377416603997,0.7934247203799693,-0.8375,-0.5493194282608526,-0.10002797044853652,-0.2840783382180029,-0.19213664661041133,-0.4844778464356329,-0.47133728606204783,0.4074025148547635,0.2672946866201975,0.10100291803409359,0.061725102912837365,-0.02333943889504892,0.41145133505925136,0.39824022200458253
10,0.41666666666666663,0.0,1,1,1,True,0.24148145657226705,0.23162825316184163,-2.886579864025407e-17,0.2721092570944276,0.19347802495213423,0.10521208723340618,0.10887991067054387,1.438074039201174,0.996044784292931,0.23925440363848088,0.8216885828178999,0.7926304698197085,0.7955802826687284,0.7936837741262908,-0.8250000000000001,-0.5411206308241234,-0.10002797044853652,-0.20650011910019703,-0.14533477907943107,-0.48380003922190684,-0.470478591419065,0.38882285676537814,0.25510466887255767,0.10100291803409359,-0.09284624202361678,-0.13944698635162067,0.41222482663120064,0.3987706131738863
11,0.4583333333333333,0.0,3,3,3,True,0.2478612153434526,0.1986350728059499,-2.886579864025407e-17,0.2700742521352024,0.19264552787335176,0.13768466401032187,0.11876815152672554,0.5470057014808336,0.3788693496206433,0.23925440363848088,0.7351155250886141,0.7038981498989347,0.31548836747631925,0.3069706336636855,-0.11250000000000002,-0.07378917693056229,-0.10002797044853652,-0.15445490824911762,-0.11960088163579605,-0.03694376984018061,-0.026069228462560004,-1.0304210711669923,-0.6760539448378644,0.10100291803409359,-0.2353296162295549,-0.24910280420047468,-0.627291608649773,-0.6258839787642321
12,0.5,0.0,3,3,3,False,0.25,0.1992355082789429,-2.886579864025407e-17,0.26042654493297956,0.1855186814226633,0.1318967593303539,0.11507462293171365,0.55,0.38094327303580244,0.23925440363848088,0.6271993382254117,0.5959675976534506,0.3174105284599243,0.3089733187444334,-0.1,-0.06559037949383315,-0.10002797044853652,-0.12546862698876368,-0.1139100969102988,-0.03913278448574008,-0.02883445091364472,-1.05,-0.6888995789612659,0.10100291803409359,-0.3572997708899377,-0.3427419360449515,-0.6295919218367747,-0.6283140627790076
13,0.5416666666666666,0.0,3,3,3,False,0.24786121534345262,0.19707949420875465,-2.886579864025407e-17,0.2363418278795519,0.17146675224144087,0.12511274389851662,0.11069775236965904,0.5470057014808336,0.3788693496206433,0.23925440363848088,0.5288689327487135,0.4975445530127827,0.31956891822520667,0.3113663185296066,-0.08750000000000002,-0.05739158205710401,-0.10002797044853652,-0.11708226604127012,-0.1200492576454663,-0.0414249793221215,-0.031865758279153944,-1.0695789288330078,-0.7017452130846674,0.10100291803409359,-0.4504676376991397,-0.42058971160404973,-0.6323500757564264,-0.6312154996338266
14,0.5833333333333333,0.0,3,3,3,False,0.2414814565722671,0.19219612660493898,-2.886579864025407e-17,0.20511061728778518,0.15453942514226243,0.11713083034861416,0.10546981144626369,0.5380740392011739,0.3726830647797997,0.23925440363848088,0.45859905776086507,0.439079729298422,0.3219741457178313,0.3142523498465391,-0.07500000000000002,-0.04919278462037487,-0.10002797044853652,-0.11416986762583657,-0.12021100984342908,-0.04372128567042945,-0.035141067464651496,-1.0888228567653782,-0.7143710548467349,0.10100291803409359,-0.5165999769874619,-0.4874586558961056,-0.635690325521416,-0.6347099135153647
15,0.625,0.0,3,3,3,False,0.23096988312782168,0.18466116725217543,-2.886579864025407e-17,0.1749591537655994,0.1384304306968502,0.1077348362243386,0.09917914008870696,0.5233578363789504,0.36249026756206054,0.23925440363848088,0.41891979559370707,0.4192066207856307,0.3246030569609083,0.3177583251942624,-0.0625,-0.04099398718364571,-0.10002797044853652,-0.10608428934453706,-0.11318681202596621,-0.04581821898662045,-0.03857851061091284,-1.1074025148547635,-0.7265610725943747,0.10100291803409359,-0.5621322484934612,-0.545333959929496,-0.6397696030023061,-0.6389464229753752
16,0.6666666666666666,0.0,3,3,3,False,0.21650635094610968,0.17459574740512812,-2.886579864025407e-17,0.1441367932758425,0.12260230437474126,0.09658924051996548,0.09156401179026133,0.5031088913245536,0.34846535955379865,0.23925440363848088,0.40275266870647464,0.4212277328820194,0.32514382335063896,0.3220269520853729,-0.05000000000000002,-0.03279518974691658,-0.10002797044853652,-0.08899582347346215,-0.10368497449616344,-0.045505041892321435,-0.04197574416401473,-1.125,-0.7381066917442134,0.10100291803409359,-0.5980140201645033,-0.592292002041346,-0.6454773300317909,-0.6440906549472531
17,0.7083333333333333,0.0,3,3,3,False,0.19833833507280885,0.16216429519909456,-2.886579864025407e-17,0.10284293172591816,0.10809520776108283,0.08590078779333962,0.08231409465875725,0.4776736691019324,0.33084831081947447,0.23925440363848088,0.397033710980763,0.4320085070568155,0.321673518266661,0.327177521123781,-0.03750000000000003,-0.02459639231018745,-0.10002797044853652,-0.07303116206157026,-0.08822087080875768,-0.041313449734242946,-0.044895595643805145,-1.141314214351308,-0.7488103635515466,0.10100291803409359,-0.6264524094553765,-0.6289103954218346,-0.6524624360734124,-0.6502764719969636
18,0.75,0.0,3,3,3,False,0.1767766952966369,0.14757172223902257,-2.886579864025407e-17,0.05734350296972628,0.09476108394180754,0.0769705739297068,0.07172594366309683,0.44748737341529166,0.3099405539473009,0.23925440363848088,0.39556839026241747,0.43204012356747923,0.3185441684742203,0.3282618282379882,-0.02500000000000001,-0.01639759487345829,-0.10002797044853652,-0.061840154383231205,-0.0697394599328025,-0.03716241781825638,-0.043086500879685075,-1.1560660171779822,-0.7584889452241328,0.10100291803409359,-0.6495978662849192,-0.6580020978330707,-0.6587745257969386,-0.657953792940891
19,0.7916666666666666,0.0,3,3,3,False,0.15219035725218022,0.13105991750513754,-2.886579864025407e-17,0.029714267079257523,0.08312978188254733,0.06954770792315045,0.06288576679604452,0.4130665001530523,0.28609982645408644,0.23925440363848088,0.3951527809332755,0.4219416940176356,0.31579160182192173,0.3247225453790915,-0.012500000000000025,-0.008198797436729159,-0.10002797044853652,-0.04696469574345193,-0.05529280902964676,-0.03324269427075679,-0.0375876942981664,-1.1690030010436852,-0.7669768335461437,0.10100291803409359,-0.6742861434936885,-0.6808438220919266,-0.6643896447960269,-0.665502078280733
20,0.8333333333333333,0.0,3,3,3,False,0.12500000000000008,0.11290360856542628,-2.886579864025407e-17,0.009801839779726726,0.07243143397241616,0.06337617309236289,0.055898301505739253,0.3750000000000001,0.2597340497971381,0.23925440363848088,0.3943835060006316,0.4079306257485181,0.31339227947604836,0.3215024905068169,-2.7755575615628914e-17,-1.8204987376988818e-17,-0.10002797044853652,-0.03021825282792748,-0.04040829381564827,-0.02963720676945876,-0.03257814524337057,-1.1799038105676658,-0.774128798395103,0.10100291803409359,-0.6957122757021394,-0.6981784420667133,-0.6693454069011413,-0.6719475962866361
21,0.875,0.0,3,3,3,False,0.09567085809127247,0.09340566091078,-2.886579864025407e-17,-0.0012098523806879141,0.06394408526872095,0.05822789445056911,0.05036355592206057,0.33393920132778143,0.2312943497250306,0.23925440363848088,0.3896516194782327,0.39433166815304194,0.3113029407694781,0.3186516098129606,0.012499999999999983,0.008198797436729133,-0.10002797044853652,-0.014423794303822976,-0.01981174431254252,-0.02636813967217083,-0.028148819590945097,-1.188581929876693,-0.7798224676695453,0.10100291803409359,-0.7118237161116813,-0.708300967489927,-0.6737055302686148,-0.6774043976255157
22,0.9166666666666666,0.0,3,3,3,False,0.06470476127563025,0.07289189584247505,-2.886579864025407e-17,-0.005474836016490276,0.055263228799259746,0.05391160323543696,0.04594848505031529,0.2905866657858824,0.20126733739097247,0.23925440363848088,0.3804480292710708,0.3834237696260534,0.309477826549612,0.3161485598712505,0.02499999999999998,0.016397594873458272,-0.10002797044853652,-0.002487461366217544,-0.0031873075456372336,-0.023426085106946982,-0.024281161023878537,-1.1948888739433603,-0.7839604211096018,0.10100291803409359,-0.7202977043562319,-0.7147030788939468,-0.677540853727121,-0.6820200362362547
23,0.9583333333333333,0.0,3,3,3,False,0.032631548055013,0.05170551557937321,-2.886579864025407e-17,-0.006878048529960065,0.047773395288079626,0.05027152080366956,0.042393859619037494,0.2456841672770182,0.1701667833010598,0.23925440363848088,0.36971550394547137,0.3731649230494261,0.307875299381166,0.31395121464299736,0.03749999999999998,0.024596392310187412,-0.10002797044853652,0.005656130619091737,0.014082098698912502,-0.020786890035639077,-0.02091644995295649,-1.1987167292060716,-0.7864718571846556,0.10100291803409359,-0.7244264795069819,-0.7189622932399986,-0.6809199890190908,-0.6859365875614614
24,1.0,0.0,3,3,3,False,3.061616997868383e-17,0.030201230972803327,-2.886579864025407e-17,-0.008385842513607893,0.04141213750714105,0.047182510068387834,0.03950318011798021,0.20000000000000007,0.13852482655847365,0.23925440363848088,0.35960105480737825,0.36301011555851054,0.3064597537863467,0.3120155504403574,0.04999999999999999,0.03279518974691656,-0.10002797044853652,0.014415122317420504,0.026771875383574277,-0.01842090878710776,-0.01798673540631413,-1.2,-0.7873138045271609,0.10100291803409359,-0.7272929407757288,-0.7199379989565187,-0.6839052600739421,-0.6892774422884618
25,0.0,0.041666666666666664,1,1,1,False,0.0,0.0818959413373131,-2.886579864025407e-17,0.11376399591423013,0.12561260771948685,0.09334113140407678,0.09645580511376262,1.1,0.7618865460716049,0.23925440363848088,0.6596204935150562,0.634760361341375,0.7839631595318941,0.7830401080438445,-0.9304210711669922,-0.6102667114690176,-0.10002797044853652,-0.5391841705944459,-0.5579964571200249,-0.48974738413563734,-0.47988562319926287,0.5125,0.3362486040168083,0.10100291803409359,0.42081581399593754,0.36004197972482116,0.4123888626333716,0.4024016270898324
26,0.041666666666666664,0.041666666666666664,1,1,1,False,0.03235238063781509,0.10226705545569657,-2.886579864025407e-17,0.1217163408989265,0.13188472219187683,0.0950553628074432,0.09823295022125723,1.145293332892941,0.7932578014878542,0.23925440363848088,0.6627864127311267,0.6504825607122637,0.7857468329180359,0.7847284705878013,-0.9179210711669923,-0.6020679140322884,-0.10002797044853652,-0.535352755978097,-0.5494944772079022,-0.48911652835476815,-0.4788610883914138,0.5112167292060715,0.33540665667430297,0.10100291803409359,0.42404372229811266,0.3532638070996892,0.41175333985426926,0.40139683317420705
27,0.08333333333333333,0.041666666666666664,1,1,1,False,0.06415120307314266,0.12223957423531015,-2.886579864025407e-17,0.13577121159589903,0.138435655382776,0.09684346070320277,0.10008406840712142,1.1898116843023998,0.8240922860261765,0.23925440363848088,0.6778934113986903,0.6816933227378655,0.7875921930145012,0.7864703785299607,-0.9054210711669923,-0.5938691165955593,-0.10002797044853652,-0.5312293492802606,-0.5355981169374422,-0.4884902239825997,-0.47781914092883027,0.5073888739433603,0.3328952205992492,0.10100291803409359,0.4245563753911635,0.3459342024996457,0.4111003341254511,0.4003548179807832
28,0.125,0.041666666666666664,1,1,1,False,0.09485238063781509,0.14146396835345923,-2.886579864025407e-17,0.15390623089115185,0.14633976218203407,0.09870771093684443,0.10201104003615459,1.2327933328929412,0.8538624131071865,0.23925440363848088,0.6990727316253591,0.7135706663888549,0.7894991895683109,0.7882651157480723,-0.8929210711669923,-0.5856703191588302,-0.10002797044853652,-0.527085643305049,-0.5167891848167229,-0.4878725791651645,-0.47676247758149476,0.5010819298766931,0.32875726715919273,0.10100291803409359,0.422520205883024,0.3356116659579328,0.4104307059838465,0.39927532294750423
29,0.16666666666666666,0.041666666666666664,1,1,1,False,0.12393060767172628,0.15960350910782614,-2.886579864025407e-17,0.17654866851610168,0.15411930185080025,0.10065014485432465,0.10401540023971093,1.273502850740417,0.8820588076026897,0.23925440363848088,0.7261788937825963,0.7595380704244513,0.7914671704260038,0.7901113340696218,-0.8804210711669923,-0.5774715217221009,-0.10002797044853652,-0.5204292682786441,-0.49114836678507706,-0.48726846610588664,-0.4756944765201112,0.4924038105676658,0.3230635978847503,0.10100291803409359,0.41699821149590943,0.31854720106025125,0.40974571057011067,0.3981584493752664
30,0.20833333333333331,0.041666666666666664,1,1,1,False,0.1508883476483184,0.17634002993792577,-2.886579864025407e-17,0.20310390623312008,0.16237488194091773,0.10267244860024582,0.10609823244669478,1.3112436867076458,0.9081990213853506,0.23925440363848088,0.7575677665682122,0.8192491891012756,0.7934947478026637,0.7920069267540696,-0.8679210711669924,-0.5692727242853718,-0.10002797044853652,-0.5073107314374455,-0.4571740247325655,-0.486683631184607,-0.4746193078991874,0.4815030010436853,0.3159116330357912,0.10100291803409359,0.4054195085664537,0.29418951113700875,0.4090470853453789,0.3970047542099766
31,0.25,0.041666666666666664,1,1,1,False,0.17526434616249445,0.1913793703431679,-2.886579864025407e-17,0.23097053874608767,0.17003959474954589,0.10287869702808958,0.10638962200322213,1.3453700846274923,0.9318357881499116,0.23925440363848088,0.7909057129854252,0.8779520272535526,0.7941694942886218,0.7925756901140868,-0.8554210711669923,-0.5610739268486427,-0.10002797044853652,-0.48200504370832153,-0.41111494059326165,-0.4857816446327747,-0.4734514644591343,0.46856601717798213,0.30742374471378014,0.10100291803409359,0.37548863309153563,0.25682645374235324,0.40975932981930807,0.3973954854992049
32,0.29166666666666663,0.041666666666666664,1,1,1,False,0.19664152312137323,0.20445640905057874,-2.886579864025407e-17,0.2522594838895141,0.17941670418280814,0.10300650418876416,0.1066016974362725,1.3752981323699225,0.9525646762636809,0.23925440363848088,0.8321766902225758,0.9096663605935281,0.7947362411672134,0.7930413533170684,-0.8429210711669923,-0.5528751294119135,-0.10002797044853652,-0.4369091055080512,-0.34079075546500903,-0.4849388867572646,-0.4723652029866217,0.45381421435130814,0.29774516304119414,0.10100291803409359,0.30458336150571796,0.18135794268541644,0.410515909119906,0.39784881695118407
33,0.3333333333333333,0.041666666666666664,1,1,1,False,0.2146541091003152,0.21533960031328742,-2.886579864025407e-17,0.27142300048687223,0.18619537002471545,0.10306511441886429,0.1067435556342422,1.4005157527404415,0.9700310087038988,0.23925440363848088,0.864340101676129,0.9086430711605714,0.7952061360281473,0.7934149775445418,-0.8304210711669923,-0.5446763319751844,-0.10002797044853652,-0.3685870056223951,-0.2529746836248076,-0.48415238104112646,-0.47135586959061815,0.4375,0.28704149123386075,0.10100291803409359,0.19103388680550004,0.08467270723843606,0.4113087461621994,0.398355738013357
34,0.375,0.041666666666666664,1,1,1,False,0.22899390375918835,0.22383493572245122,-2.886579864025407e-17,0.2859210433683093,0.19436524679936426,0.10306285432329576,0.10682337986453332,1.4205914652628637,0.9839359316799304,0.23925440363848088,0.8636164898400809,0.8757932620080657,0.7955892841211505,0.7937065484594329,-0.8179210711669923,-0.5364775345384553,-0.10002797044853652,-0.28483359492533156,-0.17900387898948977,-0.48341910248520104,-0.4704188348748794,0.4199025148547635,0.2754958720840221,0.10100291803409359,0.04115760068094133,-0.031013502174187413,0.4121307057496407,0.39890817461583694
35,0.41666666666666663,0.041666666666666664,1,1,1,True,0.23941554923563713,0.22978926374492029,-2.886579864025407e-17,0.2941451017972721,0.19954312715244896,0.10300720244074303,0.10684851506692503,1.435181768929892,0.9940415281044831,0.23925440363848088,0.8163953288542499,0.8019547447473327,0.7958948261971494,0.7939250631664576,-0.8054210711669924,-0.5282787371017261,-0.10002797044853652,-0.20276795803219527,-0.12251272965552376,-0.4827360303365119,-0.46954955874733256,0.40132285676537816,0.2633058543363823,0.10100291803409359,-0.1202241920971619,-0.15277901315591383,0.41297550712387315,0.3994989174315938
36,0.4583333333333333,0.041666666666666664,3,3,3,True,0.24574072828613353,0.19676091242272767,-2.886579864025407e-17,0.29262981289882833,0.195038888248753,0.13953727201163163,0.11917059950512798,0.5440370196005869,0.37681316890780103,0.23925440363848088,0.7205910459741187,0.7024168003835305,0.31298724214597295,0.3047874580323898,-0.09292107116699228,-0.060947283208165004,-0.10002797044853652,-0.1433799016122085,-0.09405689437790492,-0.03467883658390647,-0.023358296014365173,-1.0179210711669922,-0.6678527593740395,0.10100291803409359,-0.2655179626503315,-0.26604125517116445,-0.6272427083722394,-0.625993406653561
37,0.5,0.041666666666666664,3,3,3,False,0.2478612153434526,0.19734955699174161,-2.886579864025407e-17,0.2732847992929526,0.18829252678307012,0.13355439279427617,0.1153312591973165,0.5470057014808336,0.3788693496206433,0.23925440363848088,0.6096780295791091,0.5887206334062811,0.31489277615655664,0.30672943422991494,-0.08042107116699226,-0.05274848577143585,-0.10002797044853652,-0.10608407356444839,-0.09147835755362362,-0.036983840283949,-0.02622901865809817,-1.0375,-0.6806983934974412,0.10100291803409359,-0.3857491580382141,-0.3617564863582628,-0.6296552491377096,-0.6285389385328242
38,0.5416666666666666,0.041666666666666664,3,3,3,False,0.24574072828613355,0.19520533382553237,-2.886579864025407e-17,0.2415595870413776,0.172446585589315,0.12643811326327883,0.11072210510213927,0.544037019600587,0.3768131689078011,0.23925440363848088,0.5167948276033084,0.4866738570087096,0.317076479801865,0.3090916267442724,-0.06792107116699228,-0.04454968833470672,-0.10002797044853652,-0.09818859459212693,-0.10545431612341626,-0.03946170408658585,-0.029438375209184707,-1.0570789288330078,-0.6935440276208429,0.10100291803409359,-0.47059865423888386,-0.4390759522388735,-0.6325849776300312,-0.631615308999868
39,0.5833333333333333,0.041666666666666664,3,3,3,False,0.23941554923563718,0.1903571371880176,-2.886579864025407e-17,0.20421520477057117,0.1561426694243631,0.11792115047930596,0.105132575240773,0.535181768929892,0.3706798085913519,0.23925440363848088,0.44857291668618754,0.428658750717448,0.31957223664419004,0.31200140339023125,-0.0554210711669923,-0.036350890897977585,-0.10002797044853652,-0.09928957161967474,-0.11724159681432347,-0.04202971114540833,-0.0329873668464026,-1.076322856765378,-0.7061698693829102,0.10100291803409359,-0.5321039969470457,-0.5040263560589224,-0.6361885144047875,-0.6353760496922601
40,0.625,0.041666666666666664,3,3,3,False,0.22899390375918835,0.18288012707889215,-2.886579864025407e-17,0.1677200352075983,0.13701299602610328,0.10769847856552803,0.09828801755814043,0.5205914652628636,0.3605742121667991,0.23925440363848088,0.4086643278805393,0.41927905861786424,0.32238810905805326,0.31562557294308585,-0.04292107116699227,-0.028152093461248428,-0.10002797044853652,-0.09688613677151785,-0.11494304645154982,-0.04448863389069744,-0.03681509653931947,-1.0949025148547635,-0.7183598871305501,0.10100291803409359,-0.5775244247757474,-0.5610511211885106,-0.6406732643405821,-0.6400190175283892
41,0.6666666666666666,0.041666666666666664,3,3,3,False,0.21465410910031524,0.17289444322519498,-2.886579864025407e-17,0.13115843299696425,0.11965359568457361,0.09545309947436527,0.08983691688997028,0.5005157527404414,0.34666928919076745,0.23925440363848088,0.3947009502330785,0.431351987226729,0.3241081776989544,0.3201672600181824,-0.030421071166992275,-0.019953296024519285,-0.10002797044853652,-0.08458815415808567,-0.10322953884492127,-0.045268023943043835,-0.040719698365460785,-1.1125,-0.7299055062803887,0.10100291803409359,-0.6148530216818829,-0.6062801741191941,-0.6466557263525501,-0.6457794951692557
42,0.7083333333333333,0.041666666666666664,3,3,3,False,0.1966415231213733,0.16056314945727035,-2.886579864025407e-17,0.08797778960412161,0.10408677449706683,0.08365798869437903,0.07934926491888133,0.47529813236992263,0.3292029567505498,0.23925440363848088,0.3945537167748314,0.4400275513102801,0.3203953663866397,0.3258221072986399,-0.017921071166992292,-0.011754498587790155,-0.10002797044853652,-0.06943640701219075,-0.08147777106051733,-0.04069829514263409,-0.04419359066292838,-1.128814214351308,-0.740609178087722,0.10100291803409359,-0.6433262289810743,-0.6421827380643657,-0.6542549691346449,-0.6528715049905851
43,0.75,0.041666666666666664,3,3,3,False,0.17526434616249448,0.1460894436414209,-2.886579864025407e-17,0.04372637654986351,0.09047126369444303,0.07403361185005616,0.06761708036067483,0.4453700846274923,0.3084740686367804,0.23925440363848088,0.40049259039385765,0.4361916153666416,0.31708229992542936,0.32709929784866065,-0.005421071166992281,-0.003555701151061006,-0.10002797044853652,-0.0559435331397621,-0.05944411156793433,-0.03616669392929884,-0.042275351049225494,-1.143566017177982,-0.750287759760308,0.10100291803409359,-0.6686353255389246,-0.6713005142812262,-0.6610443686503324,-0.6613910745249011
44,0.7916666666666666,0.041666666666666664,3,3,3,False,0.1508883476483185,0.12971318090807818,-2.886579864025407e-17,0.010567816662277045,0.07782284933480577,0.0662230166154781,0.05846355067215533,0.4112436867076459,0.2848373018722195,0.23925440363848088,0.4017583024152776,0.4237393556244663,0.3142117882025143,0.3232838171983164,0.007078928833007703,0.004643096285668126,-0.10002797044853652,-0.038541216873580114,-0.04246160457317419,-0.031927454936347646,-0.03620590993545003,-1.1565030010436852,-0.7587756480823191,0.10100291803409359,-0.6920260712644984,-0.6914303559688039,-0.6669967735563267,-0.6692937802831548
45,0.8333333333333333,0.041666666666666664,3,3,3,False,0.12393060767172638,0.11170676966402034,-2.886579864025407e-17,-0.0044732236826769255,0.06698799695213448,0.05987484321123723,0.051470628256812125,0.3735028507404169,0.2586970880895585,0.23925440363848088,0.3971287052893774,0.4074280375368382,0.3117471509274893,0.3198748060340766,0.019578928833007714,0.012841893722397274,-0.10002797044853652,-0.020751144704069042,-0.024586700666189287,-0.028078692695950827,-0.030795016824839656,-1.1674038105676656,-0.7659276129312783,0.10100291803409359,-0.711216922340725,-0.705799703886026,-0.6721706167770205,-0.6758908018213476
46,0.875,0.041666666666666664,3,3,3,False,0.09485238063781512,0.09237051060900646,-2.886579864025407e-17,-0.012378969042237946,0.05725223971806709,0.05468859111370858,0.04609763504257776,0.33279333289294116,0.2305006935940552,0.23925440363848088,0.38799674719679034,0.3917589992864383,0.3096298294282518,0.31690773622616036,0.032078928833007725,0.021040691159126424,-0.10002797044853652,-0.00502154920475618,-0.004833743541649121,-0.02463709955271625,-0.026113323401729317,-1.176081929876693,-0.7716212822057207,0.10100291803409359,-0.722096247090187,-0.7155178104268991,-0.6766557706938221,-0.6813576794581281
47,0.9166666666666666,0.041666666666666664,3,3,3,False,0.06415120307314273,0.07202745850754468,-2.886579864025407e-17,-0.015805138043981704,0.050248540756942475,0.05042193359843185,0.041924207211038275,0.28981168430239984,0.20073056651304522,0.23925440363848088,0.37588911474499437,0.3806453573862748,0.3078016781635204,0.3143404660647864,0.04457892883300771,0.029239488595855553,-0.10002797044853652,0.006494508950348063,0.013516251685333528,-0.021581013839891833,-0.022104080125210143,-1.1823888739433603,-0.7757592356457773,0.10100291803409359,-0.7268733526648864,-0.7201675281597831,-0.6805470283822691,-0.6858947537017039
48,0.9583333333333333,0.041666666666666664,3,3,3,False,0.03235238063781519,0.05101789463230349,-2.886579864025407e-17,-0.015932741065823732,0.04220972834584946,0.0468844735539674,0.038641030919100684,0.24529333289294128,0.1698960819747231,0.23925440363848088,0.3630134643421143,0.3673058815879967,0.3062121715928443,0.31211421505796744,0.05707892883300772,0.03743828603258471,-0.10002797044853652,0.015665077516727407,0.029485122822930934,-0.018873384855318216,-0.018674463579793205,-1.1862167292060715,-0.7782706717208309,0.10100291803409359,-0.7292250495129592,-0.7224693237858675,-0.6839324995826558,-0.6896817474498447
49,1.0,0.041666666666666664,3,3,3,False,3.0354244400313206e-17,0.029693504457192682,-2.886579864025407e-17,-0.012711395200601924,0.03542647751399902,0.043928142177295425,0.03602438468567216,0.20000000000000007,0.13852482655847365,0.23925440363848088,0.3507159475821957,0.35517509454415885,0.30481966025354684,0.31017325184449995,0.06957892883300773,0.04563708346931386,-0.10002797044853652,0.019740108399279248,0.037544658597910355,-0.016473295086301958,-0.015730907198787055,-1.1875,-0.7791126190633363,0.10100291803409359,-0.7295964103831849,-0.7241039119663935,-0.6868894830099094,-0.6928668106016247
50,0.0,0.08333333333333333,1,1,1,False,0.0,0.08140042265809606,-2.886579864025407e-17,0.10633931562078976,0.1196718683524381,0.09047468174966246,0.09367953624646841,1.1,0.7618865460716049,0.23925440363848088,0.6597403028971817,0.6287416393859485,0.7837913294643517,0.7828600343095963,-0.911177143234622,-0.5976445461086561,-0.10002797044853652,-0.5378786200689923,-0.5597141690290184,-0.48900994136577225,-0.4794374823763702,0.525,0.34444978948063293,0.10100291803409359,0.41717949503982643,0.364188953310728,0.41305654235207667,0.40324472612952683
51,0.041666666666666664,0.08333333333333333,1,1,1,False,0.03151965501812977,0.10123493152570076,-2.886579864025407e-17,0.11550636721049413,0.12598666021869953,0.09221686149656591,0.09549765654446986,1.1441275170253817,0.7924503292835902,0.23925440363848088,0.6654758814355769,0.6497611204823475,0.7856871520649922,0.7846538342602152,-0.8986771432346219,-0.5894457486719269,-0.10002797044853652,-0.5329040279356552,-0.5467932708011918,-0.488306015143905,-0.47832813585295825,0.5237167292060716,0.34360784213812756,0.10100291803409359,0.42022549875381854,0.3584569090428682,0.4123898876626404,0.40219091384610134
52,0.08333333333333333,0.08333333333333333,1,1,1,False,0.06249999999999999,0.12068002651915143,-2.886579864025407e-17,0.12904850632207607,0.13323230328734717,0.09404061345541084,0.09739833655906938,1.1875,0.822491157690937,0.23925440363848088,0.6799925982272974,0.6746130656057581,0.7876537618336852,0.7865090528127667,-0.8861771432346219,-0.5812469512351978,-0.10002797044853652,-0.5278026121533718,-0.5323152114548725,-0.4876050901006724,-0.47719763675248233,0.5198888739433603,0.3410964060630738,0.10100291803409359,0.42173922204639885,0.35346038135140917,0.4117029318340471,0.4010945566306418
53,0.125,0.08333333333333333,1,1,1,False,0.09241095265359653,0.13939520268296426,-2.886579864025407e-17,0.14390131005549975,0.14084726142457715,0.09594884983381605,0.09938407455580622,1.2293753337150353,0.8514950243907043,0.23925440363848088,0.6966632883720248,0.7165533550706316,0.7896912174524937,0.7884249177907027,-0.873677143234622,-0.5730481537984686,-0.10002797044853652,-0.5206377884847622,-0.5119916164920575,-0.48691201562884046,-0.47604915327095476,0.513581929876693,0.3369584526230173,0.10100291803409359,0.4237356707759305,0.3389245254358739,0.4109965859368263,0.3999551907688039
54,0.16666666666666666,0.08333333333333333,1,1,1,False,0.12074072828613353,0.15705244417520217,-2.886579864025407e-17,0.1695838472410378,0.1493737668090194,0.09794420494740087,0.10145697662819445,1.269037019600587,0.8789656651822678,0.23925440363848088,0.7300594134321163,0.7749693995051112,0.7917988026690442,0.7903998399424652,-0.8611771432346219,-0.5648493563617395,-0.10002797044853652,-0.5157819230734734,-0.4775385021550722,-0.486232636326729,-0.4748867364381347,0.5049038105676658,0.3312647833485749,0.10100291803409359,0.4172629044756361,0.32744175011443394,0.4102722532303714,0.39877279302802904
55,0.20833333333333331,0.08333333333333333,1,1,1,False,0.1470045965820406,0.1733418367094737,-2.886579864025407e-17,0.1995240568063619,0.15880828320156004,0.10002891888929055,0.10361861722504988,1.3058064352148568,0.9044330497853837,0.23925440363848088,0.7722665804264729,0.8474342073220771,0.7939748376955575,0.7924312344085336,-0.848677143234622,-0.5566505589250104,-0.10002797044853652,-0.5039522879091445,-0.45061461461265095,-0.485573949680865,-0.4737154761038561,0.4940030010436853,0.32411281849961576,0.10100291803409359,0.4065404079711356,0.2997832526720912,0.40953194951284405,0.3975479106535187
56,0.25,0.08333333333333333,1,1,1,False,0.17075317547305482,0.18797687027429755,-2.886579864025407e-17,0.2284107328917331,0.1676942949419128,0.10027807960177186,0.1039603946459828,1.3390544456622768,0.9274614241885996,0.23925440363848088,0.8157826418155443,0.9019066204392694,0.7946315313811021,0.7929753284805636,-0.8361771432346219,-0.5484517614882812,-0.10002797044853652,-0.48532428744976336,-0.41732846694999465,-0.484643653940111,-0.47250578664833315,0.48106601717798214,0.31562493017760473,0.10100291803409359,0.376600615569864,0.2603287148288481,0.41032105450895656,0.3979951628782169
57,0.29166666666666663,0.08333333333333333,1,1,1,False,0.1915801201900009,0.2006993413988347,-2.886579864025407e-17,0.25790807512492275,0.1771661000008125,0.10043957600979617,0.1042130028907044,1.3682121682660013,0.9476567665212047,0.23925440363848088,0.8545922200392538,0.9329560605251562,0.7951698906497333,0.7934067730048759,-0.8236771432346219,-0.5402529640515521,-0.10002797044853652,-0.4458351372498869,-0.3500113606311366,-0.48378082424396246,-0.4713883232461081,0.4663142143513081,0.3059463485050187,0.10100291803409359,0.31423152578978447,0.19365863131725636,0.41115777504028816,0.3985106783882951
58,0.3333333333333333,0.08333333333333333,1,1,1,False,0.20912907593445196,0.21128377108586174,-2.886579864025407e-17,0.28655966723815646,0.1884784938731599,0.10052430940974735,0.10438721241234006,1.392780706308233,0.9646735288766817,0.23925440363848088,0.8787980631576573,0.9354799226613723,0.7956031580417131,0.7937386863910475,-0.811177143234622,-0.532054166614823,-0.10002797044853652,-0.3762991993273167,-0.25239325635059984,-0.48298159235858795,-0.47035722403917124,0.45,0.29524267669768534,0.10100291803409359,0.20001051702240086,0.08803926282319262,0.4120324677827863,0.3990836766553621
59,0.375,0.08333333333333333,1,1,1,False,0.2230997752081307,0.21954126281992833,-2.886579864025407e-17,0.3111897311857049,0.19516377987490346,0.1005420278868747,0.10449264507175318,1.412339685291383,0.9782205497331901,0.23925440363848088,0.8762023499403705,0.9020776639110278,0.795943231321123,0.7939828021476949,-0.7986771432346219,-0.5238553691780938,-0.10002797044853652,-0.2750806605016114,-0.16080932445858448,-0.4822420785578662,-0.46940671459799005,0.43240251485476344,0.2836970575478467,0.10100291803409359,0.03462747509120115,-0.03772177486289818,0.41293671619245437,0.3997046019311824
60,0.41666666666666663,0.08333333333333333,1,1,1,True,0.23325317547305482,0.22532273463910826,-2.886579864025407e-17,0.3217989361274239,0.19982660981171757,0.10050142096039728,0.10453787547847224,1.4265544456622767,0.9880660358079317,0.23925440363848088,0.8156555277838183,0.8202282644290024,0.796200775336015,0.7941495928948283,-0.786177143234622,-0.5156565717413647,-0.10002797044853652,-0.17012708898346862,-0.09565996858230219,-0.4815584570486532,-0.4685311875182426,0.4138228567653781,0.27150703980020685,0.10100291803409359,-0.1448382425294497,-0.16821817996379024,0.4138632046076812,0.4003650176149256
61,0.4583333333333333,0.08333333333333333,3,3,3,True,0.23941554923563715,0.19218947220299765,-2.886579864025407e-17,0.3150940594892754,0.20150477841875733,0.1415936362650923,0.11957520588349854,0.535181768929892,0.3706798085913519,0.23925440363848088,0.7029226559940673,0.70270379769598,0.31011130101035067,0.3023229530450279,-0.0736771432346219,-0.04832511784780352,-0.10002797044853652,-0.09539962265332762,-0.06588841335889134,-0.03199670051218936,-0.020171920463295884,-1.0054210711669922,-0.659651573910215,0.10100291803409359,-0.3042675669436192,-0.2867671415741556,-0.6272110563206069,-0.6261715048034115
62,0.5,0.08333333333333333,3,3,3,False,0.24148145657226708,0.1927429458057107,-2.886579864025407e-17,0.28541248642798533,0.19131128982611495,0.13543396115359635,0.11558935129345886,0.5380740392011739,0.3726830647797997,0.23925440363848088,0.5842103321434632,0.5701356104587659,0.31194883638493237,0.3041593649440373,-0.061177143234621895,-0.04012632041107437,-0.10002797044853652,-0.0679758851469525,-0.06643866034893699,-0.0343841229617423,-0.02311325371174812,-1.025,-0.6724972080336166,0.10100291803409359,-0.42076912836634106,-0.38589701667781806,-0.6297459929570353,-0.6288461616497427
63,0.5416666666666666,0.08333333333333333,3,3,3,False,0.23941554923563718,0.19063389360580235,-2.886579864025407e-17,0.24683260884650854,0.17637415809583318,0.1279869601942346,0.11073587083233044,0.5351817689298921,0.37067980859135197,0.23925440363848088,0.48253996841276514,0.4587914755247142,0.31410278715837237,0.3064401062630455,-0.048677143234621904,-0.03192752297434523,-0.10002797044853652,-0.07655515290212629,-0.09578492741015454,-0.03702487343348825,-0.026476285438334773,-1.0445789288330078,-0.6853428421570181,0.10100291803409359,-0.4981272682825923,-0.4600170567686114,-0.6328671441889915,-0.6321207414244452
64,0.5833333333333333,0.08333333333333333,3,3,3,False,0.23325317547305488,0.1858906080822056,-2.886579864025407e-17,0.2087956741537481,0.1550456689512955,0.11889936097888587,0.10474912668656229,0.5265544456622768,0.36470431629480055,0.23925440363848088,0.41858422014595287,0.40749504850450885,0.31663637636278175,0.30932086585978624,-0.036177143234621914,-0.023728725537616093,-0.10002797044853652,-0.0937013491148572,-0.12723409840357194,-0.0398651239751322,-0.030297243295329547,-1.063822856765378,-0.6979686839190857,0.10100291803409359,-0.5537192077523283,-0.5227866852272183,-0.6367727680822062,-0.636189673213374
65,0.625,0.08333333333333333,3,3,3,False,0.2230997752081307,0.17858645417636926,-2.886579864025407e-17,0.1694780142484412,0.1351511528642959,0.10774064522485902,0.09726897170893337,0.512339685291383,0.3548588302200589,0.23925440363848088,0.3936037537411734,0.4224700465340615,0.3196028576716672,0.3130186841389744,-0.02367714323462189,-0.015529928100886936,-0.10002797044853652,-0.10093916039725263,-0.12766215588445307,-0.04272809296960689,-0.03455511945106618,-1.0824025148547634,-0.7101587016667255,0.10100291803409359,-0.593897659988358,-0.578686323270797,-0.6417391023936141,-0.6413171627715142
66,0.6666666666666666,0.08333333333333333,3,3,3,False,0.20912907593445199,0.16883861399776928,-2.886579864025407e-17,0.12999159293200166,0.11644389853576739,0.09406915254443271,0.08781501500535101,0.4927807063082328,0.34131180936355027,0.23925440363848088,0.3953921965623616,0.4447143650714446,0.32269612979758944,0.3178205997661655,-0.011177143234621906,-0.007331130664157804,-0.10002797044853652,-0.08690138426938208,-0.10785391677588298,-0.04490246828020568,-0.03907145068421934,-1.1,-0.7217043208165642,0.10100291803409359,-0.6337042280727352,-0.6230387550478169,-0.6481932934625121,-0.6478408908248929
67,0.7083333333333333,0.08333333333333333,3,3,3,False,0.19158012019000098,0.1568060818055263,-2.886579864025407e-17,0.07983999463698063,0.0995767917450826,0.0809289858608304,0.07577683101851458,0.46821216826600137,0.3242950470080735,0.23925440363848088,0.404229494181116,0.45098339963197676,0.3187428747161137,0.32404094836856123,0.0013228567653780776,0.000867666772571327,-0.10002797044853652,-0.06602081528941092,-0.0757121453602991,-0.03990948207107095,-0.043272541292971395,-1.116314214351308,-0.7324079926238974,0.10100291803409359,-0.6671762629088738,-0.6578405452861729,-0.6564906585735274,-0.6561054141089808
68,0.75,0.08333333333333333,3,3,3,False,0.17075317547305485,0.1426869435725506,-2.886579864025407e-17,0.0271180731014113,0.08487658689955889,0.07052437313561666,0.0626707799697557,0.4390544456622768,0.3040997046754683,0.23925440363848088,0.41067764732824596,0.44215571529304426,0.3152548207570126,0.3255699139651028,0.013822856765378103,0.009066464209300486,-0.10002797044853652,-0.047126825844902846,-0.04606979719321968,-0.03493797580338551,-0.041259643001153284,-1.131066017177982,-0.7420865742964835,0.10100291803409359,-0.6953421704599128,-0.68262382800693,-0.6638046218977501,-0.6656423739430897
69,0.7916666666666666,0.08333333333333333,3,3,3,False,0.14700459658204068,0.12671498767962608,-2.886579864025407e-17,-0.012685589646558842,0.07156844633254807,0.0623319081587065,0.053306193278226,0.40580643521485693,0.2810713302722525,0.23925440363848088,0.409448892615715,0.4257079537823077,0.3122861621223569,0.3214655137935333,0.026322856765378072,0.01726526164602961,-0.10002797044853652,-0.02882116866926513,-0.02268421323286955,-0.03033959764230846,-0.034517836153958,-1.1440030010436852,-0.7505744626184945,0.10100291803409359,-0.7139645014842648,-0.7020215989097616,-0.6701030606619168,-0.6738295349060808
70,0.8333333333333333,0.08333333333333333,3,3,3,False,0.12074072828613362,0.10915570473139637,-2.886579864025407e-17,-0.01890729914018301,0.06074245610864626,0.055858663417959226,0.04645500072469632,0.3690370196005871,0.25560394566913675,0.23925440363848088,0.39760983606251454,0.4062668542907134,0.30978175943797587,0.31787509832121585,0.03882285676537808,0.025464059082758755,-0.10002797044853652,-0.011544407962382427,-0.0032260137631231704,-0.026231154207798816,-0.028668679123734737,-1.154903810567666,-0.7577264274674538,0.10100291803409359,-0.725765535919394,-0.7170870036715327,-0.675476533464056,-0.6804783315533913
71,0.875,0.08333333333333333,3,3,3,False,0.09241095265359656,0.09030174493851148,-2.886579864025407e-17,-0.028495618204535896,0.051236612166478006,0.05070359359616834,0.04138615253695578,0.3293753337150352,0.22813330487757305,0.23925440363848088,0.3850965441275528,0.3893782991715943,0.30766315444853143,0.3148105527932554,0.051322856765378094,0.03366285651948791,-0.10002797044853652,0.00681523133327345,0.013875179467200814,-0.02261820458128338,-0.023738431296308583,-1.1635819298766932,-0.7634200967418963,0.10100291803409359,-0.7317673121341064,-0.7211266458388015,-0.6800526717391899,-0.6858504875160942
72,0.9166666666666666,0.08333333333333333,3,3,3,False,0.06250000000000007,0.07046791079138595,-2.886579864025407e-17,-0.024431457082152427,0.04243589578943814,0.04655820615936292,0.03757473948475541,0.2875000000000001,0.19912943817780585,0.23925440363848088,0.3675164522306468,0.3749691068125728,0.30585730430446423,0.3122021524600629,0.0638228567653781,0.041861653956217056,-0.10002797044853652,0.014777142870227024,0.03177026726774694,-0.01946029041732724,-0.01961133272069274,-1.1698888739433602,-0.7675580501819527,0.10100291803409359,-0.732267020430647,-0.726328339701934,-0.6839587513220708,-0.690212607786058
73,0.9583333333333333,0.08333333333333333,3,3,3,False,0.031519655018129866,0.049985770702307634,-2.886579864025407e-17,-0.022089152402828827,0.036607905484345914,0.043190234433712234,0.03465875873730918,0.24412751702538182,0.16908860977045914,0.23925440363848088,0.3530194022948575,0.3587924419877334,0.3043037731236015,0.30997091898256124,0.07632285676537809,0.05006045139294619,-0.10002797044853652,0.023561920313342966,0.0407544262433405,-0.016702373772433755,-0.016147989587812033,-1.1737167292060715,-0.7700694862570064,0.10100291803409359,-0.7328950714342206,-0.7258992834893365,-0.687307796995265,-0.6937870915801643
74,1.0,0.08333333333333333,3,3,3,False,2.9572949284466746e-17,0.02919798577797564,-2.886579864025407e-17,-0.016936258268178978,0.02937573713975379,0.04042576638869832,0.032390014433513824,0.20000000000000004,0.13852482655847362,0.23925440363848088,0.3401900849818996,0.34317266669710855,0.30295465057745524,0.30804777606116807,0.0888228567653781,0.05825924882967534,-0.10002797044853652,0.028151566378767617,0.051912150836234655,-0.014288854322432095,-0.013222776194337715,-1.175,-0.7709114335995118,0.10100291803409359,-0.7324586045258032,-0.7254654536122038,-0.6901951863003786,-0.6967474228850988
75,0.0,0.125,1,1,1,False,0.0,0.08092911077220087,-2.886579864025407e-17,0.10017420623329035,0.11311401907573684,0.08723791908634261,0.0905373048563658,1.1,0.7618865460716049,0.23925440363848088,0.6637959930300387,0.6179426667749619,0.7835801835607237,0.7826410680063116,-0.8925974851452365,-0.5854580778591715,-0.10002797044853652,-0.5369248946732028,-0.5574984029178968,-0.4881930299654278,-0.4789458159490753,0.5375,0.35265097494445746,0.10100291803409359,0.41224292684372393,0.36948636455720985,0.41383824655247714,0.40422596777233427
76,0.041666666666666664,0.125,1,1,1,False,0.0301476193621849,0.09987948503432294,-2.886579864025407e-17,0.1096949666284746,0.11944287285658914,0.08899791483844104,0.09238889367867663,1.142206667107059,0.7911199022746876,0.23925440363848088,0.6724750479386924,0.633600899577168,0.7856013823399983,0.7845527050003176,-0.8800974851452366,-0.5772592804224423,-0.10002797044853652,-0.5315197962220891,-0.5461872543575321,-0.4874023263220325,-0.477738413964821,0.5362167292060716,0.35180902760195215,0.10100291803409359,0.41529078499824273,0.36392080021461404,0.4131397672237377,0.4031210493579602
77,0.08333333333333333,0.125,1,1,1,False,0.05977940459858362,0.11845557321051924,-2.886579864025407e-17,0.1196045148325238,0.12661883966360205,0.09084796896175706,0.09433278264288444,1.1836911664380172,0.8198530676481182,0.23925440363848088,0.678557985941818,0.6688108378459376,0.7877044565160884,0.786535348003372,-0.8675974851452366,-0.5690604829857132,-0.10002797044853652,-0.5232764640880958,-0.5292995672171363,-0.48661227601965557,-0.4765050694269801,0.5323888739433602,0.3492975915268984,0.10100291803409359,0.4199400281972468,0.3550799028409193,0.4124176592669567,0.4019672791416
78,0.125,0.125,1,1,1,False,0.08838834764831845,0.13633173929288334,-2.886579864025407e-17,0.13664078096650725,0.13455794021424342,0.09279180547182576,0.09637229962778313,1.2237436867076459,0.8475944097660185,0.23925440363848088,0.7039197545033762,0.7201349752602662,0.7898896354946293,0.7885881749883836,-0.8550974851452365,-0.5608616855489841,-0.10002797044853652,-0.5179406155034234,-0.5026302770134912,-0.48582864554784044,-0.47524953500754225,0.526081929876693,0.3451596380868419,0.10100291803409359,0.4195610577661677,0.3466311282765112,0.41167287458124757,0.40076390000106354
79,0.16666666666666666,0.125,1,1,1,False,0.11548494156391083,0.1531943231345893,-2.886579864025407e-17,0.1572292902801954,0.14384641691313882,0.09483285449589585,0.09851033435413559,1.2616789181894752,0.8738692665733983,0.23925440363848088,0.7347873604467503,0.7917741673283163,0.7921561347036268,0.7907092897509794,-0.8425974851452366,-0.552662888112255,-0.10002797044853652,-0.5082293180703842,-0.47849256551638913,-0.4850585191841975,-0.4739767267951719,0.5174038105676658,0.33946596881239954,0.10100291803409359,0.41949930431184834,0.33037631915959953,0.4109069857222616,0.39951069797323213
80,0.20833333333333331,0.125,1,1,1,False,0.1406055561108699,0.168747007261967,-2.886579864025407e-17,0.1872471556224182,0.15278387202103214,0.09697410244987416,0.10074915402226904,1.296847778555218,0.8982280679855168,0.23925440363848088,0.7842937714185476,0.8583784333961146,0.7945018833665933,0.7928954639948176,-0.8300974851452366,-0.5444640906755259,-0.10002797044853652,-0.5030437036331065,-0.45810587434677474,-0.48431053013114717,-0.4726929494969466,0.5065030010436853,0.33231400396344035,0.10100291803409359,0.4046173061880062,0.310744534190791,0.4101223539963531,0.3982081816527664
81,0.25,0.125,1,1,1,False,0.16332037060954704,0.1827158869486313,-2.886579864025407e-17,0.21938474147684847,0.16405674155337296,0.09727855806340477,0.10115496334304966,1.3286485188533659,0.9202540281566768,0.23925440363848088,0.8386410984239362,0.9088869473320519,0.7951278796325394,0.7934014247063622,-0.8175974851452366,-0.5362652932387967,-0.10002797044853652,-0.493116808299051,-0.42785278068974264,-0.48335407087179494,-0.4714420052942322,0.49356601717798215,0.3238261156414293,0.10100291803409359,0.37054337168954676,0.26646000928783037,0.4110024359366185,0.3987232202901842
82,0.29166666666666663,0.125,1,1,1,False,0.1832407282861335,0.1948541568012911,-2.886579864025407e-17,0.25561594281078226,0.17403324476054255,0.09748438899554344,0.10145975583721875,1.356537019600587,0.9395702768016001,0.23925440363848088,0.8780218975825578,0.9436774884934127,0.7956241926323322,0.7937843642239987,-0.8050974851452366,-0.5280664958020675,-0.10002797044853652,-0.45676823451094595,-0.3591165735378773,-0.48247493440530387,-0.47029591723808895,0.4788142143513081,0.31414753396884326,0.10100291803409359,0.3071202707829819,0.18552005994593165,0.41193343948175565,0.39931270217842235
83,0.3333333333333333,0.125,1,1,1,False,0.20002578629781637,0.2049463336684561,-2.886579864025407e-17,0.30093522075294155,0.185418916127794,0.09760454882983666,0.10167639345345851,1.380036100816943,0.9558463075504962,0.23925440363848088,0.8919169802851286,0.9434469507601997,0.7960066684941771,0.7940599497820442,-0.7925974851452365,-0.5198676983653384,-0.10002797044853652,-0.38169814752072684,-0.2572002960489055,-0.48166803149772763,-0.4692472097684893,0.4625,0.3034438621615099,0.10100291803409359,0.18767585047187532,0.07491243602286332,0.41290375019057285,0.399963611147421
84,0.375,0.125,1,1,1,False,0.21338834764831843,0.21281194361690212,-2.886579864025407e-17,0.33814311623222953,0.19664099979423122,0.0976505274919574,0.10181627871258,1.398743686707646,0.968803633004683,0.23925440363848088,0.8774927790108092,0.8934409287639328,0.7962893951923382,0.7942420417685394,-0.7800974851452366,-0.5116689009286093,-0.10002797044853652,-0.265748775499366,-0.1645597057819529,-0.4809283329564311,-0.4682886026239371,0.4449025148547635,0.29189824301167133,0.10100291803409359,0.008998620539752316,-0.052485920742837255,0.41390337652351705,0.4006645580814547
85,0.41666666666666663,0.125,1,1,1,True,0.22309977520813068,0.21830860989070497,-2.886579864025407e-17,0.36015643229549643,0.19903587970425837,0.09763248138537282,0.1018894927702622,1.412339685291383,0.9782205497331901,0.23925440363848088,0.8036657612836259,0.8012323998488766,0.7964848662476149,0.7943428738773071,-0.7675974851452366,-0.5034701034918801,-0.10002797044853652,-0.1446542076777489,-0.10240120802895804,-0.48025094971051485,-0.467413107250293,0.4263228567653782,0.2797082252640315,0.10100291803409359,-0.18173242894460906,-0.18373914976444428,0.4149237646113636,0.4014056221189098
86,0.4583333333333333,0.125,3,3,3,True,0.22899390375918835,0.1850024912513052,-2.886579864025407e-17,0.3481159291217162,0.2023528381588247,0.1438680049691738,0.11996397732955863,0.5205914652628636,0.3605742121667991,0.23925440363848088,0.6810175133087927,0.6858660120031238,0.3067991360706493,0.29953454917102385,-0.05509748514523655,-0.036138649598318986,-0.10002797044853652,-0.05933184386023269,-0.06951853457775123,-0.028812561467174175,-0.01640842427320718,-0.9929210711669922,-0.6514503884463905,0.10100291803409359,-0.3458072724920729,-0.30558055601615536,-0.6272043407908467,-0.6264428477001123
87,0.5,0.125,3,3,3,False,0.23096988312782168,0.18549801561038015,-2.886579864025407e-17,0.3083161005566257,0.19215830660350128,0.13756248205555752,0.11583451114748745,0.5233578363789504,0.36249026756206054,0.23925440363848088,0.5587899212505647,0.5613228992955804,0.30849654024969947,0.3012052144650215,-0.04259748514523654,-0.027939852161589847,-0.10002797044853652,-0.03493896827338854,-0.07006333772855965,-0.031225139867930213,-0.019361586530873595,-1.0125,-0.664296022569792,0.10100291803409359,-0.4525056340837242,-0.40558450481873687,-0.629873329597952,-0.6292646339211534
88,0.5416666666666666,0.125,3,3,3,False,0.22899390375918838,0.1834469126541099,-2.886579864025407e-17,0.25589724717382395,0.17653039822946112,0.1298018859424086,0.11072927982310996,0.5205914652628637,0.36057421216679914,0.23925440363848088,0.4570311590713995,0.45831095667210414,0.31053726778308005,0.30333237202669566,-0.030097485145236552,-0.01974105472486071,-0.10002797044853652,-0.05634657341838972,-0.10299044591601814,-0.03397802945240608,-0.02282661958845581,-1.0320789288330077,-0.6771416566931935,0.10100291803409359,-0.5227669310291624,-0.47747483650921774,-0.6332087460164496,-0.6327668977611867
89,0.5833333333333333,0.125,3,3,3,False,0.22309977520813074,0.17887648333380227,-2.886579864025407e-17,0.20531200146243764,0.15342015724007146,0.12012237599056062,0.10431309701610361,0.512339685291383,0.3548588302200589,0.23925440363848088,0.3973622014206398,0.40952893999827106,0.3130184770893341,0.3061019697712499,-0.01759748514523657,-0.01154225728813158,-0.10002797044853652,-0.08617132724571948,-0.14992731605280604,-0.03706252084499055,-0.026890810492969604,-1.051322856765378,-0.689767498455261,0.10100291803409359,-0.5701512725340098,-0.5394199211329223,-0.6374622483085857,-0.6371963270012755
90,0.625,0.125,3,3,3,False,0.21338834764831843,0.17185713497334304,-2.886579864025407e-17,0.15672755953192388,0.13321244803405197,0.10791856051675,0.09611096532062172,0.4987436867076458,0.3454419134915516,0.23925440363848088,0.3813852672799878,0.42254550071097063,0.3160542693492179,0.3097914965613967,-0.005097485145236544,-0.0033434598514024204,-0.10002797044853652,-0.10596652911137026,-0.15211812188708218,-0.04035321169136563,-0.031601990743374095,-1.0699025148547634,-0.7019575162029009,0.10100291803409359,-0.6098474332938891,-0.5935267770801056,-0.6430039532766275,-0.6429073934300237
91,0.6666666666666666,0.125,3,3,3,False,0.2000257862978164,0.16250117658036367,-2.886579864025407e-17,0.1144534516047117,0.11226468548416543,0.09248840815265573,0.08545775375484863,0.480036100816943,0.33248458803736486,0.23925440363848088,0.3917046470526975,0.4411382872029224,0.31973162968046165,0.3148016354098301,0.007402514854763453,0.00485533758532672,-0.10002797044853652,-0.09247833921313439,-0.12333647353783841,-0.04341485525561328,-0.03684881897576056,-1.0875,-0.7135031353527396,0.10100291803409359,-0.6504618446053217,-0.6373750894958712,-0.6503655987829443,-0.6503889168664209
92,0.7083333333333333,0.125,3,3,3,False,0.18324072828613358,0.1509608972079827,-2.886579864025407e-17,0.06942511774908144,0.0942820166096782,0.07757627231023753,0.07146983942383142,0.456537019600587,0.31620855728846886,0.23925440363848088,0.4029066957066099,0.443526646273663,0.31653851687943807,0.3216285666876555,0.019902514854763437,0.01305413502205585,-0.10002797044853652,-0.062400765166535276,-0.08203585407099989,-0.03886508189045838,-0.0420214307036174,-1.103814214351308,-0.7242068071600729,0.10100291803409359,-0.6908501033033945,-0.670619493173191,-0.6593371365319063,-0.6601994122357266
93,0.75,0.125,3,3,3,False,0.16332037060954707,0.1374259602468843,-2.886579864025407e-17,0.017484912856741655,0.07833314674274103,0.06630111203356628,0.05671500656157144,0.4286485188533659,0.2968923086435456,0.23925440363848088,0.4120945507771534,0.4354811908892685,0.31291366217326677,0.3234860143559446,0.03240251485476345,0.021252932458785,-0.10002797044853652,-0.04291314357735587,-0.03697780723029614,-0.033390919457105754,-0.03995908134001318,-1.118566017177982,-0.733885388832659,0.10100291803409359,-0.7216895593168181,-0.6967802459810881,-0.6672103440872308,-0.6709669867611003
94,0.7916666666666666,0.125,3,3,3,False,0.14060555611086997,0.12212015823211939,-2.886579864025407e-17,-0.023822466209945367,0.0655486103504569,0.05776301291817661,0.0473247419216152,0.39684777855521797,0.2748663484723855,0.23925440363848088,0.41049281071651794,0.4206202885559235,0.3098924371438406,0.31910342790034496,0.04490251485476343,0.02945172989551413,-0.10002797044853652,-0.022962616434087167,-0.004785321475653734,-0.02839523431938245,-0.03242608960380238,-1.1315030010436853,-0.7423732771546699,0.10100291803409359,-0.735689743265157,-0.7179021574629407,-0.6738411478912949,-0.6792816253890405
95,0.8333333333333333,0.125,3,3,3,False,0.11548494156391093,0.1052975836907835,-2.886579864025407e-17,-0.039904387282961355,0.053020905424500914,0.051254106415851854,0.040832219192280694,0.3616789181894753,0.2505075470602671,0.23925440363848088,0.39827577568492456,0.4030348962625063,0.3073952345348446,0.3153627871842878,0.05740251485476344,0.037650527332243285,-0.10002797044853652,0.0007699165760118882,0.017105293635951587,-0.024018969671974418,-0.02611085792571557,-1.1424038105676657,-0.7495252420036291,0.10100291803409359,-0.7428902941132924,-0.7242150326581664,-0.679369498736754,-0.6858127520602437
96,0.875,0.125,3,3,3,False,0.08838834764831846,0.08723828154843054,-2.886579864025407e-17,-0.03710052705892512,0.04416332801744515,0.04623305205894891,0.03625488851241278,0.32374368670764586,0.2242326902528873,0.23925440363848088,0.375073711343488,0.3844380513855955,0.3053189947798369,0.31224073898227633,0.06990251485476345,0.04584932476897243,-0.10002797044853652,0.014115667868634716,0.035556915311224,-0.02024741985361607,-0.020953828033238277,-1.151081929876693,-0.7552189112780715,0.10100291803409359,-0.7393850124148831,-0.7281563560688145,-0.6839773262948036,-0.6909356577624202
97,0.9166666666666666,0.125,3,3,3,False,0.05977940459858369,0.06824345748275375,-2.886579864025407e-17,-0.036182760934295996,0.035882271986021466,0.04230675125696664,0.03295068028464185,0.2836911664380172,0.19649134813498698,0.23925440363848088,0.35772716101844565,0.36508871245063296,0.30357394487137984,0.3096323927939872,0.08240251485476344,0.054048122205701564,-0.10002797044853652,0.02840881916355101,0.04737842171389638,-0.017011887513572455,-0.016750295015250667,-1.1573888739433602,-0.7593568647181279,0.10100291803409359,-0.7392617052365588,-0.7279354205675623,-0.6878353169925421,-0.6949936476290409
98,0.9583333333333333,0.125,3,3,3,False,0.030147619362184998,0.04863032421092983,-2.886579864025407e-17,-0.026399167471033703,0.02833859391389593,0.03919398298476617,0.030509113858668314,0.24220666710705901,0.16775818276155652,0.23925440363848088,0.34059568596249057,0.3449096065036322,0.3020895849580125,0.30743521677597285,0.09490251485476345,0.06224691964243071,-0.10002797044853652,0.0306233437778622,0.054587556148545144,-0.014232730847387354,-0.013298894203949585,-1.1612167292060716,-0.7618683007931817,0.10100291803409359,-0.7358337285634057,-0.7280824741339271,-0.6910874796822934,-0.6982522415489711
99,1.0,0.125,3,3,3,False,2.8285652807192507e-17,0.028726673892080463,-2.886579864025407e-17,-0.018950283213887444,0.023354951926586556,0.036693384602955646,0.028665594758559496,0.20000000000000004,0.13852482655847362,0.23925440363848088,0.3268793359155747,0.32635805581824084,0.3008122870797938,0.30556558962625624,0.10740251485476346,0.07044571707915986,-0.10002797044853652,0.035869236728954215,0.053063744130978224,-0.01183569338384717,-0.010435209710815414,-1.1625,-0.7627102481356872,0.10100291803409359,-0.734440224938176,-0.7258330199002518,-0.6938501429499586,-0.7009068224330505
100,0.0,0.16666666666666666,1,1,1,False,0.0,0.08049359045161068,-2.886579864025407e-17,0.0945827771839284,0.10559837951356095,0.0835602827622675,0.08695749891912931,1.1,0.7618865460716049,0.23925440363848088,0.679986146911593,0.6155083882386098,0.783317447579834,0.7823713425097383,-0.875,-0.57391582057104,-0.10002797044853652,-0.536962111925133,-0.5628225020247106,-0.48728493421369146,-0.47840548319164344,0.55,0.3608521604082821,0.10100291803409359,0.40693449766378614,0.37448387066270483,0.4147623594613357,0.40537884937327706
101,0.041666666666666664,0.16666666666666666,1,1,1,False,0.028259749580453856,0.09822742854177453,-2.886579864025407e-17,0.10404023154228147,0.11191830917716616,0.08532244935983184,0.08883013634561218,1.1395636494126355,0.7892892844361328,0.23925440363848088,0.6854550667064444,0.6302062606762415,0.7854791396244745,0.7844149934005333,-0.8625,-0.5657170231343108,-0.10002797044853652,-0.5308154981140502,-0.5454517544108155,-0.4863902663111505,-0.4770838484074825,0.5487167292060715,0.36001021306577674,0.10100291803409359,0.4101770316878748,0.368393830936283,0.4140325091117361,0.4042218551380152
102,0.08333333333333333,0.16666666666666666,1,1,1,False,0.05603596701050335,0.1156077958172024,-2.886579864025407e-17,0.11464398922718759,0.119106384329008,0.08718380140756932,0.09080598726076011,1.1784503538147049,0.8162231543497692,0.23925440363848088,0.6962666771784158,0.657045037977258,0.7877363307175846,0.786541421837289,-0.8500000000000001,-0.5575182256975818,-0.10002797044853652,-0.5235504641131495,-0.5279244281257498,-0.48549274181808666,-0.4757300674995606,0.5448888739433603,0.35749877699072297,0.10100291803409359,0.4131621644209177,0.3635531101188224,0.4132751453718402,0.403008555593378
103,0.125,0.16666666666666666,1,1,1,False,0.08285339350889795,0.13232951538611637,-2.886579864025407e-17,0.12694580334063016,0.12735231770043115,0.08914911249424103,0.09288949622543392,1.2159947509124571,0.8422273098308122,0.23925440363848088,0.7105531549035949,0.7192478262885951,0.7900895125309568,0.78874976840307,-0.8375,-0.5493194282608526,-0.10002797044853652,-0.5125638641208661,-0.5039578103055431,-0.4845992709561102,-0.4743486273100039,0.538581929876693,0.3533608235506664,0.10100291803409359,0.418086185581211,0.3517934761597891,0.41249124739250465,0.4017377775171389
104,0.16666666666666666,0.16666666666666666,1,1,1,False,0.10825317547305482,0.1480986800016088,-2.886579864025407e-17,0.1433206219431168,0.13617420343815032,0.09122286309982923,0.09508463289097353,1.251554445662277,0.8668568125692675,0.23925440363848088,0.7477418610499903,0.8033211335937531,0.7925378251041716,0.7910377340256298,-0.8250000000000001,-0.5411206308241234,-0.10002797044853652,-0.5083950516799574,-0.4834193201244635,-0.4837185415208904,-0.4729455779583671,0.5299038105676658,0.34766715427622413,0.10100291803409359,0.4145505029751056,0.3378701522810824,0.4116825867947855,0.40040902276108575
105,0.20833333333333331,0.16666666666666666,1,1,1,False,0.1318007155914173,0.16263768089612313,-2.886579864025407e-17,0.166345370183921,0.14657146124042825,0.09340904750040187,0.09739464642248236,1.2845210018279842,0.8896902449446913,0.23925440363848088,0.7995969858651725,0.8662345863435159,0.7950786534233207,0.7934011973229544,-0.8125000000000001,-0.5329218333873943,-0.10002797044853652,-0.5082525029668729,-0.4791627276254545,-0.48286136675949665,-0.47152886668403027,0.5190030010436852,0.34051518942726494,0.10100291803409359,0.40036090446395245,0.3150617919951507,0.4108519671249673,0.39902272039536424
106,0.25,0.16666666666666666,1,1,1,False,0.15309310892394862,0.17568995774443447,-2.886579864025407e-17,0.20303670221781,0.15801058186008612,0.09378580412091743,0.09788309927493571,1.3143303524935281,0.9103369205985173,0.23925440363848088,0.8581234132371574,0.9127376852335454,0.7956560326350959,0.7938501368769523,-0.8,-0.5247230359506652,-0.10002797044853652,-0.5063323530860737,-0.46509622680963786,-0.481883126403271,-0.4702391588727907,0.5060660171779822,0.3320273011052539,0.10100291803409359,0.36342037463803123,0.27629354947053913,0.41184068670539375,0.39961967496079454
107,0.29166666666666663,0.16666666666666666,1,1,1,False,0.1717660367173625,0.18702438848194644,-2.886579864025407e-17,0.25015144910773096,0.17135827629187395,0.09405077812569504,0.0982561179808548,1.3404724514043076,0.9284435691859682,0.23925440363848088,0.9009968362475659,0.9561661425194902,0.7960915281631746,0.7941650873378978,-0.7875000000000001,-0.516524238513936,-0.10002797044853652,-0.4724135431391046,-0.3906135517326089,-0.48099404932902157,-0.46906934901362085,0.4913142143513081,0.32234871943266785,0.10100291803409359,0.30137734272071026,0.19301358577892086,0.4128834346585451,0.4002976888574806
108,0.3333333333333333,0.16666666666666666,1,1,1,False,0.1875,0.19643924386729517,-2.886579864025407e-17,0.30732046454906503,0.1810967360284581,0.094219481215945,0.09852920160268869,1.3625,0.9437003809296014,0.23925440363848088,0.90641644491524,0.9609708648705616,0.7964042336423214,0.794364882693681,-0.775,-0.5083254410772068,-0.10002797044853652,-0.38835625779979904,-0.2671095982220407,-0.4801873507867478,-0.4680097764760338,0.475,0.3116450476253345,0.10100291803409359,0.17325330294296307,0.0740799047209936,0.41396609504811877,0.40104089580082986
109,0.375,0.16666666666666666,1,1,1,False,0.2000257862978164,0.20376563912559925,-2.886579864025407e-17,0.3699248167586567,0.19670822640435312,0.09430554932074374,0.09871597498887255,1.380036100816943,0.9558463075504962,0.23925440363848088,0.8682775802101986,0.8885719137222614,0.796610912059752,0.794465967133056,-0.7625000000000001,-0.5001266436404778,-0.10002797044853652,-0.2508656597661162,-0.16081893122859298,-0.47945643876194016,-0.4670511598351705,0.45740251485476346,0.30009942847549587,0.10100291803409359,-0.018248452613471973,-0.06670676929093862,0.4150767355883811,0.40183562798877526
110,0.41666666666666663,0.16666666666666666,1,3,1,True,0.20912907593445199,0.2088704236137815,-2.886579864025407e-17,0.4068211240196258,0.20389315001587166,0.09432092348262079,0.09882837897173122,1.392780706308233,0.9646735288766817,0.23925440363848088,0.7820339336512,0.7822275051758504,0.7967262400026308,0.7944826619536391,-0.7500000000000001,-0.49192784620374863,-0.10002797044853652,-0.10791892502753572,-0.09968720226567025,-0.4787950090204709,-0.4661847101352041,0.43882285676537813,0.2879094107278561,0.10100291803409359,-0.22943017610729044,-0.20857834203068176,0.4162053285434355,0.4026701718925443
111,0.4583333333333333,0.16666666666666666,3,3,3,True,0.21465410910031524,0.17532646129928453,-2.886579864025407e-17,0.3902887195028552,0.20157056823186037,0.14636488992071045,0.12030611979873626,0.5005157527404414,0.34666928919076745,0.23925440363848088,0.6548248858261789,0.6734438964039456,0.30298317502513455,0.29637605039519693,-0.037500000000000026,-0.024596392310187447,-0.10002797044853652,-0.017711344118818917,-0.07105762438240792,-0.025028186113143544,-0.011945762908942073,-0.9804210711669923,-0.6432492029825659,0.10100291803409359,-0.39130605882770286,-0.3364879434044928,-0.6272329249942785,-0.6268402733840266
112,0.5,0.16666666666666666,3,3,3,False,0.21650635094610968,0.17574224966500937,-2.886579864025407e-17,0.3389514928332271,0.1919857780179763,0.13996043963921456,0.1160403771263413,0.5031088913245536,0.34846535955379865,0.23925440363848088,0.5318419399945095,0.5456685677344998,0.3044418496053015,0.2978016708114116,-0.025000000000000022,-0.016397594873458297,-0.10002797044853652,-0.0007015940905623782,-0.07591710500570786,-0.027375048293951848,-0.01481734160494625,-1.0,-0.6560948371059674,0.10100291803409359,-0.4860269173008073,-0.4322582691020194,-0.6300494056724921,-0.6298336021976905
113,0.5416666666666666,0.16666666666666666,3,3,3,False,0.21465410910031527,0.17377088270208926,-2.886579864025407e-17,0.25907948247665097,0.1759779392166308,0.13192656406102787,0.11068411749836468,0.5005157527404414,0.34666928919076745,0.23925440363848088,0.43119406883735956,0.4448981777419787,0.30624708704401443,0.29967455194502013,-0.012500000000000039,-0.008198797436729167,-0.10002797044853652,-0.04198028908022803,-0.12853335709502864,-0.030145475148578474,-0.018289438339035388,-1.0195789288330077,-0.668940471229369,0.10100291803409359,-0.5449361492577042,-0.5002165815002053,-0.633625144795458,-0.6336017939481704
114,0.5833333333333333,0.16666666666666666,3,3,3,False,0.209129075934452,0.16943829705687882,-2.886579864025407e-17,0.1864067706145955,0.15521690898552662,0.121662780192838,0.10381791806130974,0.4927807063082328,0.34131180936355027,0.23925440363848088,0.378401116818888,0.39831406656443097,0.30852955755557043,0.30220843715601126,-4.163336342344337e-17,-2.7307481065483226e-17,-0.10002797044853652,-0.09555229495473616,-0.19426850315343003,-0.03339391828142887,-0.022518855075045772,-1.038822856765378,-0.6815663129914366,0.10100291803409359,-0.5780153988085839,-0.5618398864799427,-0.6382796183400758,-0.638457766326155
115,0.625,0.16666666666666666,3,3,3,False,0.2000257862978164,0.16281083048204018,-2.886579864025407e-17,0.13293976369876537,0.13075988272191685,0.10832799121556161,0.094817965128591,0.4800361008169429,0.33248458803736486,0.23925440363848088,0.37004009113839953,0.4095611906730728,0.3114767484371532,0.305747209112985,0.012499999999999983,0.008198797436729133,-0.10002797044853652,-0.12478049198048771,-0.19016174548117676,-0.03708777332588256,-0.027663556762067,-1.0574025148547634,-0.6937563307390763,0.10100291803409359,-0.6193163388926316,-0.611666062755242,-0.6445098600856937,-0.6448777025211913
116,0.6666666666666666,0.16666666666666666,3,3,3,False,0.18750000000000003,0.1539940867792027,-2.886579864025407e-17,0.09646522862034551,0.10709702055316314,0.0908490823679372,0.08276232702534013,0.4625,0.3203386614164702,0.23925440363848088,0.3819281216976469,0.4222676995410448,0.31532360542546134,0.3108367796041775,0.024999999999999967,0.016397594873458265,-0.10002797044853652,-0.10055864499404732,-0.162782860125803,-0.040883662927480344,-0.03375727875255894,-1.075,-0.7053019498889149,0.10100291803409359,-0.6642846891715212,-0.6546747805964452,-0.6530866712836969,-0.6535717402320684
117,0.7083333333333333,0.16666666666666666,3,3,3,False,0.1717660367173626,0.14313112888863808,-2.886579864025407e-17,0.0642625224369005,0.08740202040217812,0.07345527112994325,0.06636876036094665,0.4404724514043076,0.30508184967283697,0.23925440363848088,0.39802573215125236,0.43233599992562455,0.3134818443137548,0.31823897492721764,0.03749999999999995,0.024596392310187395,-0.10002797044853652,-0.0642806459042614,-0.10839993813712753,-0.03742361631831467,-0.04024229560936525,-1.0913142143513082,-0.7160056216962483,0.10100291803409359,-0.7133260149065863,-0.6859301004401204,-0.6630389137834553,-0.665444600050257
118,0.75,0.16666666666666666,3,3,3,False,0.15309310892394865,0.13040003104268746,-2.886579864025407e-17,0.014511762955312275,0.07104415705346648,0.06121760128568583,0.04967408679639972,0.4143303524935281,0.28697520108538604,0.23925440363848088,0.40720227902758943,0.4316094040316827,0.3098223667674943,0.3205097197943457,0.04999999999999996,0.032795189746916545,-0.10002797044853652,-0.04309480999749982,-0.02595805281105862,-0.03139689926699575,-0.03824206183243012,-1.1060660171779821,-0.7256842033688343,0.10100291803409359,-0.7440293807682021,-0.7150946557693827,-0.6714687961895008,-0.677675945233648
119,0.7916666666666666,0.16666666666666666,3,3,3,False,0.13180071559141734,0.11601083186627548,-2.886579864025407e-17,-0.03230724348989951,0.05735861021558157,0.05241831526340911,0.040539592001388326,0.3845210018279843,0.26632852543156016,0.23925440363848088,0.40933017269140515,0.41668490733924923,0.30684373260678566,0.3159210498071528,0.06249999999999997,0.04099398718364569,-0.10002797044853652,-0.018511165371980783,0.02886040785803126,-0.025978339641263413,-0.02979281564273059,-1.1190030010436853,-0.7341720916908455,0.10100291803409359,-0.7626907222435902,-0.7295876854013617,-0.6783742197222163,-0.6858158857880586
120,0.8333333333333333,0.16666666666666666,3,3,3,False,0.10825317547305491,0.100201940557803,-2.886579864025407e-17,-0.05026966841073481,0.046165866759411645,0.04601597096107243,0.03469112574605232,0.3515544456622769,0.2434950930561362,0.23925440363848088,0.3885349017050875,0.39433006404987603,0.30443828429429753,0.31211321193334474,0.07499999999999996,0.049192784620374824,-0.10002797044853652,0.008118124526047646,0.03788238440904992,-0.02134469419048676,-0.023008632846978964,-1.1299038105676658,-0.7413240565398046,0.10100291803409359,-0.757363167134713,-0.7329452091488298,-0.6839692244474521,-0.6919632930283786
121,0.875,0.16666666666666666,3,3,3,False,0.08285339350889798,0.0832360576416636,-2.886579864025407e-17,-0.05248982032100449,0.035498303798562995,0.04127371800176529,0.03082543797604454,0.31599475091245716,0.21886559031768096,0.23925440363848088,0.3646224912067257,0.3709570033989704,0.3024759771610406,0.3090156305493802,0.08749999999999997,0.05739158205710398,-0.10002797044853652,0.0276742502789413,0.0473266987088761,-0.01744739494245973,-0.017676976114508455,-1.138581929876693,-0.747017725814247,0.10100291803409359,-0.7495108873903034,-0.732476053704354,-0.6885122322739521,-0.6966243089915578
122,0.9166666666666666,0.16666666666666666,3,3,3,False,0.0560359670105034,0.06539568008943689,-2.886579864025407e-17,-0.03803777383572738,0.02816553801737668,0.03769325270432141,0.02818270981189372,0.2784503538147048,0.19286143483663792,0.23925440363848088,0.3409548424527474,0.3452948195235147,0.3008510217282331,0.3064818460835814,0.09999999999999995,0.0655903794938331,-0.10002797044853652,0.030094168845803914,0.061540994917722955,-0.014176705114079357,-0.013463814994048265,-1.1448888739433603,-0.7511556792543035,0.10100291803409359,-0.7404387392746745,-0.7323925933796698,-0.6922299540474488,-0.7002169601296178
123,0.9583333333333333,0.16666666666666666,3,3,3,False,0.028259749580453946,0.046978267718381435,-2.886579864025407e-17,-0.02804784639544973,0.021307043849963552,0.03493949709978893,0.026319133760986685,0.23956364941263553,0.16592756492300156,0.23925440363848088,0.323668653190857,0.32053486455053726,0.2994848013787972,0.3043841381455,0.11249999999999996,0.07378917693056225,-0.10002797044853652,0.03539132804056719,0.05342889874804138,-0.011420474952316654,-0.010088724346882566,-1.1487167292060716,-0.7536671153293573,0.10100291803409359,-0.7364722468433427,-0.7281875436355112,-0.6953029198819867,-0.7030402971897328
124,1.0,0.16666666666666666,3,3,3,False,2.6514380968122673e-17,0.028291153571490275,-2.886579864025407e-17,-0.017997844878403224,0.015394662439407082,0.032784956244383635,0.02496865826393256,0.20000000000000004,0.13852482655847362,0.23925440363848088,0.3096034332558376,0.3024039922842356,0.2983200212285314,0.3026246750281118,0.12499999999999997,0.08198797436729141,-0.10002797044853652,0.038675191621520055,0.05729219136055339,-0.009081737200895617,-0.007342834652761842,-1.15,-0.7545090626718625,0.10100291803409359,-0.7337025942021843,-0.7236869511093206,-0.6978699576467025,-0.7053014440901118
125,0.0,0.20833333333333331,1,1,1,False,0.0,0.08010483406470294,-2.886579864025407e-17,0.08392010537787159,0.09755578332778084,0.0793545301919631,0.08285084687208422,1.1,0.7618865460716049,0.23925440363848088,0.7065037630002576,0.631662271745451,0.7829858925363169,0.7820342400469273,-0.8586857856486919,-0.5632152654665796,-0.10002797044853652,-0.5349273036112361,-0.5623616523342196,-0.4862722853453655,-0.4778111905662741,0.5625,0.3690533458721067,0.10100291803409359,0.4021572547924005,0.37617035654513004,0.41586642930783946,0.4067475141163712
126,0.041666666666666664,0.20833333333333331,1,1,1,False,0.02588834764831844,0.09631054968762276,-2.886579864025407e-17,0.09486908765514299,0.10348113656480352,0.08109507388607325,0.08472468335649563,1.136243686707646,0.7869897981466863,0.23925440363848088,0.7070602675889981,0.6400599494477,0.7853051376561528,0.7842259144720631,-0.846185785648692,-0.5550164680298505,-0.10002797044853652,-0.5302324615287959,-0.5501088115284368,-0.4852519163980624,-0.47635542567207206,0.5612167292060716,0.36821139852960133,0.10100291803409359,0.4038701384687133,0.3729604726443364,0.4151077059338426,0.40553957991016915
127,0.08333333333333333,0.20833333333333331,1,1,1,False,0.05133373849076818,0.1121889410948967,-2.886579864025407e-17,0.10668352843505505,0.11041316055205216,0.08294418885246492,0.08671366809520645,1.1718672338870755,0.8116635266188267,0.23925440363848088,0.709835549811538,0.6464970373632586,0.7877367438467524,0.786514923127408,-0.833685785648692,-0.5468176705931214,-0.10002797044853652,-0.5215760795682227,-0.5334795845394327,-0.4842234765962352,-0.4748593898707738,0.5573888739433602,0.36569996245454756,0.10100291803409359,0.4076734862358392,0.3662034017445177,0.41431704050187046,0.40426660712591433
128,0.125,0.20833333333333331,1,1,1,False,0.07590079483523975,0.12746053061827742,-2.886579864025407e-17,0.11686181580140188,0.11843207793901457,0.08490799269100686,0.08882374676748173,1.2062611127693357,0.835485557153018,0.23925440363848088,0.7325370457422337,0.7196039828789539,0.7902815975647179,0.7889003875585188,-0.8211857856486919,-0.5386188731563921,-0.10002797044853652,-0.5141160497195356,-0.5143041678178135,-0.4831953148233212,-0.47332850803693743,0.551081929876693,0.3615620090144911,0.10100291803409359,0.40962876444837637,0.3597871567450923,0.41349542747643875,0.40292684046304483
129,0.16666666666666666,0.20833333333333331,1,1,1,False,0.0991691675364044,0.14185622313798826,-2.886579864025407e-17,0.1271436615049224,0.12770507547395038,0.08699234405033286,0.0910603791335805,1.2388368345509662,0.8580482882021052,0.23925440363848088,0.7637260427540572,0.7795478468373667,0.7929387438943241,0.7913794560572143,-0.808685785648692,-0.5304200757196631,-0.10002797044853652,-0.5123323923710843,-0.5019089135147167,-0.4821782288432968,-0.4717703535123895,0.5424038105676658,0.3558683397400487,0.10100291803409359,0.4057879013838859,0.3442868858925797,0.4126448883432346,0.40151937126115583
130,0.20833333333333331,0.20833333333333331,1,1,1,False,0.12074072828613354,0.15512191037482997,-2.886579864025407e-17,0.14885341656285764,0.13824684084672895,0.08920259519100586,0.09342821032515111,1.269037019600587,0.8789656651822678,0.23925440363848088,0.8081719139684246,0.8412729451619195,0.7957047703915778,0.7939467183582452,-0.796185785648692,-0.522221278282934,-0.10002797044853652,-0.5212861996200047,-0.4975855455978889,-0.4811860048464929,-0.4701951582652928,0.5315030010436853,0.3487163748910896,0.10100291803409359,0.3879926374213608,0.31797961841418,0.4117688203114386,0.40004449910825585
131,0.25,0.20833333333333331,1,1,1,False,0.14024638169923276,0.16702281875328967,-2.886579864025407e-17,0.18384887530991376,0.1509543794403547,0.08967537500107865,0.09402512978421493,1.296344934378926,0.8978797859739828,0.23925440363848088,0.8609717312091887,0.8889285364521281,0.7962079174065568,0.7943118696646722,-0.783685785648692,-0.5140224808462047,-0.10002797044853652,-0.5179569460576197,-0.4859101229447583,-0.48019397233983563,-0.468872319619353,0.5185660171779821,0.3402284865690785,0.10100291803409359,0.35664170841161885,0.27400975860713045,0.41288844801622426,0.4007411784706395
132,0.29166666666666663,0.20833333333333331,1,1,1,False,0.1573523806378151,0.1773475264425097,-2.886579864025407e-17,0.23252357896858172,0.16428401033504153,0.09002040924250879,0.09448883906988839,1.3202933328929412,0.9144670247265186,0.23925440363848088,0.9024286541682969,0.9333741006962915,0.7965565935316067,0.7945320225949585,-0.771185785648692,-0.5058236834094757,-0.10002797044853652,-0.48084665346763994,-0.4071571681657944,-0.47930534313044426,-0.46768731296111754,0.5038142143513081,0.3305499048964925,0.10100291803409359,0.30322931337533526,0.18734054645744597,0.414064594513855,0.40152575320352596
133,0.3333333333333333,0.20833333333333331,1,1,1,False,0.17176603671736254,0.18591158084243073,-2.886579864025407e-17,0.2974919232803856,0.17801974911787338,0.09025641038035012,0.09483818733570769,1.3404724514043076,0.9284435691859682,0.23925440363848088,0.9035463982160669,0.9298336783604869,0.796773941049865,0.7946299385976981,-0.7586857856486919,-0.49762488597274646,-0.10002797044853652,-0.3921696769721591,-0.2830278755946964,-0.47851094458283383,-0.46662747912382,0.4875,0.3198462330891591,0.10100291803409359,0.16431759261325124,0.06161812978296537,0.4152799470317662,0.40237869313864927
134,0.375,0.20833333333333331,1,1,1,False,0.18324072828613355,0.1925606546189185,-2.886579864025407e-17,0.38269347963963735,0.18977276565679801,0.09039966661756724,0.09508959304359635,1.356537019600587,0.9395702768016001,0.23925440363848088,0.8519196804026015,0.8462158849856367,0.7968799692970072,0.7946251745560818,-0.746185785648692,-0.4894260885360174,-0.10002797044853652,-0.23720194751367954,-0.18868185676099802,-0.4778020385453281,-0.4656808522452734,0.4699025148547635,0.30830061393932046,0.10100291803409359,-0.058721200837259596,-0.08694926943174108,0.4165201853108577,0.40328349359130855
135,0.41666666666666663,0.20833333333333331,1,3,1,True,0.19158012019000092,0.1971731862872387,-2.886579864025407e-17,0.43798046479938,0.19899584164963233,0.09046429528474963,0.09525730818528894,1.3682121682660013,0.9476567665212047,0.23925440363848088,0.7498495980599988,0.7377714035459275,0.7968919265030503,0.7945344864379291,-0.733685785648692,-0.48122729109928825,-0.10002797044853652,-0.07949845339348521,-0.13920592352636135,-0.4771704266247187,-0.4648362842075823,0.45132285676537814,0.2961105961916807,0.10100291803409359,-0.2912476333135515,-0.2303795047220873,0.41777354998280525,0.4042262904227407
136,0.4583333333333333,0.20833333333333331,3,3,3,True,0.19664152312137329,0.16333046239706014,-2.886579864025407e-17,0.42551702787783413,0.19760146846866014,0.14906930554936176,0.12055025119298124,0.4752981323699226,0.3292029567505498,0.23925440363848088,0.628336183742864,0.6325692537000703,0.29859304377503193,0.29280068303221324,-0.021185785648691932,-0.013895837205727077,-0.10002797044853652,0.0028400388565505987,-0.11434406417376175,-0.020534868479741446,-0.0066419441614448405,-0.9679210711669923,-0.6350480175187414,0.10100291803409359,-0.44104136383972325,-0.35459407619140354,-0.6273106309679327,-0.6274070652679181
137,0.5,0.20833333333333331,3,3,3,False,0.19833833507280882,0.16364609232467606,-2.886579864025407e-17,0.3601471348308199,0.18903575747489815,0.14263033551886975,0.1161598226175963,0.4776736691019323,0.3308483108194744,0.23925440363848088,0.5188908345910501,0.5079264393251091,0.29968258899705946,0.29387963326746913,-0.008685785648691921,-0.005697039768997927,-0.10002797044853652,0.0001520004516080267,-0.11864820501151017,-0.02267995280851895,-0.00929052633390319,-0.9875,-0.6478936516421429,0.10100291803409359,-0.5099835211191001,-0.45067833748436603,-0.6302900849948672,-0.6306056403953291
138,0.5416666666666666,0.20833333333333331,3,3,3,False,0.1966415231213733,0.16177488379986488,-2.886579864025407e-17,0.2487487830733841,0.1732723703587673,0.13439481997478703,0.11056594827965915,0.47529813236992263,0.3292029567505498,0.23925440363848088,0.4130975290441244,0.4046469747363008,0.3010799933698789,0.29536178806828994,0.0038142143513080623,0.002501757667731204,-0.10002797044853652,-0.05048290945512133,-0.15539790380261836,-0.025308279941136963,-0.012609411131198244,-1.0070789288330078,-0.6607392857655444,0.10100291803409359,-0.5520136994970379,-0.5173760244585857,-0.634135160442395,-0.6346902012606719
139,0.5833333333333333,0.20833333333333331,3,3,3,False,0.19158012019000098,0.15774105973033606,-2.886579864025407e-17,0.15364032619837245,0.15195128127950697,0.12360557477372616,0.10325617356190915,0.46821216826600137,0.3242950470080735,0.23925440363848088,0.3572045740463219,0.35478826150064857,0.3029376755826189,0.2974772881203555,0.01631421435130806,0.010700555104460345,-0.10002797044853652,-0.11662974838550337,-0.20750145308325907,-0.028551100692698235,-0.016841629658477467,-1.0263228567653782,-0.673365127527612,0.10100291803409359,-0.5773248378417035,-0.574322192621343,-0.6392495521982025,-0.640056110626019
140,0.625,0.20833333333333331,3,3,3,False,0.18324072828613355,0.15160584597535942,-2.886579864025407e-17,0.10086274215376076,0.12543219260576927,0.10912648217300681,0.09343169741003032,0.45653701960058696,0.31620855728846886,0.23925440363848088,0.3464321292624827,0.36677683875276396,0.3055141369437512,0.30062879505759377,0.02881421435130807,0.018899352541189494,-0.10002797044853652,-0.14435686323628216,-0.20614566257479677,-0.03251770051158939,-0.022306841320961154,-1.0449025148547635,-0.6855551452752517,0.10100291803409359,-0.6202924623622857,-0.62263689305856,-0.6462973433800594,-0.6473394459954993
141,0.6666666666666666,0.20833333333333331,3,3,3,False,0.17176603671736257,0.14346642375433827,-2.886579864025407e-17,0.08004241825486737,0.10082424638525911,0.08937506592456353,0.07985117702340715,0.4404724514043076,0.30508184967283697,0.23925440363848088,0.3582037778036476,0.38573351711469767,0.3092359258052481,0.30552329340550605,0.04131421435130808,0.027098149977918647,-0.10002797044853652,-0.11448350369158732,-0.17088142663385497,-0.0370839611973863,-0.0293099128419177,-1.0625,-0.6971007644250904,0.10100291803409359,-0.6685594315263473,-0.6631268900759684,-0.6563891956733605,-0.657563018200326
142,0.7083333333333333,0.20833333333333331,3,3,3,False,0.15735238063781515,0.1334542668492013,-2.886579864025407e-17,0.062062505322759844,0.07951323011876096,0.06853732209825276,0.060747480875417044,0.42029333289294124,0.29110530521338746,0.23925440363848088,0.37739880751241567,0.39614264445317127,0.30903247173925597,0.3132563346228973,0.05381421435130804,0.035296947414647756,-0.10002797044853652,-0.07647327979894765,-0.11629567242709064,-0.035318182204605045,-0.037546126437707966,-1.0788142143513082,-0.7078044362324237,0.10100291803409359,-0.7230883290929062,-0.6928125011351137,-0.6679330963465195,-0.6721546660113177
143,0.75,0.20833333333333331,3,3,3,False,0.14024638169923279,0.12173289205154267,-2.886579864025407e-17,0.02189063225716014,0.06198719266115746,0.055218478946638325,0.04193919160333488,0.39634493437892593,0.2745180664608516,0.23925440363848088,0.39104444424625784,0.40329544467616674,0.3055812146078847,0.31597023646336647,0.06631421435130808,0.04349574485137692,-0.10002797044853652,-0.04984370266770931,-0.038373657300381885,-0.028755473474368763,-0.03585761696838054,-1.0935660171779822,-0.7174830179050098,0.10100291803409359,-0.7647881739534728,-0.7193101003822884,-0.6768312854409708,-0.6860088331666293
144,0.7916666666666666,0.20833333333333331,3,3,3,False,0.1207407282861336,0.10849506134498231,-2.886579864025407e-17,-0.0277349753321829,0.04867580875188646,0.04629619487622668,0.033320713524543334,0.36903701960058705,0.25560394566913675,0.23925440363848088,0.3926667928217196,0.39462848165965214,0.3028385850583282,0.31141612915125394,0.07881421435130806,0.051694542288106056,-0.10002797044853652,-0.02237656177017203,0.019746879994795977,-0.02292897017555847,-0.026414466824476644,-1.1065030010436852,-0.7259709062270207,0.10100291803409359,-0.7805336997816014,-0.7380078199846142,-0.6838759418312259,-0.6934790632627355
145,0.8333333333333333,0.20833333333333331,3,3,3,False,0.09916916753640448,0.09395948369418246,-2.886579864025407e-17,-0.05264714128369133,0.03723987500760363,0.04019857425300065,0.028385060587821913,0.33883683455096625,0.23468656868897406,0.23925440363848088,0.36834378276457147,0.37087120023207426,0.30067820517622473,0.30774632808375674,0.09131421435130807,0.0598933397248352,-0.10002797044853652,0.006960743579898866,0.03186737604802841,-0.01808650582162797,-0.019218998909486446,-1.1174038105676658,-0.73312287107598,0.10100291803409359,-0.7651944915412856,-0.7421040067038993,-0.6893842176127045,-0.698879116987559
146,0.875,0.20833333333333331,3,3,3,False,0.07590079483523977,0.07836707287382463,-2.886579864025407e-17,-0.050312521152423,0.0284385622521777,0.03591760223690483,0.025416664701240037,0.30626111276933565,0.21212383763988674,0.23925440363848088,0.34070187175154903,0.3348057630507243,0.29894975347715114,0.3048437189398327,0.10381421435130808,0.06809213716156436,-0.10002797044853652,0.02342422917531399,0.034575287548222464,-0.01412963831491901,-0.013815379612173096,-1.126081929876693,-0.7388165403504224,0.10100291803409359,-0.748916610039951,-0.7387344687027961,-0.6937168141158438,-0.702823916171301
147,0.9166666666666666,0.20833333333333331,3,3,3,False,0.05133373849076823,0.061976825367131186,-2.886579864025407e-17,-0.04079159982227495,0.019502800802297698,0.03282962906188002,0.023547638951764677,0.27186723388707557,0.1883018071056956,0.23925440363848088,0.31740754197242504,0.30634703653029965,0.29753897891306463,0.30252355269521813,0.11631421435130807,0.07629093459829349,-0.10002797044853652,0.03423456637647109,0.036000458398486715,-0.01089273685603818,-0.009694619233274257,-1.1323888739433603,-0.742954493790479,0.10100291803409359,-0.7394845512493137,-0.7318375135709456,-0.6971677535737932,-0.7057778271958508
148,0.9583333333333333,0.20833333333333331,3,3,3,False,0.025888347648318523,0.04506138886422965,-2.886579864025407e-17,-0.024318375757740547,0.01357222359201896,0.03054594018451097,0.022324304314951596,0.23624368670764595,0.16362807863355514,0.23925440363848088,0.29991980890620923,0.2845431918025545,0.29636568424697424,0.30063840668503,0.12881421435130805,0.08448973203502261,-0.10002797044853652,0.03594408157151835,0.03831372434552609,-0.00822343354640918,-0.006483111308851071,-1.1362167292060716,-0.7454659298655327,0.10100291803409359,-0.7332532698734872,-0.7249158740568808,-0.699956413293124,-0.7080484644055822
149,1.0,0.20833333333333331,3,3,3,False,2.4289440719513054e-17,0.02790239718458253,-2.886579864025407e-17,-0.014796301454604107,0.008271497190321778,0.028818999402807882,0.021497808448565317,0.20000000000000004,0.13852482655847362,0.23925440363848088,0.2855949783543764,0.27057171387730916,0.29537386984053327,0.2990815030136609,0.14131421435130806,0.09268852947175177,-0.10002797044853652,0.039186967029098324,0.04098607267280184,-0.005999169454169666,-0.003925776492580845,-1.1375,-0.7463078772080379,0.10100291803409359,-0.7278246858126209,-0.7131804890835434,-0.702242453643821,-0.7098364230119033
150,0.0,0.25,1,1,1,False,0.0,0.0797730138359844,-2.886579864025407e-17,0.06733693689676266,0.0885276766521583,0.07451295997514758,0.07810598655503329,1.1,0.7618865460716049,0.23925440363848088,0.7381126301623936,0.6914644894546259,0.7825608613378411,0.7816060189840631,-0.8439339828220179,-0.553539502010382,-0.10002797044853652,-0.5311873723129308,-0.5704565280054165,-0.48514025664656696,-0.47715802941504737,0.575,0.37725453133593123,0.10100291803409359,0.395981100300466,0.3777302231434142,0.4172006667862531,0.40839079313170557
151,0.041666666666666664,0.25,1,1,1,False,0.023073988910314314,0.09416516729546445,-2.886579864025407e-17,0.07635725566141416,0.09431998982770212,0.07619598978280577,0.07994989426064758,1.1323035844744402,0.784260788254299,0.23925440363848088,0.7467662673254407,0.6985940573794829,0.7850563964555236,0.7839633203143641,-0.8314339828220179,-0.5453407045736529,-0.10002797044853652,-0.5267604338913392,-0.558039784660125,-0.4839664860925686,-0.47554353004410327,0.5737167292060715,0.3764125839934259,0.10100291803409359,0.39718561847673295,0.3752425141507231,0.41641913180991674,0.4071368509012209
152,0.08333333333333333,0.25,1,1,1,False,0.04575317547305483,0.10826102709072954,-2.886579864025407e-17,0.08852482821756145,0.10065295113767397,0.07799638524420799,0.08192139056216037,1.1640544456622768,0.8062522009499351,0.23925440363848088,0.7511150555964258,0.6957663662075424,0.7876852629261425,0.7864360361619297,-0.8189339828220179,-0.5371419071369238,-0.10002797044853652,-0.5230748762098968,-0.5467255559440697,-0.48277691651736043,-0.4738780056848927,0.5698888739433603,0.3739011479183722,0.10100291803409359,0.3976341697687897,0.3698275805759893,0.4156008501701701,0.40580784209926246
153,0.125,0.25,1,1,1,False,0.06764951251827463,0.12181161516362488,-2.886579864025407e-17,0.09829623600321677,0.10835785540068214,0.07992194543476898,0.08402842159856654,1.1947093175255845,0.8274845049901197,0.23925440363848088,0.7672247034268702,0.7435495709661104,0.7904489237471952,0.7890232839950961,-0.806433982822018,-0.5289431097001948,-0.10002797044853652,-0.5169732419383288,-0.5277034178101491,-0.48158172487917555,-0.47216810878418497,0.563581929876693,0.3697631944783157,0.10100291803409359,0.398419074732784,0.3605259817747781,0.41474684140195583,0.4044012181158716
154,0.16666666666666666,0.25,1,1,1,False,0.08838834764831843,0.13457728320634338,-2.886579864025407e-17,0.11281606416247092,0.1174666608746768,0.08198030637217485,0.08627849371353842,1.2237436867076459,0.8475944097660185,0.23925440363848088,0.7843300031449721,0.7894014498376957,0.7933462666379529,0.7917214034873203,-0.793933982822018,-0.5207443122634656,-0.10002797044853652,-0.5154039276788824,-0.5160310866394178,-0.48039454491091527,-0.470423524083567,0.5549038105676658,0.3640695252038733,0.10100291803409359,0.3928813409654746,0.3466773225961507,0.4138594817029482,0.4029155048893873
155,0.20833333333333331,0.25,1,1,1,False,0.10761483364421984,0.1463318131104152,-2.886579864025407e-17,0.13323439757380834,0.12838669587797755,0.08417862970297973,0.088678233766421,1.2506607671019079,0.8662378292313967,0.23925440363848088,0.8154427056624377,0.8415095329758006,0.796372629517136,0.7945230291614584,-0.7814339828220179,-0.5125455148267364,-0.10002797044853652,-0.5187565172593502,-0.5074258893130038,-0.47923333327046014,-0.4686577762068048,0.5440030010436853,0.3569175603549141,0.10100291803409359,0.37468948437847044,0.3174526329466215,0.41294302455599985,0.40135083331678467
156,0.25,0.25,1,1,1,False,0.125,0.15686628762126334,-2.886579864025407e-17,0.1589101284421644,0.14071846523944115,0.08478100961574218,0.08942005070569316,1.2750000000000001,0.8830957693102693,0.23925440363848088,0.8539729279409531,0.8763883909118293,0.7967645733405069,0.79476603906994,-0.768933982822018,-0.5043467173900074,-0.10002797044853652,-0.5072790524307967,-0.4909021548347774,-0.4782413437648555,-0.46731262080630087,0.5310660171779822,0.34842967203290315,0.10100291803409359,0.34976851230718814,0.2742247496002185,0.41422182518873907,0.40216972625968694
157,0.29166666666666663,0.25,1,1,1,False,0.14024638169923273,0.16599266497035178,-2.886579864025407e-17,0.1955265640592646,0.15517354286156712,0.0852360902369272,0.09000644672273783,1.296344934378926,0.8978797859739828,0.23925440363848088,0.8796608741828883,0.9028690621979294,0.7969901396974112,0.7948541971042563,-0.7564339828220179,-0.4961479199532781,-0.10002797044853652,-0.4644231953238316,-0.41208954568289097,-0.4773698125440699,-0.4661265976669998,0.5163142143513081,0.338751090360317,0.10100291803409359,0.301691664910913,0.1865000871721796,0.4155582551137868,0.4030830947182249
158,0.3333333333333333,0.25,1,1,1,False,0.15309310892394865,0.17354699632198092,-2.886579864025407e-17,0.2592233396410571,0.16949500853541147,0.08556658065582994,0.09046054264732009,1.3143303524935281,0.9103369205985173,0.23925440363848088,0.8737241667300332,0.8813996446623065,0.7970774742667355,0.7948150827004463,-0.743933982822018,-0.48794912251654904,-0.10002797044853652,-0.38078970667564854,-0.29677258380698057,-0.4766061592302441,-0.46508288263675235,0.5,0.3280474185529837,0.10100291803409359,0.1545243419066996,0.04674499397507334,0.4169309004091587,0.40406667030682364
159,0.375,0.25,1,1,1,False,0.16332037060954707,0.17939223098332086,-2.886579864025407e-17,0.3382748949553228,0.18403382963627882,0.0857920408224199,0.09080228383201014,1.3286485188533659,0.9202540281566768,0.23925440363848088,0.8197075563949974,0.7898619665682178,0.7970504559416682,0.7946719227913994,-0.731433982822018,-0.47975032507981985,-0.10002797044853652,-0.24170517946201334,-0.20206099661686094,-0.4759386760027236,-0.46416588458557734,0.4824025148547635,0.31650179940314505,0.10100291803409359,-0.09993154308890624,-0.10658543260083209,0.41832252883372256,0.40510042970061416
160,0.41666666666666663,0.25,1,3,3,True,0.17075317547305482,0.18342056137976373,-2.886579864025407e-17,0.4026206703489715,0.1924467953685688,0.15329739882202242,0.09104880782927408,1.3390544456622768,0.9274614241885996,0.23925440363848088,0.725087485850746,0.674899566660266,0.29218855238185265,0.7944442149642289,-0.7189339828220179,-0.47155152764309066,-0.10002797044853652,-0.09478417948042546,-0.15467810982414992,-0.013711421415599917,-0.4633613608475061,0.46382285676537816,0.30431178165550526,0.10100291803409359,-0.33687735512482314,-0.2506973677361082,-0.6263356446584425,0.40616797158638207
161,0.4583333333333333,0.25,3,3,3,True,0.17526434616249448,0.14922326990671145,-2.886579864025407e-17,0.4121534126450632,0.1923762099804039,0.14815357241907728,0.1172735268078978,0.4453700846274923,0.3084740686367804,0.23925440363848088,0.6037666636490487,0.5684607926431894,0.2925035635799222,0.2883998013932223,-0.006433982822017903,-0.004220073749529577,-0.10002797044853652,-0.020702413907893364,-0.12850699363978002,-0.014982760435995668,-0.0005755290699215668,-0.9554210711669923,-0.6268468320549166,0.10100291803409359,-0.46891854139829625,-0.3721282786426268,-0.6288331415911279,-0.6295748130952612
162,0.5,0.25,3,3,3,False,0.1767766952966369,0.14942003269010481,-2.886579864025407e-17,0.3559731324602814,0.18494166374190418,0.14173956056268705,0.11268065381419047,0.44748737341529166,0.3099405539473009,0.23925440363848088,0.47943898361324166,0.4463821997475974,0.2929203248144939,0.28892766497424244,0.006066017177982108,0.003978723687199572,-0.10002797044853652,-0.014196360582830171,-0.12588628928492865,-0.01653648271212542,-0.002613859036991059,-0.975,-0.6396924661783182,0.10100291803409359,-0.5229198568487474,-0.46610299328443205,-0.631965905537073,-0.6329810431844655
163,0.5416666666666666,0.25,3,3,3,False,0.1752643461624945,0.14766769130951615,-2.886579864025407e-17,0.24569436810009151,0.16995042836689567,0.13356921544114733,0.1068871361403236,0.4453700846274923,0.3084740686367804,0.23925440363848088,0.3652181124994154,0.33598686331354866,0.29350028836448133,0.2897128726223763,0.01856601717798209,0.012177521123928703,-0.10002797044853652,-0.035266939260599844,-0.15517599073273475,-0.018466259897408535,-0.0052105334412692675,-0.9945789288330077,-0.6525381003017198,0.10100291803409359,-0.5605668768251502,-0.530353989320419,-0.6359940742954873,-0.63731231383189
164,0.5833333333333333,0.25,3,3,3,False,0.17075317547305488,0.14398843482286108,-2.886579864025407e-17,0.1455116079987027,0.14784805935371784,0.1229128913898236,0.09940950610023133,0.4390544456622768,0.3040997046754683,0.23925440363848088,0.30369452143781195,0.29808260990607066,0.29435889134280824,0.2909245717220334,0.031066017177982075,0.020376318560657837,-0.10002797044853652,-0.08247155295278906,-0.19930803476979034,-0.020899634754296154,-0.008592646104400574,-1.013822856765378,-0.6651639420637872,0.10100291803409359,-0.5896116474692671,-0.5809770271562449,-0.641328767377521,-0.6429740974062848
165,0.625,0.25,3,3,3,False,0.16332037060954707,0.13843742233976178,-2.886579864025407e-17,0.0903315459978374,0.1199017821120415,0.10867776313101653,0.08951752398455202,0.42864851885336586,0.29689230864354554,0.23925440363848088,0.30743421083134237,0.32138694320798744,0.295724105345356,0.29286998303469886,0.043566017177982114,0.028575115997387,-0.10002797044853652,-0.1255002305190751,-0.18300722293268912,-0.023991755695836302,-0.01308625447650845,-1.0324025148547635,-0.6773539598114272,0.10100291803409359,-0.629153596121921,-0.6257144609833833,-0.6486432066829729,-0.6506160882593424
166,0.6666666666666666,0.25,3,3,3,False,0.15309310892394865,0.13110183923388843,-2.886579864025407e-17,0.07469018047899112,0.09260526065917414,0.0893356023349197,0.07613661121016309,0.4143303524935281,0.28697520108538604,0.23925440363848088,0.32600877632516656,0.3480895856672018,0.29805354211900004,0.2961061006770438,0.0560660171779821,0.03677391343411614,-0.10002797044853652,-0.10701520490971266,-0.14054784571953444,-0.02783759204376096,-0.019088765612435842,-1.05,-0.6888995789612659,0.10100291803409359,-0.6772133402082219,-0.6643939887167355,-0.6590624076082701,-0.6612843801073298
167,0.7083333333333333,0.25,3,3,3,False,0.14024638169923279,0.1220994053770434,-2.886579864025407e-17,0.054952962847064864,0.07008977457703891,0.06345179016425823,0.05793189951530163,0.39634493437892593,0.2745180664608516,0.23925440363848088,0.34161074462283847,0.3561142403999591,0.30215286166760524,0.3015121238609358,0.06856601717798208,0.04497271087084526,-0.10002797044853652,-0.08404652650669442,-0.09506419929163241,-0.03198112272163388,-0.026681257787232637,-1.066314214351308,-0.6996032507685991,0.10100291803409359,-0.7202582827182807,-0.6950518830701206,-0.6743613957686304,-0.676479465513862
168,0.75,0.25,3,3,3,False,0.12500000000000003,0.11157636091951634,-2.886579864025407e-17,0.027374281525305428,0.052515724054955554,0.04869697940013769,0.040261190653364476,0.375,0.259734049797138,0.23925440363848088,0.35434578657004545,0.35539771898887695,0.29946615201906857,0.3039106685943219,0.08106601717798209,0.05317150830757442,-0.10002797044853652,-0.06431895541936317,-0.04221340537938824,-0.02514142690754302,-0.02642085700394514,-1.081066017177982,-0.7092818324411851,0.10100291803409359,-0.7609033383035709,-0.7190524305929609,-0.6834910440146746,-0.6904157543924827
169,0.7916666666666666,0.25,3,3,3,False,0.1076148336442199,0.0997049640805676,-2.886579864025407e-17,-0.009290990682261111,0.038089072345777734,0.03974408141676633,0.03197156445582504,0.35066076710190786,0.24287610971826545,0.23925440363848088,0.3545149601268311,0.340906857157254,0.2973565936188207,0.3013886391206946,0.0935660171779821,0.06137030574430356,-0.10002797044853652,-0.039430437324966386,0.003375464268080032,-0.01903237513874044,-0.01901418640193397,-1.0940030010436852,-0.7177697207631961,0.10100291803409359,-0.7711433693753994,-0.7384701415242134,-0.6904364537657063,-0.6971899365655984
170,0.8333333333333333,0.25,3,3,3,False,0.0883883476483185,0.08668054376253756,-2.886579864025407e-17,-0.03004909121857776,0.02754190213433988,0.03413734319491542,0.027336096915321573,0.3237436867076459,0.22423269025288733,0.23925440363848088,0.33062255572380944,0.3152250339758957,0.2957284767428515,0.29927948471538585,0.10606601717798209,0.0695691031810327,-0.10002797044853652,-0.0135035450892867,0.015329827765328027,-0.014103627682095296,-0.013255919303057922,-1.1049038105676658,-0.7249216856121554,0.10100291803409359,-0.7524290167721257,-0.7449774749502689,-0.695632547215296,-0.7020235221267301
171,0.875,0.25,3,3,3,False,0.06764951251827465,0.07271815741917209,-2.886579864025407e-17,-0.03105113173345479,0.018197814657675178,0.03048242056416388,0.024597704977882495,0.2947093175255845,0.2041227854769886,0.23925440363848088,0.3056087357897955,0.27977509852457316,0.29444384905872345,0.2975611121169398,0.1185660171779821,0.07776790061776184,-0.10002797044853652,0.007698312567297776,0.010839068609199816,-0.010205317767528383,-0.008876339666743895,-1.113581929876693,-0.7306153548865977,0.10100291803409359,-0.7391027444625202,-0.7361732432752375,-0.6995640280390036,-0.7055279506920491
172,0.9166666666666666,0.25,3,3,3,False,0.04575317547305488,0.05804891136296403,-2.886579864025407e-17,-0.02384978028996836,0.01149292582225453,0.02800768175369224,0.022899032501706468,0.26405444566227687,0.18289048143680398,0.23925440363848088,0.2829262297092188,0.25161562323338904,0.29340412774043084,0.29615404146850954,0.13106601717798208,0.08596669805449099,-0.10002797044853652,0.021486629798496196,0.012348230907027746,-0.007106492156452907,-0.005505958733309384,-1.1198888739433603,-0.7347533083266543,0.10100291803409359,-0.7299914143774748,-0.7265266207862,-0.7025964515689325,-0.7081388167816246
173,0.9583333333333333,0.25,3,3,3,False,0.023073988910314387,0.04291600647207134,-2.886579864025407e-17,-0.015600767514045471,0.00610176560435764,0.02743872907745762,0.021802202004084698,0.23230358447444016,0.16089906874116772,0.23925440363848088,0.2648092040281181,0.2415565439297299,0.2920812032423596,0.2949881588239364,0.1435660171779821,0.09416549549122012,-0.10002797044853652,0.03196861853314428,0.02019133881818391,-0.004736977122525238,-0.0028609566981742437,-1.1237167292060715,-0.7372647444017081,0.10100291803409359,-0.7222883545033046,-0.7137541476021616,-0.7039240447056712,-0.7101382010149243
174,1.0,0.25,3,3,3,False,2.1648901405887335e-17,0.027570576955863974,-2.886579864025407e-17,-0.009227486862275962,0.0002732039137035517,0.027075541516626556,0.0210709441798997,0.20000000000000004,0.13852482655847362,0.23925440363848088,0.2491002955317332,0.23274057534387058,0.2910233350840077,0.2940097324012738,0.1560660171779821,0.10236429292794927,-0.10002797044853652,0.039696092918365546,0.026856904513198117,-0.0028946433327752402,-0.0007431193017109813,-1.125,-0.7381066917442134,0.10100291803409359,-0.7123587826736973,-0.6939303808674577,-0.7049631135861283,-0.7117078595539849
175,0.0,0.29166666666666663,1,1,1,False,0.0,0.07950732779650949,-2.886579864025407e-17,0.047645825475379,0.07924763812403088,0.06890387965043648,0.07258483719376509,1.1,0.7618865460716049,0.23925440363848088,0.7791153222486541,0.7611455691890163,0.7820063354760247,0.781052030599722,-0.8309969989563148,-0.5450540851978115,-0.10002797044853652,-0.5235027707768615,-0.5668459625076746,-0.48387333243746067,-0.47644259786756277,0.5875,0.3854557167997559,0.10100291803409359,0.39328291175443114,0.37794363488767785,0.418832813429069,0.41038785094892
176,0.041666666666666664,0.29166666666666663,1,1,1,False,0.019864827824736392,0.09183150994778497,-2.886579864025407e-17,0.05105008956003923,0.0836618790596684,0.07047551867513048,0.07435052997208107,1.1278107589546311,0.7811489488748539,0.23925440363848088,0.7903969095057408,0.7652760389450618,0.784697567023661,0.7835932247704092,-0.8184969989563148,-0.5368552877610823,-0.10002797044853652,-0.515942099056012,-0.5553457373631638,-0.4825106756777344,-0.4746388721466146,0.5862167292060715,0.3846137694572505,0.10100291803409359,0.39214536369726877,0.3743910450450931,0.4180406660942021,0.40909952584110754
177,0.08333333333333333,0.29166666666666663,1,1,1,False,0.03938976293782077,0.10389478199727885,-2.886579864025407e-17,0.0586737972884539,0.08958445798706366,0.07217099017326124,0.0762554977986601,1.155145668112949,0.8000817666255918,0.23925440363848088,0.7980978059361342,0.7676382937977846,0.7875481873248378,0.7862722538864593,-0.8059969989563148,-0.5286564903243532,-0.10002797044853652,-0.5177981481668584,-0.5419726384629534,-0.4811207743618479,-0.47276976420614697,0.5823888739433603,0.38210233338219673,0.10100291803409359,0.3894515759391296,0.36907700100796215,0.41720711537565275,0.4077251161515573
178,0.125,0.29166666666666663,1,1,1,False,0.05824072828613355,0.11548294402670622,-2.886579864025407e-17,0.06951161776116171,0.09668482577929119,0.07400009083403827,0.07831029161344097,1.181537019600587,0.8183610535629356,0.23925440363848088,0.8084186601789477,0.7975900824423917,0.7905604519266666,0.789088202265545,-0.7934969989563148,-0.520457692887624,-0.10002797044853652,-0.5115477983706359,-0.5174186782632801,-0.47971616184039423,-0.4708435924958382,0.576081929876693,0.37796437994214027,0.10100291803409359,0.38639628001433574,0.3598467524942946,0.4163332972598641,0.40626104971197974
179,0.16666666666666666,0.29166666666666663,1,1,1,False,0.07609517862609008,0.12638992538195112,-2.886579864025407e-17,0.08313852574191916,0.10524372346096034,0.07597265790838617,0.08052518296366427,1.2065332500765262,0.8356740460194113,0.23925440363848088,0.8210182210540575,0.831204392429989,0.7937328940298991,0.7920361136566147,-0.7809969989563148,-0.5122588954508949,-0.10002797044853652,-0.5035761730563083,-0.5035129380457424,-0.4783143926487204,-0.46887309462452,0.5674038105676658,0.37227071066769785,0.10100291803409359,0.37871107914263774,0.34555417622920037,0.4154221886263365,0.40470514459318685
180,0.20833333333333331,0.29166666666666663,1,1,1,False,0.09264761936218491,0.13642131059909163,-2.886579864025407e-17,0.09856186604338323,0.11565481838529147,0.0780981947915051,0.08290958264550526,1.229706667107059,0.8517245138940198,0.23925440363848088,0.8422304282939048,0.8690292308973278,0.7970587186894009,0.7951054603048027,-0.7684969989563148,-0.5040600980141658,-0.10002797044853652,-0.4983103994621655,-0.4804677837322797,-0.4769394896097924,-0.4668767598954502,0.5565030010436853,0.36511874581873877,0.10100291803409359,0.35930264979747867,0.31878463718894,0.4144794074528335,0.40305740745814206
181,0.25,0.29166666666666663,1,1,1,False,0.10761483364421986,0.14539766590689,-2.886579864025407e-17,0.120255312716271,0.12817575879050302,0.07887822893354321,0.0838484318589355,1.2506607671019079,0.8662378292313967,0.23925440363848088,0.860564161001098,0.8835137897659349,0.797285598589893,0.7951707904706187,-0.7559969989563148,-0.4958613005774366,-0.10002797044853652,-0.48018370569046714,-0.45602309284070547,-0.4759709225122102,-0.4655286609454824,0.5435660171779821,0.3566308574967277,0.10100291803409359,0.33509006366570243,0.2811199391476298,0.4159533853996584,0.40402681119601025
182,0.29166666666666663,0.29166666666666663,1,1,1,False,0.12074072828613354,0.15315760938836687,-2.886579864025407e-17,0.14937679086248581,0.14209140508942805,0.07948687987699105,0.08460379550370829,1.2690370196005871,0.878965665182268,0.23925440363848088,0.8656271392526569,0.8836090150712522,0.7973371361175228,0.7950750214488767,-0.7434969989563148,-0.4876625031407075,-0.10002797044853652,-0.43589529870349963,-0.39326988469478147,-0.47514294264817314,-0.4643646490097406,0.5288142143513082,0.3469522758241417,0.10100291803409359,0.29671043313870876,0.18682185571728271,0.4174833227691829,0.4050960393807045
183,0.3333333333333333,0.29166666666666663,1,1,1,False,0.13180071559141732,0.15956057227014434,-2.886579864025407e-17,0.2032397825615127,0.15785345772979195,0.07995176827267908,0.08520420950131234,1.2845210018279842,0.8896902449446913,0.23925440363848088,0.8479088357621688,0.8473580897197834,0.7972475009794615,0.7948514672376524,-0.7309969989563148,-0.47946370570397834,-0.10002797044853652,-0.36017058425343784,-0.2872702516269705,-0.4744380554537406,-0.46336206425794296,0.5125,0.3362486040168083,0.10100291803409359,0.12719726368333503,0.03988038794340669,0.4190425602697601,0.40623469202041396
184,0.375,0.29166666666666663,1,1,3,False,0.14060555611086994,0.16448920409313134,-2.886579864025407e-17,0.26517453934165286,0.17095207361275933,0.1532710888668089,0.08567405825622618,1.296847778555218,0.8982280679855168,0.23925440363848088,0.7901371635422396,0.7346776712515117,0.28626807257891773,0.7945274720331499,-0.7184969989563148,-0.47126490826724915,-0.10002797044853652,-0.24958957236363355,-0.1994660284121484,-0.008112636506754034,-0.46250041433380384,0.49490251485476344,0.32470298486696964,0.10100291803409359,-0.13095279801453444,-0.11967008910873032,-0.6268031297673138,0.407418444241528
185,0.41666666666666663,0.29166666666666663,1,3,3,True,0.14700459658204063,0.16785138061141466,-2.886579864025407e-17,0.3326555699620906,0.17852648726936818,0.14895527577066414,0.08603407902562725,1.305806435214857,0.9044330497853839,0.23925440363848088,0.6788775382588642,0.6124333803551676,0.28600523053397087,0.7941253906462873,-0.7059969989563148,-0.4630661108305201,-0.10002797044853652,-0.11564878024174167,-0.15574022686924266,-0.008683565440735674,-0.4617614258993795,0.4763228567653781,0.3125129671193298,0.10100291803409359,-0.3557164822652167,-0.26955874075393943,-0.6289623500697319,0.40862800952886114
186,0.4583333333333333,0.29166666666666663,3,3,3,True,0.15088834764831846,0.1332497822979441,-2.886579864025407e-17,0.36958617754072737,0.17950101151204403,0.1437596779493369,0.11106876034889313,0.4112436867076459,0.2848373018722195,0.23925440363848088,0.5377331350859266,0.4997596742327745,0.2857161787739634,0.283858870309613,0.00650300104368523,0.004265343063041072,-0.10002797044853652,-0.03226960224914353,-0.1291139726927228,-0.009362283327428278,0.005097466047795221,-0.9429210711669923,-0.6186456465910921,0.10100291803409359,-0.47912498667784587,-0.38952577792020987,-0.6315774458701516,-0.6329900200775131
187,0.5,0.29166666666666663,3,3,3,False,0.1521903572521802,0.1333110030807952,-2.886579864025407e-17,0.32719955986401067,0.17337986206403677,0.1374100244574455,0.10627740021367209,0.41306650015305224,0.2860998264540863,0.23925440363848088,0.41338753423457564,0.3659597979085685,0.28540863547046336,0.28383992067741354,0.01900300104368524,0.012464140499770222,-0.10002797044853652,-0.005001623089584739,-0.12073296732389117,-0.010180217712410698,0.0037876318166796645,-0.9625,-0.6314912807144937,0.10100291803409359,-0.5365499432950471,-0.4767146083911519,-0.6348003313640569,-0.6365278907249308
188,0.5416666666666666,0.29166666666666663,3,3,3,False,0.1508883476483185,0.1316942037007488,-2.886579864025407e-17,0.2355283969448026,0.15979754306150798,0.12952014486124042,0.10040483182038054,0.4112436867076459,0.2848373018722195,0.23925440363848088,0.31975472750481265,0.27292123330410717,0.2851053075414235,0.28392541006294564,0.031503001043685225,0.020662937936499353,-0.10002797044853652,-0.015315430967077017,-0.138124115359266,-0.011180529425354163,0.0021245736527323797,-0.9820789288330077,-0.6443369148378951,0.10100291803409359,-0.5754251704603559,-0.5348766549266564,-0.6388533855394598,-0.640932290184332
189,0.5833333333333333,0.29166666666666663,3,3,3,False,0.14700459658204068,0.128419254054512,-2.886579864025407e-17,0.15251621815892963,0.13823364977456498,0.11954301319767673,0.0930958451518299,0.40580643521485693,0.2810713302722525,0.23925440363848088,0.2699320032470166,0.24809407003850042,0.28486256924058906,0.28420466319288895,0.04400300104368521,0.028861735373228486,-0.10002797044853652,-0.04222999871537091,-0.16729954257878404,-0.012421868542778464,-2.881030608867935e-05,-1.001322856765378,-0.6569627565999626,0.10100291803409359,-0.6032348334932857,-0.5806919738787121,-0.6440708195111402,-0.6465361520874018
190,0.625,0.29166666666666663,3,3,3,False,0.14060555611086994,0.12353439544957225,-2.886579864025407e-17,0.10504285413259615,0.11086228621960284,0.10671591791723606,0.08386749764381976,0.3968477785552179,0.2748663484723855,0.23925440363848088,0.27037331879597576,0.2703528150513489,0.28481163990825453,0.2848390607179541,0.05650300104368525,0.03706053280995765,-0.10002797044853652,-0.06642117337470307,-0.1503240023954372,-0.013978844870046608,-0.0028649179130064394,-1.0199025148547636,-0.6691527743476026,0.10100291803409359,-0.6407617394203119,-0.620018473759653,-0.6509663825354515,-0.6538409921933042
191,0.6666666666666666,0.29166666666666663,3,3,3,False,0.13180071559141732,0.11711541518205185,-2.886579864025407e-17,0.08012777939275482,0.08282369526548622,0.09005943299153724,0.0721127964787305,0.38452100182798427,0.26632852543156016,0.23925440363848088,0.290682203269637,0.30436414199907025,0.28524439521017964,0.2861094837867215,0.06900300104368523,0.04525933024668678,-0.10002797044853652,-0.06787671227792552,-0.10087576682978595,-0.01592107738476702,-0.006618971968073022,-1.0375,-0.6806983934974412,0.10100291803409359,-0.6875006224592721,-0.6560711724622237,-0.6603343371103275,-0.6635967708427433
192,0.7083333333333333,0.29166666666666663,3,3,3,False,0.1207407282861336,0.10926434979505847,-2.886579864025407e-17,0.052272013873736214,0.05959212689843091,0.06871183927517517,0.05728533997865189,0.369037019600587,0.25560394566913663,0.23925440363848088,0.3064258623303061,0.312907652651518,0.28674781608602756,0.28842578096409155,0.08150300104368521,0.053458127683415915,-0.10002797044853652,-0.06451325897635783,-0.06553742527900311,-0.01818803786321519,-0.011410765055032206,-1.053814214351308,-0.6914020653047744,0.10100291803409359,-0.724675121736425,-0.6876008934505937,-0.6733329169186412,-0.6768155327191214
193,0.75,0.29166666666666663,3,3,3,False,0.10761483364421988,0.100107739205143,-2.886579864025407e-17,0.02812016098682564,0.041124471591603276,0.049619050262580185,0.04307516742002601,0.35066076710190786,0.24287610971826545,0.23925440363848088,0.3175506764849682,0.2996327760011437,0.28784527041093827,0.29006162998148044,0.09400300104368522,0.06165692512014506,-0.10002797044853652,-0.0624658804733254,-0.03720279056045895,-0.016908962664440207,-0.012422764269633044,-1.0685660171779823,-0.7010806469773607,0.10100291803409359,-0.749200925729164,-0.7100464200929129,-0.6857789805709698,-0.6890549848168078
194,0.7916666666666666,0.29166666666666663,3,3,3,False,0.09264761936218496,0.08979446156924398,-2.886579864025407e-17,0.006867967236697528,0.02722500529643781,0.04023859709126731,0.03533206627584526,0.329706667107059,0.22836279438088866,0.23925440363848088,0.31156335701936316,0.2771932809925823,0.28741390738277056,0.28990455729474246,0.10650300104368524,0.06985572255687422,-0.10002797044853652,-0.046905687252519264,-0.01697894210485941,-0.012427764641907181,-0.008999413122757262,-1.0815030010436852,-0.7095685352993716,0.10100291803409359,-0.7482736398337506,-0.7263085979249952,-0.692519929694098,-0.6955650254341114
195,0.8333333333333333,0.29166666666666663,3,3,3,False,0.07609517862609015,0.07849318593814528,-2.886579864025407e-17,-0.007160220912295024,0.016033745126669614,0.03440951254796096,0.03059548298406564,0.3065332500765262,0.21231232650628,0.23925440363848088,0.2850601524869027,0.2479546304012004,0.2871278320583356,0.2896498551740334,0.11900300104368522,0.07805451999360336,-0.10002797044853652,-0.021784610637648284,-0.008530802721221656,-0.008653993872167453,-0.005906969835968933,-1.092403810567666,-0.7167205001483309,0.10100291803409359,-0.7337668721316837,-0.7314975829418388,-0.6975250852154425,-0.7003702564571808
196,0.875,0.29166666666666663,3,3,3,False,0.05824072828613357,0.06638948628225344,-2.886579864025407e-17,-0.010565932614975088,0.009249490851231574,0.03063586815746048,0.027569357709962994,0.28153701960058697,0.19499933404980446,0.23925440363848088,0.25649026665417357,0.22150657986851435,0.2869063323101121,0.2893565335054001,0.13150300104368523,0.08625331743033249,-0.10002797044853652,-3.839667785356066e-05,-0.0016363003957902342,-0.005597145613221452,-0.003302993975329885,-1.1010819298766932,-0.7224141694227733,0.10100291803409359,-0.7235235213686073,-0.7176163961788399,-0.7012875955649724,-0.7039612027952096
197,0.9166666666666666,0.29166666666666663,3,3,3,False,0.03938976293782081,0.05368266626951333,-2.886579864025407e-17,-0.00910038769720477,0.002443955551931474,0.028095644154790073,0.02555577113058155,0.25514566811294914,0.17672004711246075,0.23925440363848088,0.23240318809866073,0.19424295856626986,0.286716158704289,0.2890545522109694,0.1440030010436852,0.09445211486706163,-0.10002797044853652,0.015910583781460586,9.11636600180038e-05,-0.0031303256898800765,-0.0011464334588745812,-1.1073888739433602,-0.7265521228628296,0.10100291803409359,-0.7122800805232103,-0.7066125973979607,-0.70417315831791,-0.7066999481306481
198,0.9583333333333333,0.29166666666666663,3,3,3,False,0.019864827824736454,0.04058234912439186,-2.886579864025407e-17,-0.011660229866671368,-0.003159702812625516,0.02716960229041715,0.02416780532136112,0.22781075895463104,0.15778722936172251,0.23925440363848088,0.2173617974101811,0.1900640594259501,0.2862858429112217,0.28875961078795165,0.15650300104368522,0.10265091230379078,-0.10002797044853652,0.029691677271970057,0.009743551618654499,-0.0012274483072996743,0.0006418930889202906,-1.1112167292060715,-0.7290635589378833,0.10100291803409359,-0.6937602213943593,-0.68168225143697,-0.7056174116464156,-0.7088340838914851
199,1.0,0.29166666666666663,3,3,3,False,1.8637943386997464e-17,0.027304890916389053,-2.886579864025407e-17,-0.006222664940043133,-0.006890234221103245,0.026795479478780512,0.023182003614767147,0.20000000000000004,0.13852482655847362,0.23925440363848088,0.20070843325445412,0.18525955338805733,0.285854730602565,0.2884794715503008,0.16900300104368524,0.11084970974051991,-0.10002797044853652,0.03730022791316591,0.017682406289834092,0.00023155714973252528,0.002136260838649937,-1.1125,-0.7299055062803887,0.10100291803409359,-0.6789690200270446,-0.6643725766372808,-0.7065029790024762,-0.7105310338638111
200,0.0,0.3333333333333333,1,1,1,False,0.0,0.07931584240301881,-2.886579864025407e-17,0.03442028365591328,0.06788296271342993,0.06237039266683131,0.06611954767443959,1.1,0.7618865460716049,0.23925440363848088,0.8143226735538373,0.8126835279301039,0.7812685863916224,0.7803205886260037,-0.8200961894323342,-0.5379042028631327,-0.10002797044853652,-0.5004596314616647,-0.5320328148206026,-0.48245731944328396,-0.47566525992927333,0.6,0.39365690226358047,0.10100291803409359,0.39660682327461316,0.38218035626125374,0.4208546701342197,0.41284582435938283
201,0.041666666666666664,0.3333333333333333,1,1,1,False,0.01631577402750645,0.0893530276637583,-2.886579864025407e-17,0.033348569200028676,0.07268667595102399,0.06375018150994975,0.06773272771026047,1.1228420836385091,0.7777075244428979,0.23925440363848088,0.8211867206662238,0.8203747608871742,0.7841729201784988,0.7830621114490656,-0.8075961894323342,-0.5297054054264035,-0.10002797044853652,-0.49556363405443676,-0.5230041528522426,-0.48086031098037807,-0.4736346779193623,0.5987167292060716,0.3928149549210751,0.10100291803409359,0.39151205703979886,0.3781889707428121,0.42007459656074747,0.4115463891368631
202,0.08333333333333333,0.3333333333333333,1,1,1,False,0.0323523806378151,0.0991684339735885,-2.886579864025407e-17,0.03085853304250148,0.07655544890578579,0.06525456390129797,0.069493386161334,1.1452933328929413,0.7932578014878544,0.23925440363848088,0.8341685257542112,0.8362800100501239,0.7872685962692737,0.7859688589263482,-0.7950961894323343,-0.5215066079896745,-0.10002797044853652,-0.49716267073968373,-0.5111792356605006,-0.4792191446882563,-0.4715194713785803,0.5948888739433602,0.3903035188460213,0.10100291803409359,0.38262444986841104,0.3710745191334838,0.4192499169057561,0.41014993218039986
203,0.125,0.3333333333333333,1,1,1,False,0.04783542904563624,0.10858632302025643,-2.886579864025407e-17,0.033356357231583894,0.08309467359313719,0.06689543732324708,0.07141528790926674,1.1669696006638908,0.8082713076548834,0.23925440363848088,0.8453984846183007,0.8548844042236396,0.7905588032050359,0.7890396654688491,-0.7825961894323342,-0.5133078105529453,-0.10002797044853652,-0.48878706925049764,-0.49111234416662497,-0.47754946942739274,-0.46933035456589345,0.588581929876693,0.38616556540596486,0.10100291803409359,0.377737874238318,0.36300177607308914,0.4183822220555746,0.4086517239401959
204,0.16666666666666666,0.3333333333333333,1,1,1,False,0.0625,0.11743775812209437,-2.886579864025407e-17,0.036484178075882924,0.09091764031870184,0.0686851191931989,0.0735122912106409,1.1875,0.822491157690937,0.23925440363848088,0.8596145009169087,0.8848422073276978,0.7940411096085964,0.7922672367563797,-0.7700961894323343,-0.5051090131162161,-0.10002797044853652,-0.4757520913230727,-0.4720299710869315,-0.47587448518995223,-0.4670847430826085,0.5799038105676658,0.3804718961315225,0.10100291803409359,0.3660387454524201,0.34921761017585073,0.4174757057948222,0.40704890038073394
205,0.20833333333333331,0.3333333333333333,1,1,1,False,0.07609517862609008,0.12556349478148135,-2.886579864025407e-17,0.044952715430512886,0.10013242001306279,0.07063594489089868,0.07579760506985657,1.2065332500765262,0.8356740460194113,0.23925440363848088,0.873290584972951,0.9058790882055208,0.7977046855468141,0.7956354966036534,-0.7575961894323343,-0.49691021567948707,-0.10002797044853652,-0.4574657924122756,-0.44250853307199833,-0.4742274767828427,-0.46480906386233095,0.5690030010436853,0.3733199312825633,0.10100291803409359,0.34517938968178313,0.3263110568505455,0.41653843874442975,0.40534170242638234
206,0.25,0.3333333333333333,1,1,1,False,0.08838834764831845,0.13281670540234838,-2.886579864025407e-17,0.06781867692776793,0.11157343924062117,0.07166251433619406,0.0770086197868272,1.2237436867076459,0.8475944097660185,0.23925440363848088,0.8743060223084328,0.9016223891370438,0.7976875522785307,0.7954421224684095,-0.7450961894323342,-0.48871141824275793,-0.10002797044853652,-0.4394384849889702,-0.40612699537519703,-0.4733213717735505,-0.46349155437268963,0.5560660171779821,0.36483204296055227,0.10100291803409359,0.32008352901732184,0.2920151389934466,0.41825342473070753,0.40649676407090296
207,0.29166666666666663,0.3333333333333333,1,1,1,False,0.09916916753640441,0.13906549155105546,-2.886579864025407e-17,0.09958723335378707,0.12548032582228041,0.07248827098894219,0.07800059001330392,1.2388368345509662,0.8580482882021052,0.23925440363848088,0.8646166992455204,0.8761649737630502,0.7974936754558345,0.7950899082928726,-0.7325961894323343,-0.48051262080602875,-0.10002797044853652,-0.4047625029872756,-0.3533854003167235,-0.47257875016612794,-0.46238638023189854,0.5413142143513081,0.35515346128796627,0.10100291803409359,0.2758603315491387,0.19603877589204985,0.4200173118736595,0.4077538124345682
208,0.3333333333333333,0.3333333333333333,1,1,1,False,0.10825317547305485,0.14419514077516027,-2.886579864025407e-17,0.13172127735919595,0.13963333371992365,0.073146562438945,0.07880870563263491,1.251554445662277,0.8668568125692675,0.23925440363848088,0.8393707618456397,0.828573597840456,0.7971640084486402,0.7946184909525464,-0.7200961894323342,-0.47231382336929956,-0.10002797044853652,-0.3480793348196928,-0.26430039754504864,-0.4719750039864501,-0.4614626988761213,0.525,0.34444978948063293,0.10100291803409359,0.1082675786311556,0.04402216760685308,0.42179685514176735,0.4090746025189079
209,0.375,0.3333333333333333,1,1,1,False,0.11548494156391087,0.1481100893652839,-2.886579864025407e-17,0.18305400449403614,0.15070085222368546,0.07366557138356292,0.07946281521152365,1.2616789181894752,0.8738692665733983,0.23925440363848088,0.7783720521125442,0.7112918689629711,0.7967314070589846,0.7940593003434098,-0.7075961894323343,-0.4641150259325704,-0.10002797044853652,-0.26740006389274285,-0.19095601236769635,-0.4714886383489136,-0.4606934614498577,0.5074025148547635,0.3329041703307942,0.10100291803409359,-0.1294073125158471,-0.12508714551445577,0.42356746936621525,0.41042974517889097
210,0.41666666666666663,0.3333333333333333,1,3,3,True,0.12074072828613355,0.15073555747667333,-2.886579864025407e-17,0.25587267641101624,0.15704906068019325,0.14496718379442636,0.07998807958760523,1.2690370196005871,0.878965665182268,0.23925440363848088,0.641529044188986,0.5715409307876588,0.28041340281380095,0.7934371227682178,-0.6950961894323343,-0.45591622849584135,-0.10002797044853652,-0.15627485030814958,-0.14952724604596962,-0.004091506854817989,-0.4600552650631774,0.4888228567653781,0.32071415258315444,0.10100291803409359,-0.33191123389840704,-0.2786975750277735,-0.631377775043424,0.4117969342376183
211,0.4583333333333333,0.3333333333333333,3,3,3,True,0.12393060767172633,0.11568683086737469,-2.886579864025407e-17,0.3109282722343491,0.15804589425114063,0.1397740942548262,0.10551121751183508,0.37350285074041684,0.25869708808955844,0.23925440363848088,0.4800660318029058,0.4366120853881913,0.27965154273257486,0.279806248509212,0.017403810567665767,0.011415225397719813,-0.10002797044853652,-0.0552530056423741,-0.12375426846610522,-0.004286621037893179,0.010181182325004305,-0.9304210711669922,-0.6104444611272675,0.10100291803409359,-0.4575673523042312,-0.3953030398953259,-0.6340670954119922,-0.6361146820383032
212,0.5,0.3333333333333333,3,3,3,False,0.12500000000000003,0.11559815395457235,-2.886579864025407e-17,0.29910396332475225,0.15280878225032568,0.1335418890149344,0.10063351067530829,0.375,0.259734049797138,0.23925440363848088,0.3641113256870821,0.3087418762281763,0.27879238275667995,0.2793839081506715,0.02990381056766578,0.019614022834448963,-0.10002797044853652,-0.0003557000600876158,-0.11192577105569687,-0.00451855876659335,0.009438508827307547,-0.9500000000000001,-0.623290095250669,0.10100291803409359,-0.5353577693812878,-0.4695842262735661,-0.6373277744231489,-0.6397234916036754
213,0.5416666666666666,0.3333333333333333,3,3,3,False,0.12393060767172634,0.1141312522701794,-2.886579864025407e-17,0.22803492956676844,0.14109786164876947,0.12596800770064656,0.09480165452887132,0.3735028507404169,0.2586970880895585,0.23925440363848088,0.2860105705144166,0.24249435695351468,0.2778365163702806,0.2789738682410482,0.04240381056766576,0.027812820271178096,-0.10002797044853652,0.011552861579683615,-0.11645680372065638,-0.004799294016941784,0.008480081309335766,-0.9695789288330077,-0.6361357293740706,0.10100291803409359,-0.5837936560288095,-0.5192676430159722,-0.6413461238582808,-0.6441298395158799
214,0.5833333333333333,0.3333333333333333,3,3,3,False,0.12074072828613358,0.11130343091977066,-2.886579864025407e-17,0.16684839801636114,0.12201449487764271,0.1166479899946023,0.08776362899203757,0.369037019600587,0.25560394566913663,0.23925440363848088,0.25063996879312334,0.23061023819025353,0.2768057745872057,0.27862284840444224,0.054903810567665745,0.03601161770790722,-0.10002797044853652,0.0020816837262090373,-0.10995195689032296,-0.005146418463352946,0.007220906292374148,-0.9888228567653781,-0.6487615711361381,0.10100291803409359,-0.6099873932719707,-0.5592480377566764,-0.6463888743627416,-0.6496012495257892
215,0.625,0.3333333333333333,3,3,3,False,0.11548494156391087,0.1071552807217248,-2.886579864025407e-17,0.12423520301574184,0.09745549452659104,0.1050583582324249,0.07921398849098163,0.3616789181894752,0.25050754706026707,0.23925440363848088,0.2446435191125631,0.2466941950846651,0.27577094609277575,0.27841636548893156,0.06740381056766578,0.04421041514463639,-0.10002797044853652,0.00456032017372524,-0.08419598210272643,-0.0055857606597915915,0.00554233802036036,-1.0074025148547634,-0.6609515888837779,0.10100291803409359,-0.6424485371163862,-0.5928673576195488,-0.6528418277014731,-0.656517050088947
216,0.6666666666666666,0.3333333333333333,3,3,3,False,0.10825317547305487,0.1017499836870678,-2.886579864025407e-17,0.08158144310472093,0.0706353138689313,0.09059134521962382,0.06883802534292531,0.3515544456622768,0.24349509305613612,0.23925440363848088,0.24410177447400536,0.2666975261927549,0.2749073674352874,0.27849693179047214,0.07990381056766577,0.05240921258136552,-0.10002797044853652,0.006466517256179194,-0.03137380614707273,-0.0061521270567146125,0.0032967451558623302,-1.025,-0.6724972080336166,0.10100291803409359,-0.6756253190563218,-0.6270528296280522,-0.6612577074843228,-0.6654034608651797
217,0.7083333333333333,0.3333333333333333,3,3,3,False,0.09916916753640445,0.09517223195774703,-2.886579864025407e-17,0.0424549012478375,0.04711072901152054,0.07279868228086563,0.05649861031488002,0.33883683455096625,0.23468656868897406,0.23925440363848088,0.24766730444950866,0.2705213982115662,0.27458429983678956,0.27904800217478215,0.09240381056766575,0.060608010018094655,-0.10002797044853652,0.0019491834168712699,-0.005895788105654616,-0.006871822306335495,0.0003759331153947304,-1.041314214351308,-0.6832008798409499,0.10100291803409359,-0.7014528495654614,-0.6595786852547727,-0.6723736051763929,-0.6769133954950639
218,0.75,0.3333333333333333,3,3,3,False,0.08838834764831846,0.0875267787006014,-2.886579864025407e-17,0.010853002333270974,0.029483693384298525,0.056294821264378646,0.04486148699122704,0.32374368670764586,0.2242326902528873,0.23925440363848088,0.2570510766583216,0.2537401850883009,0.27530931580866475,0.28015794849757947,0.10490381056766576,0.0688068074548238,-0.10002797044853652,-0.013440963799307475,-0.006490136214606201,-0.006431208384102317,-0.0012209075214739476,-1.056066017177982,-0.692879461513536,0.10100291803409359,-0.7109296033728172,-0.6832405901107759,-0.6831113802216219,-0.6875603513258747
219,0.7916666666666666,0.3333333333333333,3,3,3,False,0.07609517862609012,0.0789366457516337,-2.886579864025407e-17,-0.005703621162375476,0.015902927706951276,0.0467528434311257,0.03782153025040096,0.3065332500765262,0.21231232650628,0.23925440363848088,0.2450944003964064,0.22472927123288938,0.2763814572095619,0.28121835879716167,0.11740381056766577,0.07700560489155296,-0.10002797044853652,-0.014577519480025256,-0.018056414498079678,-0.004479081213198042,-0.000397554418203579,-1.0690030010436853,-0.7013673498355469,0.10100291803409359,-0.7054959391515994,-0.6955004130079876,-0.6896122030633972,-0.6937248707342604
220,0.8333333333333333,0.3333333333333333,3,3,3,False,0.06250000000000006,0.06954101867828853,-2.886579864025407e-17,-0.010305281493386496,0.007275230035048523,0.04032658459578779,0.033193721677378246,0.2875000000000001,0.19912943817780585,0.23925440363848088,0.21366287680218013,0.18896107461671036,0.2773810160444401,0.2820205021043981,0.12990381056766576,0.0852044023282821,-0.10002797044853652,0.002782785253221217,-0.018651360992379136,-0.002539759330681148,0.0007756800010400074,-1.0799038105676657,-0.7085193146845061,0.10100291803409359,-0.6935639396001109,-0.696985749109613,-0.6946266981331446,-0.6984533519143716
221,0.875,0.3333333333333333,3,3,3,False,0.04783542904563625,0.05949286527580364,-2.886579864025407e-17,-0.010950511590068877,-0.001200120949138123,0.035876080479398546,0.030052306351494876,0.26696960066389075,0.1849095881417521,0.23925440363848088,0.18483796127823152,0.16128117137527975,0.27823988852334103,0.28261405163675657,0.14240381056766577,0.09340319976501123,-0.10002797044853652,0.01459632664194761,-0.0038680869234008868,-0.000787973010868798,0.001991857021267744,-1.088581929876693,-0.7142129839589486,0.10100291803409359,-0.6828651771712589,-0.6727888061647158,-0.6985233460932473,-0.7021047190576892
222,0.9166666666666666,0.3333333333333333,3,3,3,False,0.032352380637815134,0.04895631824582298,-2.886579864025407e-17,-0.010134835190883835,-0.00785488410155883,0.03270410355457973,0.02785085696302328,0.2452933328929412,0.16989608197472303,0.23925440363848088,0.16539345254125465,0.13880893969995795,0.2789547141291196,0.2830501557396234,0.15490381056766575,0.10160199720174036,-0.10002797044853652,0.024082496367805455,-0.0021141875173598564,0.0007404848581503472,0.0031360062396657805,-1.0948888739433602,-0.7183509373990051,0.10100291803409359,-0.6673632520631299,-0.6588626710857659,-0.7015929774809514,-0.7049629211401548
223,0.9583333333333333,0.3333333333333333,3,3,3,False,0.016315774027506502,0.03810386684036515,-2.886579864025407e-17,-0.015151814867013865,-0.011029327652149803,0.03038243373307345,0.026262853475629316,0.2228420836385091,0.1543458049297667,0.23925440363848088,0.15462275908804698,0.1270611778491157,0.27954334928612107,0.2833705027501182,0.16740381056766576,0.10980079463846952,-0.10002797044853652,0.0408215805471215,0.009478048424395369,0.002058896444664851,0.00417232603036677,-1.0987167292060716,-0.7208623734740589,0.10100291803409359,-0.6429232511543982,-0.6333331006558277,-0.7040485903862912,-0.707235414809646
224,1.0,0.3333333333333333,3,3,3,False,1.5308084989341918e-17,0.02711340552289839,-2.886579864025407e-17,-0.009681526895847161,-0.015834823924820593,0.028642311392452616,0.025087819309845133,0.20000000000000004,0.13852482655847362,0.23925440363848088,0.14496520240603541,0.12492897453370846,0.28002769825192153,0.28360634568738496,0.17990381056766577,0.11799959207519867,-0.10002797044853652,0.04517556052276823,0.019704608428553143,0.003194547357890553,0.0050967438873932795,-1.1,-0.7217043208165642,0.10100291803409359,-0.6285535189264687,-0.615204617606761,-0.70604307362627,-0.7090704896241404
225,0.0,0.375,1,1,1,False,0.0,0.07920535451862794,-2.886579864025407e-17,0.034733984202501164,0.05655648201650071,0.054737123745035976,0.05851616622566042,1.1,0.7618865460716049,0.23925440363848088,0.8315488199636992,0.8396077976858862,0.7802658621166237,0.7793329539353856,-0.811418070123307,-0.5322121914754142,-0.10002797044853652,-0.4676657866567853,-0.46842757237853405,-0.4808839970959211,-0.47483463385974056,0.6125,0.40185808772740506,0.10100291803409359,0.40167163658207533,0.3907540853315672,0.4233900129134047,0.41590929303428503
226,0.041666666666666664,0.375,1,1,1,False,0.012487552813078706,0.08677564845737229,-2.886579864025407e-17,0.029649166789497385,0.0596392865650162,0.05580622206336987,0.05986380162494602,1.1174825739383103,0.7739953986846054,0.23925440363848088,0.8347857777545659,0.8515134741920725,0.7833923641394,0.782283446164835,-0.798918070123307,-0.524013394038685,-0.10002797044853652,-0.46552100864398605,-0.4665847961461038,-0.4789949715374106,-0.47253155829406024,0.6112167292060715,0.4010161403848997,0.10100291803409359,0.3964639403457875,0.3875838411003966,0.4226624063963533,0.41464202969528063
227,0.08333333333333333,0.375,1,1,1,False,0.02476144013532191,0.09416637263967823,-2.886579864025407e-17,0.017163755293830824,0.06332516905379698,0.05698867050448492,0.06135811833777719,1.1346660161894508,0.7858970654721893,0.23925440363848088,0.8542114795982584,0.8776943397924857,0.7867477727877689,0.7854310956958113,-0.786418070123307,-0.5158145966019559,-0.10002797044853652,-0.46376588204399405,-0.4657082892759555,-0.4770370203009644,-0.4701182420285768,0.6073888739433603,0.3985047043098459,0.10100291803409359,0.38340985858388493,0.3812327544309732,0.4218914104119248,0.41326968160853195
228,0.125,0.375,1,1,1,False,0.03661165235168157,0.10124327573674351,-2.886579864025407e-17,0.00697688336163675,0.06739086070392286,0.05829787716529468,0.06301636584419666,1.1512563132923543,0.7973879056158557,0.23925440363848088,0.8674879261888169,0.8892109489115829,0.7903358284013513,0.7887736056361441,-0.773918070123307,-0.5076157991652267,-0.10002797044853652,-0.4548998349551067,-0.4585005136094338,-0.4750301351918061,-0.4676091748032951,0.601081929876693,0.39436675086978945,0.10100291803409359,0.37448599817508504,0.37454597896865227,0.421080091948617,0.4117866939368857
229,0.16666666666666666,0.375,1,1,1,False,0.04783542904563622,0.10787747598554209,-2.886579864025407e-17,-0.002357243953957999,0.07302887458924204,0.059748309458606076,0.06485662475775163,1.1669696006638908,0.8082713076548834,0.23925440363848088,0.8824816089356425,0.9130946942329514,0.7941512539785006,0.7922988459329409,-0.7614180701233071,-0.4994170017284976,-0.10002797044853652,-0.4414915574193839,-0.4452161044087214,-0.47300617342446116,-0.4650295376994946,0.5924038105676658,0.3886730815953471,0.10100291803409359,0.3646283908268997,0.3608586389467613,0.4202354471512831,0.4101902040389318
230,0.20833333333333331,0.375,1,1,1,False,0.05824072828613354,0.11394766639152215,-2.886579864025407e-17,-0.002122267478688965,0.08172408272323345,0.061355201639042595,0.0668969400098184,1.181537019600587,0.8183610535629356,0.23925440363848088,0.8928087998523235,0.9231207437221001,0.7981746523660236,0.795979980056963,-0.748918070123307,-0.49121820429176843,-0.10002797044853652,-0.42298679926175986,-0.4146159692641355,-0.4710135478991162,-0.46241945292282294,0.5815030010436852,0.3815211167463879,0.10100291803409359,0.3457457581580075,0.3444679929007858,0.4193705217569529,0.40848204367770286
231,0.25,0.375,1,1,1,False,0.06764951251827463,0.11934219032491555,-2.886579864025407e-17,0.0165131318931408,0.09112615772742653,0.06272475620500137,0.06848703653468959,1.1947093175255845,0.8274845049901197,0.23925440363848088,0.8874289300285119,0.9190573470105845,0.797798164490208,0.7954099001895684,-0.7364180701233071,-0.48301940685503936,-0.10002797044853652,-0.4077534524472177,-0.3743489780803416,-0.4702345113275816,-0.4611893399411705,0.5685660171779822,0.3730332284243769,0.10100291803409359,0.3200199668164331,0.31265649738460133,0.4213845431073532,0.40986524606369534
232,0.29166666666666663,0.375,1,1,1,False,0.07590079483523973,0.12396095199663024,-2.886579864025407e-17,0.049329496135130206,0.10313136553638613,0.06385930497550804,0.06981413353889797,1.2062611127693357,0.835485557153018,0.23925440363848088,0.8713209489076397,0.8922629216852105,0.797260361043177,0.7947014158832524,-0.723918070123307,-0.47482060941831017,-0.10002797044853652,-0.38883701784716984,-0.32103221404248716,-0.46964275163306585,-0.460200967528848,0.5538142143513081,0.36335464675179074,0.10100291803409359,0.2686966583446714,0.21991053633451313,0.42343000097256234,0.41134544197310197
233,0.3333333333333333,0.375,1,1,1,False,0.08285339350889796,0.12771712912495348,-2.886579864025407e-17,0.07069277604333182,0.11551593694888279,0.06479778376879469,0.07092073633692801,1.2159947509124571,0.8422273098308122,0.23925440363848088,0.8379219812683075,0.841550959597068,0.7966085097336615,0.793899734466616,-0.711418070123307,-0.46662181198158104,-0.10002797044853652,-0.34979178364938895,-0.24834901330245673,-0.46920347679094265,-0.45941221349963224,0.5375,0.35265097494445746,0.10100291803409359,0.12061238222083903,0.06458228301445665,0.4254658484683625,0.41287475581173927
234,0.375,0.375,1,1,1,False,0.08838834764831846,0.13053865848886353,-2.886579864025407e-17,0.11801626439508549,0.1257003551695075,0.06557308545690474,0.0718429028152567,1.2237436867076459,0.8475944097660185,0.23925440363848088,0.7630275217455088,0.7338154571653653,0.7958788723363713,0.7930389530347088,-0.6989180701233071,-0.45842301454485196,-0.10002797044853652,-0.29167357138753164,-0.19025644979307355,-0.4688876301025718,-0.45878756712677754,0.5199025148547635,0.3411053557946188,0.10100291803409359,-0.08269995569891181,-0.11109143137098335,0.42746379200548784,0.4144183895406309
235,0.41666666666666663,0.375,1,3,3,True,0.09241095265359654,0.1323694689497211,-2.886579864025407e-17,0.19606160182899515,0.13164679862389903,0.14134593675551066,0.07261093177164019,1.2293753337150353,0.8514950243907043,0.23925440363848088,0.6183399682869747,0.5703602303304028,0.27539310957482754,0.7921445498996615,-0.686418070123307,-0.45022421710812277,-0.10002797044853652,-0.19620893296810177,-0.1518252369508052,6.955545539193142e-05,-0.4582974665738419,0.5013228567653781,0.32891533804697903,0.10100291803409359,-0.27907999172409537,-0.2616995765573257,-0.6335772342889407,0.41595152068313046
236,0.4583333333333333,0.375,3,3,3,True,0.0948523806378151,0.0968384430782934,-2.886579864025407e-17,0.25251327837019444,0.13203734194941125,0.13620327344006317,0.100576047386094,0.3327933328929411,0.23050069359405517,0.23925440363848088,0.4542124480490784,0.39516936491417987,0.2742732373569132,0.2762261174783671,0.026081929876693,0.017107236785438386,-0.10002797044853652,-0.0824698341372974,-0.12483182099866505,0.0002576662975803251,0.014696884009205439,-0.9179210711669923,-0.6022432756634429,0.10100291803409359,-0.40666853819793575,-0.3706681816588492,-0.636302558923471,-0.6389410340106705
237,0.5,0.375,3,3,3,False,0.09567085809127246,0.09658807756585865,-2.886579864025407e-17,0.26345721795124727,0.1277032399522131,0.13013195313238926,0.09570124372631082,0.33393920132778143,0.2312943497250306,0.23925440363848088,0.3352774634260849,0.26683432186268286,0.27300942827461994,0.27551679783572924,0.03858192987669301,0.025306034222167536,-0.10002797044853652,0.007383157388280533,-0.09690797690470127,0.00047709983749284063,0.014382435982494078,-0.9375,-0.6150889097868445,0.10100291803409359,-0.4985729548653615,-0.4367773668369368,-0.639557630128414,-0.6425686025615143
238,0.5416666666666666,0.375,3,3,3,False,0.09485238063781512,0.09528286448109811,-2.886579864025407e-17,0.21976816819747197,0.11794118068574452,0.1228974097248977,0.08999729492131993,0.33279333289294116,0.2305006935940552,0.23925440363848088,0.25912511496514035,0.213044911767398,0.27159177292406084,0.2747682156566745,0.051081929876692994,0.033504831658896665,-0.10002797044853652,0.05392208233087561,-0.05938324293260297,0.0007323428493042558,0.013939105438798904,-0.9570789288330077,-0.627934543910246,0.10100291803409359,-0.5532554590005525,-0.4826022433005156,-0.6434963131063877,-0.6469205625151011
239,0.5833333333333333,0.375,3,3,3,False,0.09241095265359656,0.09293734239281841,-2.886579864025407e-17,0.1717395801919018,0.1016586117732516,0.1142033530189589,0.08329166553350467,0.32937533371503513,0.22813330487757302,0.23925440363848088,0.22092348298235084,0.21226900139748778,0.2700248907577098,0.27400526601416453,0.06358192987669298,0.04170362909562579,-0.10002797044853652,0.08619772242468153,-0.023797869740990855,0.001025804133051679,0.013309817733674439,-0.9763228567653781,-0.6405603856723135,0.10100291803409359,-0.5876861023861861,-0.5116466228371063,-0.6483291171718188,-0.6522088902091729
240,0.625,0.375,3,3,3,False,0.08838834764831846,0.08958384984530446,-2.886579864025407e-17,0.12426310069761197,0.08046152320186382,0.103693977101084,0.07540170350327745,0.32374368670764586,0.2242326902528873,0.23925440363848088,0.19874826593647762,0.2315904337771021,0.2683470281425708,0.273274729603084,0.07608192987669302,0.049902426532354965,-0.10002797044853652,0.11335930586742042,0.013336265671251228,0.001353503447601545,0.012413514988914819,-0.9949025148547634,-0.6527504034199534,0.10100291803409359,-0.6138105266214358,-0.5362616639330615,-0.6543439144493035,-0.6587176394328715
241,0.6666666666666666,0.375,3,3,3,False,0.08285339350889796,0.08527197203686103,-2.886579864025407e-17,0.06919729374237882,0.05716307091163983,0.09099976376797655,0.06618887801615415,0.31599475091245716,0.21886559031768096,0.23925440363848088,0.18466254688260958,0.23977180511702956,0.2666660396708444,0.2726505966244983,0.088581929876693,0.0581012239690841,-0.10002797044853652,0.11212855640109275,0.07721332779217732,0.0016959409150499594,0.01114488801599326,-1.0125,-0.664296022569792,0.10100291803409359,-0.6399059726717015,-0.5666756179649923,-0.661925372285278,-0.6668140579898447
242,0.7083333333333333,0.375,3,3,3,False,0.07590079483523977,0.08006769240332182,-2.886579864025407e-17,0.01920109882367789,0.034988187520148255,0.07591760983997432,0.05571481265119265,0.30626111276933565,0.21212383763988674,0.23925440363848088,0.17593202579288053,0.23026352840504502,0.26521485774831294,0.2722120288574039,0.10108192987669298,0.06630002140581323,-0.10002797044853652,0.10751698324901732,0.1037312566363365,0.0020025876739012023,0.00940339270749342,-1.0288142143513082,-0.6749996943771254,0.10100291803409359,-0.6586994558328537,-0.6018912720825562,-0.6715447983205288,-0.6769163256165701
243,0.75,0.375,3,3,3,False,0.06764951251827464,0.07405226362316852,-2.886579864025407e-17,-0.017023712702345744,0.017447708871327794,0.06158455879232171,0.04599138268118999,0.2947093175255845,0.2041227854769886,0.23925440363848088,0.16890827238956618,0.21009633452146356,0.26561847445325026,0.2729683504671496,0.113581929876693,0.07449881884254238,-0.10002797044853652,0.08808975330652144,0.09241202135814594,0.0020509959667176086,0.007552450006577095,-1.0435660171779821,-0.6846782760497114,0.10100291803409359,-0.6607386520855786,-0.6294273727521832,-0.6808921147868812,-0.6862309415927268
244,0.7916666666666666,0.375,3,3,3,False,0.05824072828613357,0.06732081736167449,-2.886579864025407e-17,-0.034156042764969925,0.005497059274804242,0.05227153241718298,0.03966108675439735,0.28153701960058697,0.19499933404980446,0.23925440363848088,0.15293974001108454,0.15863301164213892,0.26750020125302665,0.2746067612848469,0.126081929876693,0.08269761627927152,-0.10002797044853652,0.06861996519811187,0.0493308450905396,0.0023772295809735,0.00677031805625738,-1.0565030010436853,-0.6931661643717224,0.10100291803409359,-0.6515417402394305,-0.6401158510108547,-0.6870560852597994,-0.6920050211609556
245,0.8333333333333333,0.375,3,3,3,False,0.047835429045636264,0.05998073654173624,-2.886579864025407e-17,-0.03635198205453673,-0.005122623125142426,0.04559842567867792,0.03525276126884163,0.26696960066389075,0.1849095881417521,0.23925440363848088,0.11870450220149767,0.11245011721651244,0.2692525863892634,0.2759752652409938,0.138581929876693,0.09089641371600067,-0.10002797044853652,0.06078619450265838,0.013316993007184252,0.0030152123811989784,0.006633630999068059,-1.0674038105676658,-0.7003181292206816,0.10100291803409359,-0.6347361916883918,-0.6333689291055177,-0.6919741166809017,-0.6965903175242192
246,0.875,0.375,3,3,3,False,0.036611652351681574,0.052149817992290716,-2.886579864025407e-17,-0.031001924021640884,-0.011238559186433465,0.04072897420976615,0.03211111732890911,0.2512563132923542,0.17402618610272438,0.23925440363848088,0.09295596866187454,0.08422675839052064,0.2707978765866118,0.2770932065656597,0.15108192987669297,0.09909521115272979,-0.10002797044853652,0.05800013246168712,0.018449418859117866,0.003762376443415507,0.006823134809991294,-1.076081929876693,-0.706011798495124,0.10100291803409359,-0.6098859524256046,-0.6039976869913251,-0.695911820428764,-0.7002403625328276
247,0.9166666666666666,0.375,3,3,3,False,0.024761440135321933,0.043954256911912695,-2.886579864025407e-17,-0.02282142488145189,-0.015810236576624295,0.03710223406838339,0.029816911176336114,0.2346660161894507,0.16253534595905808,0.23925440363848088,0.0766208514688198,0.07328262699308677,0.27212894023839374,0.2780008950607694,0.16358192987669298,0.10729400858945894,-0.10002797044853652,0.06154608526098598,0.012210118654347325,0.004519756053590918,0.0071690108335418275,-1.0823888739433603,-0.7101497519351804,0.10100291803409359,-0.5925060625585963,-0.5880025919878412,-0.699092558816073,-0.7031704366877749
248,0.9583333333333333,0.375,3,3,3,False,0.012487552813078746,0.03552648763397915,-2.886579864025407e-17,-0.02564959030980728,-0.019846247432962028,0.03434640048557386,0.028102332739759206,0.21748257393831025,0.1506336791714742,0.23925440363848088,0.05747110175360172,0.06674273926399356,0.27326553416832927,0.27873922027068054,0.176081929876693,0.1154928060261881,-0.10002797044853652,0.07652379548409331,0.030065170121975175,0.005242363847401411,0.007581539281732072,-1.0862167292060716,-0.7126611880102344,0.10100291803409359,-0.562129922721448,-0.5636414831513634,-0.7016900129139054,-0.7055481954621874
249,1.0,0.375,3,3,3,False,1.1716301013315748e-17,0.02700291763850752,-2.886579864025407e-17,-0.016907548457206,-0.022864784954274596,0.03221298883304269,0.026793664966531683,0.20000000000000004,0.13852482655847362,0.23925440363848088,0.06040429730565929,0.06574968123795469,0.27423484269627274,0.2793432125098387,0.188581929876693,0.12369160346291723,-0.10002797044853652,0.07317439747975074,0.04305162784169654,0.005912214511232248,0.008013506070509529,-1.0875,-0.7135031353527396,0.10100291803409359,-0.5550646514624926,-0.5461815898211206,-0.7038354612919722,-0.7075001242847792
250,0.0,0.41666666666666663,1,1,1,False,0.0,0.07918127511661494,-2.886579864025407e-17,0.036286109291874064,0.04462863530335521,0.04583943803785638,0.049578965145235625,1.1,0.7618865460716049,0.23925440363848088,0.836204558597791,0.8437444333582398,0.7788718615927639,0.7779671565233837,-0.8051111260566398,-0.5280754429276233,-0.10002797044853652,-0.42811703017101993,-0.4114790528440694,-0.4791613425092216,-0.47397649941724695,0.625,0.41005927319122965,0.10100291803409359,0.4056973635475631,0.4027674327510089,0.4266014284980427,0.4197691384210205
251,0.041666666666666664,0.41666666666666663,1,1,1,False,0.008445666107815462,0.08414699249637592,-2.886579864025407e-17,0.027977662590451514,0.04516032835339864,0.04642716987226928,0.05049336202781722,1.1118239325509418,0.7700760871008963,0.23925440363848088,0.8389846257856572,0.8553815546538925,0.7822068915185696,0.781113833072014,-0.7926111260566397,-0.5198766454908942,-0.10002797044853652,-0.4305045840003007,-0.41691147365481546,-0.47690952307625967,-0.4713481310111064,0.6237167292060716,0.4092173258487244,0.10100291803409359,0.40403417461532964,0.40093114031906857,0.4259957523772636,0.41861086358675154
252,0.08333333333333333,0.41666666666666663,1,1,1,False,0.01674682452694518,0.08897770514674773,-2.886579864025407e-17,0.015033012181042176,0.04855894371995406,0.04709403281007579,0.0515342785567756,1.1234455543377233,0.7781255028126067,0.23925440363848088,0.8557356304102736,0.8780789055047022,0.78580987636894,0.7844900822204698,-0.7801111260566398,-0.511677848054165,-0.10002797044853652,-0.4284881754323568,-0.42497279678239364,-0.47455348799117314,-0.4685764831255954,0.6198888739433602,0.4067058897736705,0.10100291803409359,0.39495712175580777,0.39693643209310825,0.42535862133183355,0.4173487524304723
253,0.125,0.41666666666666663,1,1,1,False,0.024761440135321926,0.09358296424600886,-2.886579864025407e-17,0.00027555345562567596,0.05242835229763704,0.047852640614927375,0.05272149579122295,1.1346660161894508,0.7858970654721893,0.23925440363848088,0.8688466534016446,0.8838240799387262,0.7896826212545194,0.7880893706392773,-0.7676111260566398,-0.5034790506174359,-0.10002797044853652,-0.42769285548339314,-0.42467513912109556,-0.4721199978056357,-0.46568284122609827,0.613581929876693,0.40256793633361404,0.10100291803409359,0.389834593874821,0.3925874052050572,0.42469736811739983,0.4159782565398021
254,0.16666666666666666,0.41666666666666663,1,1,1,False,0.03235238063781511,0.09787617854520479,-2.886579864025407e-17,-0.0150944450652699,0.05420648718228623,0.04871764830835153,0.054076933645878525,1.1452933328929413,0.7932578014878544,0.23925440363848088,0.8815170337180165,0.9026033612846092,0.7938111337828095,0.7918881033900379,-0.7551111260566399,-0.49528025318070684,-0.10002797044853652,-0.42499276914674194,-0.41590059048732175,-0.4696555824197584,-0.46270672278604635,0.6049038105676658,0.39687426705917167,0.10100291803409359,0.3892049345235626,0.38314632434289947,0.4240258649051975,0.41449925094178247
255,0.20833333333333331,0.41666666666666663,1,1,1,False,0.03938976293782079,0.10177609596842536,-2.886579864025407e-17,-0.030003939933587832,0.060648173998588434,0.04970599915008489,0.055623892822226684,1.1551456681129493,0.800081766625592,0.23925440363848088,0.8885891759436453,0.9156190905227561,0.7981555423677298,0.7958360237190114,-0.7426111260566398,-0.48708145574397765,-0.10002797044853652,-0.41779941148507044,-0.3906927807269473,-0.46723582316825074,-0.4597142760205536,0.5940030010436853,0.38972230221021253,0.10100291803409359,0.38595959273049135,0.37372870617976295,0.4233682577357931,0.4129194454136589
256,0.25,0.41666666666666663,1,1,1,False,0.04575317547305486,0.10520819385835083,-2.886579864025407e-17,-0.019075813727942304,0.06817329025859692,0.05154095090351263,0.05773488693719573,1.164054445662277,0.8062522009499352,0.23925440363848088,0.8825851928025518,0.9266990550232589,0.7972558165426817,0.7947217167705423,-0.7301111260566399,-0.4788826583072485,-0.10002797044853652,-0.41003725375526334,-0.35264355562910177,-0.46668872915449333,-0.45866536719917395,0.5810660171779821,0.38123441388820145,0.10100291803409359,0.36669089351510525,0.34561540633953824,0.4257548274702671,0.4145802686422314
257,0.29166666666666663,0.41666666666666663,1,1,1,False,0.05133373849076821,0.10810595407958015,-2.886579864025407e-17,0.00883672374060255,0.0780764111507498,0.05310903998561728,0.05953483536838218,1.1718672338870755,0.8116635266188267,0.23925440363848088,0.8654208624486109,0.9197106258583174,0.796245198255386,0.7935263365663923,-0.7176111260566398,-0.47068386087051933,-0.10002797044853652,-0.39653414396508785,-0.3162113304190216,-0.4663479346966636,-0.45788228116795177,0.5663142143513081,0.37155583221561544,0.10100291803409359,0.3154633668565101,0.2557072346158029,0.42813468334634297,0.4163174326325083
258,0.3333333333333333,0.41666666666666663,1,1,1,False,0.05603596701050338,0.11041200116237014,-2.886579864025407e-17,0.03131144211419477,0.08834902170414043,0.054450607030880144,0.0610708992944783,1.1784503538147049,0.8162231543497692,0.23925440363848088,0.8260671258294608,0.8686633282906857,0.7951729483793791,0.7922958862638123,-0.7051111260566398,-0.46248506343379026,-0.10002797044853652,-0.3613308606684511,-0.2631016657452867,-0.4661646925750348,-0.4573082352582417,0.55,0.3608521604082821,0.10100291803409359,0.16496660274980268,0.11136167192053219,0.430459157484258,0.4180727363871891
259,0.375,0.41666666666666663,1,1,1,False,0.05977940459858368,0.11207908401283011,-2.886579864025407e-17,0.08247575269839572,0.0974951556919636,0.05560082158920217,0.06238418384042967,1.1836911664380172,0.8198530676481182,0.23925440363848088,0.7414153076551376,0.751458597908385,0.7940742309873234,0.7910622050576063,-0.6926111260566399,-0.4542862659970611,-0.10002797044853652,-0.31635023064959894,-0.21367071401458515,-0.4661006536105628,-0.45689780476248104,0.5324025148547634,0.3493065412584434,0.10100291803409359,-0.009598693624264507,-0.061057297062762195,0.4326983285410258,0.4198072241653178
260,0.41666666666666663,0.41666666666666663,1,1,3,True,0.06250000000000004,0.1130708843922389,-2.886579864025407e-17,0.1575004931051111,0.10338454691278177,0.13807782824092965,0.06350979187437594,1.1875000000000002,0.8224911576909371,0.23925440363848088,0.6010247349156107,0.5805875473042884,0.27089953213112167,0.7898467968856724,-0.6801111260566398,-0.4460874685603319,-0.10002797044853652,-0.233047725748681,-0.16853520398997995,0.0038247227296765857,-0.4566150515472943,0.5138228567653781,0.33711652351080357,0.10100291803409359,-0.18780219736811463,-0.21165599013086073,-0.6355694319040712,0.4214957107290421
261,0.4583333333333333,0.41666666666666663,3,3,3,True,0.06415120307314272,0.07703064056647499,-2.886579864025407e-17,0.21553845780653458,0.10407029847466619,0.13302291528916943,0.09621048709925897,0.2898116843023998,0.2007305665130452,0.23925440363848088,0.4475656823197803,0.39412065128168927,0.26951539578240824,0.2730766908407258,0.03238887394336021,0.021243985333229198,-0.10002797044853652,-0.11687163224954968,-0.12100950417005953,0.004310314178732816,0.018691295972126147,-0.9054210711669923,-0.5940420901996184,0.10100291803409359,-0.31867586612466653,-0.31567992823709323,-0.6382998818622724,-0.6414822881245268
262,0.5,0.41666666666666663,3,3,3,False,0.06470476127563024,0.07660956208719708,-2.886579864025407e-17,0.23748239848330316,0.10062473228358967,0.12714232282448557,0.09140357139849392,0.2905866657858823,0.20126733739097244,0.23925440363848088,0.3278475112715787,0.2419654840561556,0.26796314860583337,0.27216938852838485,0.04488887394336022,0.02944278276995835,-0.10002797044853652,0.013692454988162779,-0.061779416901815626,0.004869667128898213,0.018693225149449537,-0.925,-0.6068877243230199,0.10100291803409359,-0.42825600429477284,-0.37875385908620074,-0.6415166946662719,-0.6450879867360648
263,0.5416666666666666,0.41666666666666663,3,3,3,False,0.06415120307314273,0.07547506196927971,-2.886579864025407e-17,0.20745419412512786,0.09278367114503212,0.12025553465875466,0.08588383552953816,0.28981168430239984,0.20073056651304522,0.23925440363848088,0.23998592325650323,0.16247463249258473,0.2662291750630135,0.2711965236859333,0.0573888739433602,0.03764158020668748,-0.10002797044853652,0.11847873578706809,0.029902072376853973,0.0055143802277654655,0.018618609929427037,-0.9445789288330078,-0.6197333584464214,0.10100291803409359,-0.49493999894744395,-0.42090233932054183,-0.6453458032330526,-0.6493458445198037
264,0.5833333333333333,0.41666666666666663,3,3,3,False,0.06250000000000006,0.07363875783533623,-2.886579864025407e-17,0.1493693010870738,0.07978567212332663,0.11214680267200565,0.07953795894064597,0.2875000000000001,0.19912943817780585,0.23925440363848088,0.17190663864222736,0.15401674319944025,0.2643108114781685,0.2701720172720681,0.06988887394336019,0.045840377643416606,-0.10002797044853652,0.21126315664731257,0.10323076492696387,0.006254349211067926,0.018424708536073413,-0.9638228567653782,-0.6323592002084889,0.10100291803409359,-0.534932506441983,-0.44240894807556963,-0.64995246942726,-0.6544225185526976
265,0.625,0.41666666666666663,3,3,3,False,0.05977940459858368,0.07112427536927102,-2.886579864025407e-17,0.10218632805742386,0.06221182734081205,0.10257595234318782,0.07226598706960227,0.2836911664380172,0.19649134813498698,0.23925440363848088,0.13226868317679152,0.167446517565214,0.26222994696267155,0.26912267292386305,0.08238887394336022,0.054039175080145774,-0.10002797044853652,0.26170417816556113,0.17062296997217793,0.007092308860412462,0.01804925723745125,-0.9824025148547635,-0.6445492179561289,0.10100291803409359,-0.5528005456699574,-0.4581419125356204,-0.65555149163583,-0.6605300402341601
266,0.6666666666666666,0.41666666666666663,3,3,3,False,0.05603596701050339,0.06796684407427765,-2.886579864025407e-17,0.05882479965175778,0.042643650912029485,0.09132317541286371,0.06403265241814807,0.27845035381470473,0.1928614348366379,0.23925440363848088,0.10969099156533581,0.16931047598595725,0.2600569414206648,0.2680879209843565,0.09488887394336021,0.062237972516874907,-0.10002797044853652,0.26884066032089876,0.23271025098320242,0.008011798843676622,0.017407614044644873,-1.0,-0.6560948371059674,0.10100291803409359,-0.5659558412934956,-0.48170623636417337,-0.6624124937414642,-0.6679253449546536
267,0.7083333333333333,0.41666666666666663,3,3,3,False,0.05133373849076823,0.06421269448627172,-2.886579864025407e-17,0.0019686404030804707,0.0234017701673122,0.07832103318982467,0.054988218250257334,0.2718672338870755,0.18830180710569558,0.23925440363848088,0.08037503539090404,0.15285895672632344,0.25794544626999305,0.2670989473220296,0.10738887394336019,0.07043676995360404,-0.10002797044853652,0.2615532125231411,0.27606522976411985,0.008953351787294322,0.016404054006691992,-1.016314214351308,-0.6667985089133006,0.10100291803409359,-0.5828536582011825,-0.5140185234658373,-0.6708412251486624,-0.6768776290737866
268,0.75,0.41666666666666663,3,3,3,False,0.045753175473054866,0.059918267156603824,-2.886579864025407e-17,-0.043389753137228794,0.007584807531969478,0.0657498797049824,0.046710583190862735,0.2640544456622768,0.18289048143680395,0.23925440363848088,0.04111244869450197,0.1165828563732593,0.2581087472901273,0.26761544882232147,0.1198888739433602,0.0786355673903332,-0.10002797044853652,0.2498818459693078,0.2797885971640621,0.008813806586905299,0.014462478899268223,-1.0310660171779822,-0.6764770905858869,0.10100291803409359,-0.5768424192325884,-0.5444736762448648,-0.679072860056887,-0.685106378357568
269,0.7916666666666666,0.41666666666666663,3,3,3,False,0.03938976293782081,0.05514924693857771,-2.886579864025407e-17,-0.06795140683823776,-0.0041077261620538815,0.05685774371816014,0.041031826028872884,0.25514566811294914,0.17672004711246075,0.23925440363848088,0.0057335695546304735,0.05110370277069714,0.2603800083111313,0.2694955027427642,0.1323888739433602,0.08683436482706233,-0.10002797044853652,0.22433271312813005,0.21615236294625062,0.008138187980604662,0.012709378433874575,-1.0440030010436854,-0.684964978907898,0.10100291803409359,-0.5685435721980012,-0.5518293692599299,-0.6848701015853091,-0.6904887510241129
270,0.8333333333333333,0.41666666666666663,3,3,3,False,0.03235238063781514,0.049979439101398924,-2.886579864025407e-17,-0.06344869084965231,-0.013347475030942819,0.050172040509959326,0.036889325261442146,0.2452933328929412,0.16989608197472303,0.23925440363848088,-0.025713190335802782,0.007384566188709904,0.2625338689406734,0.2711445323381997,0.1448888739433602,0.09503316226379148,-0.10002797044853652,0.18859816688793096,0.13399726971816078,0.007895477830760403,0.011698764994098502,-1.0549038105676658,-0.6921169437568571,0.10100291803409359,-0.5497059550310034,-0.5421769331931845,-0.6896275680517245,-0.6948893812375122
271,0.875,0.41666666666666663,3,3,3,False,0.024761440135321933,0.04448950650155605,-2.886579864025407e-17,-0.051275420315096264,-0.01832584923498068,0.045087020261523274,0.033817420275792195,0.2346660161894507,0.16253534595905808,0.23925440363848088,-0.04228231788703085,-0.017843535386196416,0.26448259243674666,0.2725558133511713,0.15738887394336018,0.1032319597005206,-0.10002797044853652,0.1618713612377363,0.10722598779059639,0.007908258044933787,0.01114876109489459,-1.063581929876693,-0.6978106130312994,0.10100291803409359,-0.5203937015118663,-0.5115885185204521,-0.693535382443647,-0.6984860187342956
272,0.9166666666666666,0.41666666666666663,3,3,3,False,0.0167468245269452,0.0387655894189822,-2.886579864025407e-17,-0.03977910245246117,-0.023700759279962735,0.041163491471859805,0.03149685910897233,0.22344555433772328,0.15476378329947554,0.23925440363848088,-0.04719702106208168,-0.0128443241458197,0.26620626421785687,0.27375215581395296,0.1698888739433602,0.11143075713724974,-0.10002797044853652,0.1403616568996892,0.08654006080258059,0.008065665185146748,0.010883702267959783,-1.0698888739433603,-0.701948566471356,0.10100291803409359,-0.49861731760052774,-0.49488873724153,-0.6967627842673982,-0.7014396078871437
273,0.9583333333333333,0.41666666666666663,3,3,3,False,0.008445666107815488,0.03289783167298276,-2.886579864025407e-17,-0.038309689328771934,-0.02771105053592765,0.038090634430321124,0.029711420527567714,0.2118239325509417,0.14671436758776504,0.23925440363848088,-0.05982938494043438,-0.014125034482376196,0.2677154592586847,0.2747645580610215,0.1823888739433602,0.1196295545739789,-0.10002797044853652,0.1411653166367437,0.09635490172932062,0.008300633434352337,0.010795044581081333,-1.0737167292060716,-0.7044600025464097,0.10100291803409359,-0.46351205439021054,-0.47436206471622444,-0.6994485192378562,-0.7038828769401309
274,1.0,0.41666666666666663,3,3,3,False,7.924047878579419e-18,0.026978838236494506,-2.886579864025407e-17,-0.030757681370566253,-0.029360076243499487,0.035648986237598726,0.028313812257505677,0.2,0.13852482655847362,0.23925440363848088,-0.045551547257461335,-0.007122210833845052,0.2690323548398129,0.2756233745872285,0.1948888739433602,0.12782835201070805,-0.10002797044853652,0.12210942357786748,0.10079631410574562,0.00857320329367512,0.010815404787125378,-1.075,-0.7053019498889149,0.10100291803409359,-0.4567164442373687,-0.46096569564667084,-0.7017024350897956,-0.705921009972287
275,0.0,0.4583333333333333,1,1,1,False,0.0,0.07924753669716741,-2.886579864025407e-17,0.035434726876348986,0.031968301642978134,0.03561193222479226,0.03919190287174193,1.1,0.7618865460716049,0.23925440363848088,0.8349815773462893,0.830541120729406,0.7768909431881208,0.7760334323607103,-0.8012832707939285,-0.5255647381343364,-0.10002797044853652,-0.3928968471782022,-0.3746722418455007,-0.47733554394609323,-0.47315159639644344,0.6375,0.41826045865505423,0.10100291803409359,0.4095967896344358,0.4133448710257259,0.4306864797661946,0.42466071839036124
276,0.041666666666666664,0.4583333333333333,1,1,1,False,0.004259271713866468,0.08151555730800604,-2.886579864025407e-17,0.025346071539753285,0.03317323268514813,0.03549054382665255,0.039439680580480405,1.105962980399413,0.7660166501996062,0.23925440363848088,0.8386640738481479,0.8334535358480821,0.7803665888184323,0.7793118362391896,-0.7887832707939285,-0.5173659406976072,-0.10002797044853652,-0.3997072073733917,-0.3802140919065614,-0.47464151859850257,-0.47014419146783665,0.6362167292060715,0.41741851131254887,0.10100291803409359,0.41251862351999663,0.413579400431015,0.4303165152370051,0.42374108684471723
277,0.08333333333333333,0.4583333333333333,1,1,1,False,0.008445666107815464,0.08369473152911458,-2.886579864025407e-17,0.015634788878352603,0.032603110727929915,0.03537496976532449,0.03975764166230062,1.1118239325509418,0.7700760871008963,0.23925440363848088,0.8474770571933312,0.8391708979453312,0.7841350513274561,0.7828377346890071,-0.7762832707939284,-0.509167143260878,-0.10002797044853652,-0.4025484108036871,-0.38867676402046053,-0.4717966982033681,-0.46695490815244833,0.6323888739433603,0.41490707523749515,0.10100291803409359,0.41376105380302064,0.41370179677724955,0.4299499313813531,0.4227415110325854
278,0.125,0.4583333333333333,1,1,1,False,0.012487552813078716,0.08573997909644158,-2.886579864025407e-17,-0.00014070314563445347,0.03473346307577804,0.03527156787141733,0.04016431388722519,1.1174825739383103,0.7739953986846054,0.23925440363848088,0.8544868295429936,0.8474541672743903,0.7881862881861924,0.7865899724439998,-0.7637832707939285,-0.5009683458241488,-0.10002797044853652,-0.40990784870281505,-0.39168380146018505,-0.4688407147809589,-0.4636194305821653,0.626081929876693,0.41076912179743863,0.10100291803409359,0.4188252972314242,0.41131575283914806,0.4296052809702471,0.42166430126939397
279,0.16666666666666666,0.4583333333333333,1,1,1,False,0.01631577402750646,0.08760851126811323,-2.886579864025407e-17,-0.020620752277703117,0.03729881616370727,0.035190310656045394,0.04068256913870699,1.1228420836385091,0.7777075244428979,0.23925440363848088,0.8625899086512506,0.8651532787381795,0.7924789919561782,0.7905144255053804,-0.7512832707939285,-0.49276954838741976,-0.10002797044853652,-0.4183752351414682,-0.38580077116589795,-0.46584893932916954,-0.4602073763675134,0.6174038105676658,0.40507545252299626,0.10100291803409359,0.4274759709259517,0.4105342781092478,0.4293133340350026,0.4205203793567956
280,0.20833333333333331,0.4583333333333333,1,1,1,False,0.019864827824736406,0.08926056295167017,-2.886579864025407e-17,-0.04067852022971328,0.04134649340382474,0.03514693541885422,0.041339866788551324,1.1278107589546311,0.7811489488748539,0.23925440363848088,0.8716221538344253,0.8904496121667479,0.7969188850536572,0.7945035078251785,-0.7387832707939285,-0.4845707509506906,-0.10002797044853652,-0.4211911608625926,-0.36999436204608316,-0.46295234392964446,-0.4568403205055818,0.6065030010436853,0.39792348767403707,0.10100291803409359,0.4363796411497527,0.40720708479980183,0.4291240491578363,0.4193354656040527
281,0.25,0.4583333333333333,1,1,1,False,0.023073988910314334,0.09066007309582441,-2.886579864025407e-17,-0.04442390020789475,0.04612364149769013,0.03754616099198595,0.04411018869632674,1.1323035844744402,0.784260788254299,0.23925440363848088,0.8695978161293747,0.9125368945775552,0.795283940784552,0.792627551982267,-0.7262832707939285,-0.4763719535139615,-0.10002797044853652,-0.42867239638085747,-0.3419992614444264,-0.46279729049081986,-0.456118464339003,0.5935660171779821,0.38943559935202604,0.10100291803409359,0.43137741455821266,0.38631789883917506,0.4319829417830851,0.42133381848073537
282,0.29166666666666663,0.4583333333333333,1,1,1,False,0.02588834764831846,0.09177530170504487,-2.886579864025407e-17,-0.032056059411522224,0.05319015588151638,0.03968275915810503,0.04654573417390285,1.136243686707646,0.7869897981466863,0.23925440363848088,0.8495127645359866,0.9242700859420343,0.793657514977631,0.7907993138638929,-0.7137832707939286,-0.46817315607723237,-0.10002797044853652,-0.42006740092118566,-0.33058232658959263,-0.46284931294111403,-0.45566539243621895,0.5788142143513081,0.37975701767944003,0.10100291803409359,0.3816874336112808,0.3069098157109167,0.4347526506342462,0.4233516630514972
283,0.3333333333333333,0.4583333333333333,1,1,1,False,0.028259749580453884,0.09257937291968094,-2.886579864025407e-17,-0.0006315086480063123,0.06149451894947418,0.04157894568334717,0.048681571771306595,1.1395636494126355,0.7892892844361328,0.23925440363848088,0.8057658008337957,0.8751796733297218,0.7920759837594931,0.7890500869599705,-0.7012832707939285,-0.45997435864050323,-0.10002797044853652,-0.39155198999002977,-0.30916647036726885,-0.46304266802448124,-0.4554082323562544,0.5625,0.3690533458721067,0.10100291803409359,0.2420527782417813,0.17682569474138055,0.43738308749282057,0.42532540242469463
284,0.375,0.4583333333333333,1,1,1,False,0.030147619362184932,0.09305073486937245,-2.886579864025407e-17,0.053775827721695195,0.06893797149779182,0.04326033062658038,0.050554398659214676,1.142206667107059,0.7911199022746876,0.23925440363848088,0.7204183864432626,0.7506518406904112,0.7905609671585929,0.7873964132769933,-0.6887832707939285,-0.4517755612037741,-0.10002797044853652,-0.3587528784347614,-0.25645040501760447,-0.46332985901365403,-0.45529284972323125,0.5449025148547635,0.357507726722268,0.10100291803409359,0.08771519847407418,0.0187530016634223,0.4398504180954521,0.4272182941663056
285,0.41666666666666663,0.4583333333333333,1,1,3,True,0.0315196550181298,0.09317352843152688,-2.886579864025407e-17,0.1282997100703021,0.0745399208799086,0.13513652899617964,0.05219901837472548,1.1441275170253817,0.7924503292835902,0.23925440363848088,0.5797691534802794,0.5829808995164731,0.26687911159380057,0.7858451896080645,-0.6762832707939285,-0.4435767637670449,-0.10002797044853652,-0.28748299061363547,-0.18355027999296472,0.007208207194737699,-0.45527937065635504,0.5263228567653782,0.3453177089746282,0.10100291803409359,-0.057806034801528336,-0.12959558676150074,-0.6373695692156564,0.4290111006305691
286,0.4583333333333333,0.4583333333333333,3,3,3,True,0.03235238063781513,0.05660586081960007,-2.886579864025407e-17,0.19841868965499637,0.07647841189873793,0.13019609661753662,0.09235223986307815,0.2452933328929412,0.16989608197472303,0.23925440363848088,0.43635668786055926,0.3872123699046556,0.26530456699527993,0.27030790633124446,0.036216729206071524,0.023754690126516216,-0.10002797044853652,-0.16349905537804696,-0.10486173394789315,0.007920961639642635,0.022220362894809265,-0.8929210711669923,-0.5858409047357938,0.10100291803409359,-0.1948543544083677,-0.23475815541443695,-0.6400815249072986,-0.6437613867246951
287,0.5,0.4583333333333333,3,3,3,True,0.03263154805501293,0.05600796595246149,-2.886579864025407e-17,0.22734329733468464,0.07412052975530302,0.12452373691971363,0.0876574634698744,0.2456841672770181,0.17016678330105975,0.23925440363848088,0.31642889269765834,0.201160370507808,0.2635524860207366,0.2692685158885145,0.048716729206071535,0.03195348756324536,-0.10002797044853652,0.004061765343375495,0.006266456807516363,0.008731776316080742,0.022451905014716618,-0.9125,-0.5986865388591953,0.10100291803409359,-0.31861586037864986,-0.29839122398087103,-0.6432371213268059,-0.6473155560221614
288,0.5416666666666666,0.4583333333333333,3,3,3,True,0.03235238063781513,0.05505028222240478,-2.886579864025407e-17,0.18359096142764633,0.06821547608726367,0.11798122885271126,0.08235419468444799,0.2452933328929412,0.16989608197472303,0.23925440363848088,0.21221400418916708,0.08356708599313822,0.2616090954792985,0.26815229449590805,0.06121672920607152,0.040152284999974495,-0.10002797044853652,0.1763391836815087,0.1434960703475647,0.009654047048837981,0.02263688846532042,-0.9320789288330077,-0.6115321729825968,0.10100291803409359,-0.4084467299460753,-0.33525849133582974,-0.6469389393214533,-0.6514537484800289
289,0.5833333333333333,0.4583333333333333,3,3,3,True,0.031519655018129804,0.05374140187462418,-2.886579864025407e-17,0.1043462642385098,0.05782574654246035,0.11041215395528008,0.07637217563492363,0.24412751702538174,0.16908860977045911,0.23925440363848088,0.10938312738159568,0.04663718333113896,0.25946953938532935,0.2669676599088639,0.0737167292060715,0.04835108243670362,-0.10002797044853652,0.32691602825507077,0.2718626150024432,0.010698677269847003,0.022739846055858222,-0.9513228567653781,-0.6241580147446643,0.10100291803409359,-0.45527219345833114,-0.34981980062862905,-0.6513165749774958,-0.6563065505102539
290,0.625,0.4583333333333333,3,3,3,True,0.030147619362184932,0.052095926225813376,-2.886579864025407e-17,0.042618384845664534,0.04363966281050257,0.10165558667204914,0.0696660090807109,0.2422066671070589,0.16775818276155646,0.23925440363848088,0.02752484668359618,0.04672783640202777,0.2571478371748578,0.26573082572861956,0.08621672920607154,0.056549879873432796,-0.10002797044853652,0.43477950144258315,0.3796565914458091,0.011868136555314462,0.02270828385514642,-0.9699025148547635,-0.6363480324923042,0.10100291803409359,-0.46651282115052983,-0.3584839288301688,-0.6565309249441874,-0.6620323900519005
291,0.6666666666666666,0.4583333333333333,3,3,3,True,0.028259749580453887,0.05013421583158847,-2.886579864025407e-17,0.018432138032403695,0.02743189238777434,0.09158525360941938,0.06225914181991649,0.23956364941263544,0.1659275649230015,0.23925440363848088,-0.011316412424969445,0.02703451503627557,0.2546932585644837,0.2644632508863221,0.09871672920607152,0.06474867731016193,-0.10002797044853652,0.46377398119743934,0.4545412365395651,0.013144162739599528,0.022468858748478072,-0.9875,-0.6478936516421429,0.10100291803409359,-0.45329829908182195,-0.37010172785199963,-0.6627729396914414,-0.6688121222862893
292,0.7083333333333333,0.4583333333333333,3,3,3,True,0.02588834764831847,0.04788204211173644,-2.886579864025407e-17,-0.023161990989090008,0.011783452260633945,0.08020582750524037,0.05433454470307255,0.23624368670764587,0.16362807863355508,0.23925440363848088,-0.07935352973966736,-0.023487384638323765,0.25221283767966174,0.2631739380082126,0.11121672920607151,0.07294747474689106,-0.10002797044853652,0.47113492171404575,0.4974918574238973,0.01446424965769941,0.02193084947908575,-1.003814214351308,-0.6585973234494761,0.10100291803409359,-0.4363840121685544,-0.38816506632664466,-0.6702443567974397,-0.6768204823458688
293,0.75,0.4583333333333333,3,3,3,True,0.023073988910314338,0.0453701463940774,-2.886579864025407e-17,-0.0589478956086675,-0.0016292394415452927,0.06906100657291969,0.0471713446289097,0.23230358447444008,0.16089906874116766,0.23925440363848088,-0.1542450693737223,-0.08790097445706285,0.25220450397548994,0.26352477296967647,0.12371672920607155,0.08114627218362022,-0.10002797044853652,0.46466757379075935,0.5025564117550059,0.014234493084328413,0.019981339925717774,-1.0185660171779822,-0.6682759051220623,0.10100291803409359,-0.42783883495664876,-0.41297474169877557,-0.6775754698525698,-0.6841642031127827
294,0.7916666666666666,0.4583333333333333,3,3,3,True,0.019864827824736416,0.042633713921822525,-2.886579864025407e-17,-0.08541573449633197,-0.011979694617906166,0.06066242311022407,0.04206656732208263,0.227810758954631,0.15778722936172246,0.23925440363848088,-0.2029702481878363,-0.1433428138332881,0.25462928845563554,0.2654726336808203,0.1362167292060715,0.08934506962034934,-0.10002797044853652,0.44202580833926913,0.4488548989247425,0.01295340617855801,0.017650833272626787,-1.0315030010436852,-0.6767637934440732,0.10100291803409359,-0.4302994403084253,-0.42435486170704917,-0.6830113393010324,-0.6891767081202425
295,0.8333333333333333,0.4583333333333333,3,3,3,True,0.016315774027506474,0.03971177182430737,-2.886579864025407e-17,-0.0776431056858419,-0.0204410859041229,0.05410403675074219,0.03819979286673095,0.22284208363850908,0.15434580492976668,0.23925440363848088,-0.22390627147509068,-0.15814363110194202,0.2569696913178704,0.26723889359601105,0.1487167292060715,0.09754386705707849,-0.10002797044853652,0.3911071554200561,0.3595414547555931,0.012127938618391607,0.016064930340362275,-1.0424038105676658,-0.6839157582930324,0.10100291803409359,-0.42732307497824384,-0.41820550071728124,-0.6875765039438673,-0.6933744442431053
296,0.875,0.4583333333333333,3,3,3,True,0.01248755281307872,0.03664652135198879,-2.886579864025407e-17,-0.0638670272828916,-0.02687409714784622,0.048946673905500046,0.0352366085969079,0.21748257393831022,0.1506336791714742,0.23925440363848088,-0.2120016240298203,-0.15688640196574274,0.259133971580395,0.2687997287320954,0.16121672920607152,0.10574266449380763,-0.10002797044853652,0.3203412774801383,0.2938989439869803,0.011618093111910786,0.01499026168960664,-1.0510819298766931,-0.6896094275674749,0.10100291803409359,-0.4097945476875571,-0.3952200700533183,-0.691407817599994,-0.6968826904751375
297,0.9166666666666666,0.4583333333333333,3,3,3,True,0.008445666107815473,0.03348261580134905,-2.886579864025407e-17,-0.053078879280263544,-0.031553572589182025,0.044850383895750356,0.03293382651218628,0.21182393255094167,0.14671436758776502,0.23925440363848088,-0.19299228339312086,-0.14183402537404358,0.2610907555309747,0.2701625576604595,0.17371672920607154,0.1139414619305368,-0.10002797044853652,0.2629579275977481,0.23648210533666636,0.011322582030117299,0.014265746684939655,-1.0573888739433603,-0.6937473810075314,0.10100291803409359,-0.3896845896652233,-0.38473244920147803,-0.6946332897499001,-0.6998214879562905
298,0.9583333333333333,0.4583333333333333,3,3,3,True,0.004259271713866481,0.030266396484612875,-2.886579864025407e-17,-0.05079159306035618,-0.03375063905275849,0.041560688995994036,0.03111813447123507,0.20596298039941308,0.14265493068647497,0.23925440363848088,-0.18076358010609453,-0.12854173912704642,0.26283959003645085,0.27134717657723517,0.18621672920607155,0.12214025936726593,-0.10002797044853652,0.2325122288147811,0.20973867660940632,0.011171236506414592,0.013782172100108613,-1.0612167292060715,-0.696258817082585,0.10100291803409359,-0.3596505550309341,-0.3697105676941688,-0.6973627881173752,-0.7022949336106963
299,1.0,0.4583333333333333,3,3,3,True,3.996212087679462e-18,0.02704509981704698,-2.886579864025407e-17,-0.042981793950143184,-0.03611917246066586,0.0388890926778537,0.029666230960370646,0.2,0.13852482655847362,0.23925440363848088,-0.15727793601298817,-0.11025238044645398,0.2643943359711961,0.27237663310483223,0.1987167292060715,0.13033905680399505,-0.10002797044853652,0.1938887264105489,0.1954869902540768,0.011116294664901927,0.013465621739642743,-1.0625,-0.6971007644250904,0.10100291803409359,-0.3490245641129237,-0.3613698466004789,-0.6996869131572803,-0.7043892107159486
300,0.0,0.5,1,1,1,False,0.0,0.07940652600121408,-2.886579864025407e-17,0.03138725545155148,0.021769946662101046,0.024325909463797618,0.02754927365361085,1.1,0.7618865460716049,0.23925440363848088,0.8243100876960971,0.8120702834205442,0.7740289429742594,0.7732446685242917,-0.8,-0.5247230359506652,-0.10002797044853652,-0.37328184913340356,-0.34407182367637834,-0.4755380519192589,-0.4724917408818684,0.65,0.4264616441188788,0.10100291803409359,0.41131675548749697,0.41986851097244837,0.4358327827039768,0.43081837740527984
301,0.041666666666666664,0.5,1,1,1,False,1.998106043839729e-18,0.07892988797285044,-2.886579864025407e-17,0.02251340129717901,0.021273259110976772,0.0232518007672156,0.02686083798328355,1.1,0.7618865460716049,0.23925440363848088,0.8282177656367493,0.8068333696398926,0.777457118210404,0.7764747296909739,-0.7875000000000001,-0.516524238513936,-0.10002797044853652,-0.3830207193230978,-0.3506603204392025,-0.47233517406027214,-0.4690719482758607,0.6487167292060716,0.42561969677637357,0.10100291803409359,0.4179694446106902,0.42192448193639914,0.43586644291315857,0.43033682257265393
302,0.08333333333333333,0.5,1,1,1,False,3.962023939289706e-18,0.07841136542503661,-2.886579864025407e-17,0.014437172133022301,0.020637834378797952,0.022060233672061363,0.026134136605232033,1.1,0.7618865460716049,0.23925440363848088,0.8270984072535127,0.7974122784405928,0.7811416527602618,0.779910723306908,-0.775,-0.5083254410772068,-0.10002797044853652,-0.38718551274718693,-0.3556676506966288,-0.46893334750685345,-0.4654391181148824,0.6448888739433603,0.4231082607013197,0.10100291803409359,0.4308676295989817,0.42653774051801,0.43597996110420195,0.4298445297246416
303,0.125,0.5,1,1,1,False,5.858150506657873e-18,0.07785203643338025,-2.886579864025407e-17,-0.0033731646907542976,0.021125830064644815,0.020744624639893412,0.025380162756165073,1.1,0.7618865460716049,0.23925440363848088,0.8305861373192313,0.8058300026856332,0.7850266621794948,0.7834835103531259,-0.7625000000000001,-0.5001266436404778,-0.10002797044853652,-0.401586569469695,-0.36069653098662335,-0.4654035497440181,-0.46166460457894976,0.638581929876693,0.4189703072612632,0.10100291803409359,0.4418370015474618,0.4277054686758199,0.4362177544419653,0.4293649921969217
304,0.16666666666666666,0.5,1,1,1,False,7.654042494670956e-18,0.07725367728305678,-2.886579864025407e-17,-0.025566248695798384,0.022089994785823047,0.01930674747881457,0.024619259225157723,1.1,0.7618865460716049,0.23925440363848088,0.8364180029534403,0.812129443663129,0.7889851919984772,0.7870516518060435,-0.75,-0.4919278462037485,-0.10002797044853652,-0.4161798107067993,-0.3685653827740115,-0.461888896090134,-0.45789000910365474,0.6299038105676658,0.41327663798682085,0.10100291803409359,0.45799178293390475,0.43454495071630306,0.43664864027664907,0.4289404278330998
305,0.20833333333333331,0.5,1,1,1,False,9.318971693498729e-18,0.0766187320760777,-2.886579864025407e-17,-0.04873353089447815,0.02383579045665759,0.017765736398637343,0.023885879708476762,1.1,0.7618865460716049,0.23925440363848088,0.8439386525650251,0.8488885891415849,0.7927689164268226,0.7903546459736903,-0.7375,-0.48372904876701944,-0.10002797044853652,-0.431288700028437,-0.38503576762541514,-0.4586505014156558,-0.4543688927300728,0.6190030010436853,0.4061246731378617,0.10100291803409359,0.477131210087239,0.43564862169696267,0.43737872687842305,0.4286431164986869
306,0.25,0.5,1,1,1,False,1.0824450702943665e-17,0.07595027091202737,-2.886579864025407e-17,-0.06048926977120481,0.025511978331436008,0.02054783541837453,0.027217994059123528,1.1,0.7618865460716049,0.23925440363848088,0.846993887805365,0.8822673516743524,0.7901980596119877,0.7875081798006371,-0.7250000000000001,-0.4755302513302903,-0.10002797044853652,-0.4467124729915521,-0.3880946947521911,-0.45908278314232637,-0.45415964103827033,0.6060660171779821,0.39763678481585063,0.10100291803409359,0.48478683094223457,0.4205940418242615,0.44089511299978956,0.4310942489400479
307,0.29166666666666663,0.5,1,1,1,False,1.2144720359756524e-17,0.07525193735780808,-2.886579864025407e-17,-0.06747411988557227,0.029852160498329762,0.023246058192574137,0.030345543155137596,1.1,0.7618865460716049,0.23925440363848088,0.829242833520146,0.909063278679716,0.7878822973525019,0.7849674738267594,-0.7125,-0.4673314538935611,-0.10002797044853652,-0.44250530590480447,-0.39742381618200756,-0.45968257798038487,-0.45417197541751586,0.5913142143513082,0.3879582031432646,0.10100291803409359,0.44191796736345307,0.3639059268845978,0.4441309977780391,0.4334120116381809
308,0.3333333333333333,0.5,1,1,1,False,1.3257190484061335e-17,0.0745278861052001,-2.886579864025407e-17,-0.03138064871485261,0.036590658133483916,0.02578784674118642,0.03321860371587823,1.1,0.7618865460716049,0.23925440363848088,0.7791759571182809,0.8728540072616162,0.785803338241917,0.7827069668416878,-0.7000000000000001,-0.45913265645683204,-0.10002797044853652,-0.4231160890919682,-0.4028733668719128,-0.4603681479830487,-0.4543229093099705,0.575,0.37725453133593123,0.10100291803409359,0.33452330052941404,0.24894262187403005,0.4470637929182591,0.4355552999905551
309,0.375,0.5,1,1,1,False,1.4142826403596253e-17,0.07378271188293341,-2.886579864025407e-17,0.014780317636051976,0.042994686127819384,0.028142475767108904,0.03582665294971238,1.1,0.7618865460716049,0.23925440363848088,0.6856756830450726,0.7514462592960343,0.7839395884188891,0.7806977464055661,-0.6875,-0.4509338590201028,-0.10002797044853652,-0.40028878065318285,-0.3455332779943754,-0.46108817608424313,-0.4545580616939899,0.5574025148547634,0.3657089121860926,0.10100291803409359,0.2064024501000332,0.10904258465611934,0.44970054512414287,0.4375123890174688
310,0.41666666666666663,0.5,1,1,1,True,1.478647464223337e-17,0.0730213708396052,-2.886579864025407e-17,0.09034148572962145,0.04813664051205597,0.030303038950893743,0.03817960377185371,1.1,0.7618865460716049,0.23925440363848088,0.5414486247134975,0.5735967301177329,0.7822687191733937,0.7789108658292452,-0.675,-0.44273506158337367,-0.10002797044853652,-0.3353584713366013,-0.2165911879338934,-0.4618111212571222,-0.454841921834506,0.5388228567653781,0.35351889443845275,0.10100291803409359,0.09531717970037425,-0.026618986181937643,0.45206244785020705,0.43928737056902
311,0.4583333333333333,0.5,2,1,3,True,1.5177122200156603e-17,0.038815200102742226,-2.886579864025407e-17,0.17508693893449062,0.05055514241297752,0.12768272376853437,-0.05663953888664283,-1.0,-0.692624132792368,0.23925440363848088,0.38985982917050405,0.35470280024902356,0.261569886535373,-0.7415440416089258,1.0375,0.6805001872485189,-0.10002797044853652,-0.19712062373882303,-0.059245821750373726,0.011140533899326503,0.729493496774952,0.5195789288330077,0.34089305267638526,0.10100291803409359,-0.040459106919160964,-0.1307553103971658,-0.6416714672621988,0.30041047475899046
312,0.5,0.5,2,3,3,True,1.5308084989341915e-17,0.038037410804144585,-2.886579864025407e-17,0.20387184430686575,0.04949595497286395,0.1222264805731255,-0.05632839343668744,-1.0,-0.692624132792368,0.23925440363848088,0.2588141926534988,0.1400714472735178,0.2596842360451715,-0.7399222961875431,1.05,0.6886989846852479,-0.10002797044853652,0.008205513214270288,0.12986807353791027,0.01213420780684698,0.7300701932857434,0.5,0.3280474185529837,0.10100291803409359,-0.171044506565664,-0.1981489526458874,-0.6447506777081038,0.3002420996374455
313,0.5416666666666666,0.5,2,3,3,True,1.5177122200156603e-17,0.03725962150554694,-2.886579864025407e-17,0.15201283753262596,0.04521786084123042,0.1160167891674453,-0.055998902616758606,-1.0,-0.692624132792368,0.23925440363848088,0.1357948398798846,-0.009514500776751637,0.25760856599845605,-0.7381544209484308,1.0625,0.6968977821219772,-0.10002797044853652,0.24936555315994108,0.3066723877707575,0.013250421882205321,0.7306879682542118,0.4804210711669923,0.3152017844295822,0.10100291803409359,-0.2863905161473551,-0.23088434589050968,-0.6483163847737082,0.3001266706787939
314,0.5833333333333333,0.5,2,3,3,True,1.4786474642233373e-17,0.03648734640854515,-2.886579864025407e-17,0.042657499835708546,0.036987469042213734,0.10894071280253784,-0.055660305932778036,-1.0,-0.692624132792368,0.23925440363848088,-0.0031146490973259612,-0.08623076111185071,0.2553381906946323,-0.7362404597678958,1.075,0.7050965795587062,-0.10002797044853652,0.4663741212159793,0.4441344537797107,0.014498172024830482,0.7313448267062389,0.46117714323462194,0.3025759426675147,0.10100291803409359,-0.34175554472844827,-0.2402667497723956,-0.6524703844061264,0.30009850167630525
315,0.625,0.5,2,2,3,True,1.4142826403596253e-17,0.035726005365216966,-2.886579864025407e-17,-0.02215584249509926,0.025813393974792584,0.10089159642514303,-0.05533075177832593,-1.0,-0.692624132792368,0.23925440363848088,-0.11139247435666225,-0.1277658161187554,0.25288347894061175,-0.734194960925131,1.0875,0.7132953769954353,-0.10002797044853652,0.5958620490332012,0.5468109612930728,0.015877091975216986,0.7320350199623158,0.44259748514523656,0.2903859249198748,0.10100291803409359,-0.3321850003926256,-0.24031368627713148,-0.6573339307248814,0.30020941968819176
316,0.6666666666666666,0.5,2,2,2,True,1.3257190484061336e-17,0.03498083114295027,-2.886579864025407e-17,-0.028268636413465064,0.012772074028782759,-0.05160888639397447,-0.05504306420091872,-1.0,-0.692624132792368,0.23925440363848088,-0.18801905907830416,-0.1983937383507408,-0.7438433972776833,-0.7320597198872508,1.1,0.7214941744321646,-0.10002797044853652,0.6362025241338172,0.6156489585289937,0.7557687785842142,0.732747053057756,0.42500000000000004,0.27884030577003616,0.10100291803409359,-0.2829076615322424,-0.23510117295331184,0.30365399250490693,0.3005367351080913
317,0.7083333333333333,0.5,2,2,2,True,1.2144720359756528e-17,0.03425677989034227,-2.886579864025407e-17,-0.04238281514139537,-0.000145344318483287,-0.051488208355280674,-0.05485304772651883,-1.0,-0.692624132792368,0.23925440363848088,-0.2828683311494555,-0.3130334970353875,-0.7408820422989446,-0.7299257269169153,1.1125,0.7296929718688937,-0.10002797044853652,0.6435631837544005,0.6378789501820138,0.7537698999520048,0.7334612223371701,0.40868578564869196,0.2681366339627029,0.10100291803409359,-0.242943352335022,-0.2333237266082179,0.3038270318011089,0.30119292324962443
318,0.75,0.5,2,2,2,True,1.0824450702943668e-17,0.033558446336122996,-2.886579864025407e-17,-0.06463684509255987,-0.011440739609049538,-0.0519270216186618,-0.05502737538837775,-1.0,-0.692624132792368,0.23925440363848088,-0.3755974055204796,-0.3846458354113553,-0.7380989046625325,-0.7282501694984463,1.125,0.7378917693056228,-0.10002797044853652,0.6355213297520649,0.6395941965599377,0.74848756005821,0.7313389344850105,0.39393398282201786,0.25845805229011676,0.10100291803409359,-0.23652110918126107,-0.24732078948061384,0.3045656723452751,0.3024718000116042
319,0.7916666666666666,0.5,2,2,2,True,9.318971693498733e-18,0.032889985172072665,-2.886579864025407e-17,-0.08581958399684353,-0.020609469556061768,-0.05268352555643159,-0.055407998379530386,-1.0,-0.692624132792368,0.23925440363848088,-0.42843625717745015,-0.3849254243272595,-0.7352029938668773,-0.7265176775184212,1.1375,0.746090566742352,-0.10002797044853652,0.6106571005094248,0.6270763213073645,0.7407408490230781,0.7263835281235944,0.3809969989563148,0.24997016396810579,0.10100291803409359,-0.25892736117369897,-0.2601288270571062,0.3052728485047157,0.30361707796399534
320,0.8333333333333333,0.5,2,2,2,True,7.654042494670962e-18,0.032255039965093574,-2.886579864025407e-17,-0.08226200781200396,-0.028208560852679934,-0.05333785362143965,-0.05574615618176021,-1.0,-0.692624132792368,0.23925440363848088,-0.41674243308230297,-0.3670983282061095,-0.7322065647473378,-0.7245013362041784,1.15,0.7542893641790811,-0.10002797044853652,0.5630608205411983,0.5813586062487227,0.7337540106449488,0.7216113374957333,0.37009618943233424,0.24281819911914662,0.10100291803409359,-0.2779235515257495,-0.26439533937153403,0.3056216274276006,0.30435925018826476
321,0.875,0.5,2,2,2,True,5.858150506657875e-18,0.0316566808147701,-2.886579864025407e-17,-0.0772763326544931,-0.03374626151960814,-0.05389867623427988,-0.05604469401918872,-1.0,-0.692624132792368,0.23925440363848088,-0.37253722873442907,-0.3238886325441277,-0.7292915260378937,-0.7224027710836831,1.1625,0.7624881616158102,-0.10002797044853652,0.4836678605132532,0.5056890232965945,0.7275252318845324,0.7171475509032209,0.36141807012330696,0.2371245298447042,0.10100291803409359,-0.27412451199032717,-0.2586591682236326,0.3057537325726276,0.3048318572094229
322,0.9166666666666666,0.5,2,2,2,True,3.96202393928971e-18,0.031097351823113732,-2.886579864025407e-17,-0.06939120363842333,-0.037723428132058576,-0.054378172089053996,-0.056307416177900124,-1.0,-0.692624132792368,0.23925440363848088,-0.3287143905820816,-0.2974416611299757,-0.7265443668347641,-0.7203343733095943,1.175,0.7706869590525395,-0.10002797044853652,0.4026315343542679,0.4383902301814928,0.721998950052242,0.7130382937568263,0.35511112605663975,0.2329865764046477,0.10100291803409359,-0.2653229309596797,-0.26017294238741917,0.3057581720317668,0.3051254300185661
323,0.9583333333333333,0.5,2,2,2,True,1.9981060438397353e-18,0.030578829275299903,-2.886579864025407e-17,-0.0643766464379232,-0.04016347336382009,-0.054788600324757096,-0.05653837508482574,-1.0,-0.692624132792368,0.23925440363848088,-0.2963964813198843,-0.25893696873195216,-0.7239992242747184,-0.7183551030657711,1.1875,0.7788857564892685,-0.10002797044853652,0.33696463680101574,0.366037508879781,0.717100465842674,0.7092874512037801,0.35128327079392846,0.23047514032959393,0.10100291803409359,-0.2456561375810858,-0.25645372658187604,0.30568985951438915,0.305300327765955
324,1.0,0.5,2,2,2,True,1.874699728327322e-33,0.030102191246936274,-2.886579864025407e-17,-0.056491131961926816,-0.04190958923199786,-0.055141010016765836,-0.05674150546234074,-1.0,-0.692624132792368,0.23925440363848088,-0.2671048293420026,-0.2283765478364565,-0.7216625260133919,-0.7164927245252731,1.2,0.7870845539259976,-0.10002797044853652,0.28574370024354767,0.3277648525759619,0.712752690622164,0.7058777716976661,0.35,0.2296331929870886,0.10100291803409359,-0.237610990694283,-0.25527235423560934,0.30558232709043864,0.30539659428420335
325,0.0,0.5416666666666666,1,1,1,False,0.0,0.07965904317262562,-2.886579864025407e-17,0.02815958310687388,0.01487287226759772,0.018550239148620834,0.021503136372831987,1.1,0.7618865460716049,0.23925440363848088,0.8057922294143649,0.7919684266891447,0.7609164641675743,0.7602302085641539,-0.8012832707939285,-0.5255647381343364,-0.10002797044853652,-0.3704212443408324,-0.3265693302206251,-0.47924598658346945,-0.4765754088457831,0.6625,0.4346628295827034,0.10100291803409359,0.41222547436403734,0.42537375928280696,0.4460235343988693,0.44129133915135943
326,0.041666666666666664,0.5416666666666666,1,1,1,False,-0.004259271713866457,0.07643774650505976,-2.886579864025407e-17,0.019616078874154196,0.013852750013808025,0.017242886988944175,0.020501211018770546,1.094037019600587,0.7577564419436036,0.23925440363848088,0.8092040273650694,0.7860329644544908,0.7629745466964706,0.76214101306999,-0.7887832707939284,-0.5173659406976072,-0.10002797044853652,-0.3846097006667996,-0.32865002725510456,-0.4765654229435583,-0.47375237958595595,0.6612167292060716,0.43382088224019805,0.10100291803409359,0.4199272216500955,0.4290052558462056,0.44684482029221856,0.4416945549114132
327,0.08333333333333333,0.5416666666666666,1,1,1,False,-0.008445666107815442,0.07322152718832357,-2.886579864025407e-17,0.010708592469641407,0.011001703179347837,0.01580671171869015,0.019425714250027704,1.0881760674490584,0.7536970050423133,0.23925440363848088,0.801304403538456,0.7685043805739904,0.7651361062776312,0.7641232668923663,-0.7762832707939284,-0.509167143260878,-0.10002797044853652,-0.38375975740703566,-0.327767486484487,-0.47371348067985997,-0.47075628501292915,0.6573888739433602,0.4313094461651443,0.10100291803409359,0.43737825049110307,0.4349982725063263,0.44782671997222945,0.44219569925155766
328,0.125,0.5416666666666666,1,1,1,False,-0.012487552813078685,0.07005762163768384,-2.886579864025407e-17,-0.0033013659576044646,0.010208210945901769,0.014232720262972322,0.018278827277051456,1.0825174260616899,0.7497776934586043,0.23925440363848088,0.8032264173349654,0.7721312695875095,0.7673645286682329,0.7661328055407426,-0.7637832707939285,-0.5009683458241488,-0.10002797044853652,-0.40045511542431256,-0.3461687944920379,-0.470719512090479,-0.467619499466092,0.651081929876693,0.4271714927250878,0.10100291803409359,0.4507775436986898,0.4395664054618833,0.44901101456938386,0.442824442349434
329,0.16666666666666666,0.5416666666666666,1,1,1,False,-0.01631577402750642,0.06699237116536527,-2.886579864025407e-17,-0.025569616341295738,0.009530374548922957,0.01251661874500986,0.01706855676159981,1.077157916361491,0.7460655677003118,0.23925440363848088,0.8040309883524205,0.7666551184933973,0.7695911218663283,0.768092360630416,-0.7512832707939285,-0.49276954838741976,-0.10002797044853652,-0.42055523689554264,-0.3741213315630999,-0.4676442744890326,-0.46440613635489203,0.6424038105676658,0.42147782345064544,0.10100291803409359,0.4682235214367845,0.44975244318558133,0.45045240573595025,0.44362074389440054
330,0.20833333333333331,0.5416666666666666,1,1,1,False,-0.019864827824736354,0.06407042906785014,-2.886579864025407e-17,-0.05139605171784784,0.009242458020434371,0.010663728011431908,0.01581228297602555,1.0721892410453693,0.7426241432683561,0.23925440363848088,0.8085406194073022,0.8017661235784204,0.7716959458620618,0.7698733924574694,-0.7387832707939285,-0.4845707509506906,-0.10002797044853652,-0.4399792735957757,-0.425195988649264,-0.46459842338635604,-0.4612294003742925,0.6315030010436853,0.4143258586016863,0.10100291803409359,0.48843759988613944,0.45269966883822865,0.45222241301304633,0.44463823662387547
331,0.25,0.5416666666666666,1,1,1,False,-0.023073988910314275,0.061333996595595235,-2.886579864025407e-17,-0.06404047851661952,0.008181473835989973,0.012679029927728666,0.01831197907587641,1.0676964155255602,0.739512303888911,0.23925440363848088,0.8179262591531575,0.8381000648001636,0.7699729869352285,0.7679634364845516,-0.7262832707939285,-0.4763719535139615,-0.10002797044853652,-0.45204963704745693,-0.46053801940726424,-0.4649976431710832,-0.4610974991036014,0.6185660171779821,0.4058379702796752,0.10100291803409359,0.49501669517775954,0.4450164808456778,0.4550063318316683,0.4465289561781099
332,0.29166666666666663,0.5416666666666666,1,1,1,False,-0.025888347648318395,0.05882210087793621,-2.886579864025407e-17,-0.07603518463007251,0.010166598415880412,0.014795530190562303,0.02083312699394244,1.0637563132923544,0.7367832939965235,0.23925440363848088,0.8028784893824785,0.8768896613064984,0.7685452971563733,0.7663728505363275,-0.7137832707939284,-0.4681731560772323,-0.10002797044853652,-0.4523095012194229,-0.4755253985845734,-0.4654412165671668,-0.4610399798015473,0.6038142143513081,0.3961593886070892,0.10100291803409359,0.46968884562821234,0.409194096414121,0.45746783638765237,0.4481922737854056
333,0.3333333333333333,0.5416666666666666,1,1,1,False,-0.02825974958045381,0.0565699271580842,-2.886579864025407e-17,-0.061257324802533215,0.015250324829260482,0.016919911392093707,0.02329305947476054,1.0604363505873649,0.7344838077070771,0.23925440363848088,0.743946669098944,0.8566280529098573,0.7673515515824797,0.7650378790169621,-0.7012832707939285,-0.45997435864050323,-0.10002797044853652,-0.43958415027853515,-0.4719630982386651,-0.46590311482320745,-0.46103265847544084,0.5875,0.3854557167997559,0.10100291803409359,0.38796727882383114,0.32647508036306705,0.45963922872082663,0.4496525092104493
334,0.375,0.5416666666666666,1,1,1,False,-0.030147619362184856,0.05460821676385928,-2.886579864025407e-17,-0.015697346102811316,0.020829371829233043,0.01899500149025831,0.025645173041202823,1.0577933328929412,0.732653189868522,0.23925440363848088,0.62519179613455,0.7383279318036564,0.7663450609448161,0.7639092542922417,-0.6887832707939285,-0.4517755612037741,-0.10002797044853652,-0.4181537245511292,-0.43009342020558616,-0.46636704577191457,-0.4610593792752621,0.5699025148547634,0.3739100976499172,0.10100291803409359,0.32756928294439386,0.21112154794398602,0.46155460200189047,0.4509345979367104
335,0.41666666666666663,0.5416666666666666,1,1,1,True,-0.03151965501812972,0.05296274111504848,-2.886579864025407e-17,0.047198268855421235,0.025512664606441193,0.02098764245264815,0.02786593084293356,1.0558724829746184,0.7313227628596194,0.23925440363848088,0.47433009298656903,0.5347319016196688,0.7654899631877455,0.7629486149914015,-0.6762832707939285,-0.4435767637670449,-0.10002797044853652,-0.35045894090371177,-0.2605244978876841,-0.4668229555271324,-0.461109149469204,0.5513228567653782,0.3617200799022774,0.10100291803409359,0.2692248795686613,0.08735846554006148,0.4632465405748425,0.4520620045031614
336,0.4583333333333333,0.5416666666666666,2,1,3,True,-0.032352380637815044,0.018219965127406697,-2.886579864025407e-17,0.11922300049347136,0.028005473597101434,0.12544413709787228,-0.056220173300241885,-1.045293332892941,-0.7239953882086173,0.23925440363848088,0.3119653159114896,0.28424698773140783,0.2582472503487192,-0.7433058976274041,1.0362167292060716,0.6796584850648476,-0.10002797044853652,-0.19419845143704725,0.021926624775795267,0.014017059049548211,0.7286431761174627,0.5320789288330078,0.3490942381402099,0.10100291803409359,0.15403625484395903,-0.013583093998906726,-0.6430927650948145,0.3008834141574367
337,0.5,0.5416666666666666,2,1,3,False,-0.032631548055012845,0.01726228139734997,-2.886579864025407e-17,0.1433684676392567,0.02739725289190409,0.12020497658161762,-0.0558576347329133,-1.045684167277018,-0.7242660895349541,0.23925440363848088,0.15996321313925166,0.05543613507660357,0.25627705634784614,-0.7416317019645965,1.0487167292060715,0.6878572825015767,-0.10002797044853652,0.0539162500333104,0.2958050491004664,0.015141078162787244,0.7291687670296235,0.5125,0.3362486040168083,0.10100291803409359,0.014600939382841,-0.0834866049644196,-0.6460863106232495,0.30073149208850714
338,0.5416666666666666,0.5416666666666666,2,3,2,False,-0.032352380637815044,0.016664386530211395,-2.886579864025407e-17,0.08839677996721115,0.02406257705726117,-0.05213077556356428,-0.055466674958883876,-1.045293332892941,-0.7239953882086173,0.23925440363848088,0.0030324505349881258,-0.10735664882965595,-0.7532001755498395,-0.7397789381010637,1.0612167292060715,0.6960560799383059,-0.10002797044853652,0.34038608683587696,0.5101836200582487,0.7581039850551595,0.7297245615852539,0.4929210711669923,0.3234029698934068,0.10100291803409359,-0.11131705926220894,-0.1172397538758013,0.30422811225296076,0.3006409554116911
339,0.5833333333333333,0.5416666666666666,2,2,2,False,-0.03151965501812973,0.016428716683988407,-2.886579864025407e-17,-0.003619656268141769,0.017876361728848284,-0.05170737047431082,-0.05505611910160684,-1.0441275170253816,-0.7231879160043535,0.23925440363848088,-0.16662826039694814,-0.23029188921640198,-0.7505670141753807,-0.737738462114259,1.0737167292060716,0.7042548773750351,-0.10002797044853652,0.5916040937211002,0.6129370582826507,0.7567745701002669,0.7303032981784416,0.47367714323462196,0.3107771281313393,0.10100291803409359,-0.16875153637126733,-0.12235503960143895,0.3040422258192005,0.30065368697990186
340,0.625,0.5416666666666666,2,2,2,False,-0.030147619362184856,0.016551510246142844,-2.886579864025407e-17,-0.044678731977823516,0.009477828347014036,-0.05130571904844476,-0.05464610428158287,-1.042206667107059,-0.7218574889954509,0.23925440363848088,-0.3100583102170082,-0.3177679248328851,-0.7476563139594098,-0.7355153301900812,1.0862167292060716,0.7124536748117641,-0.10002797044853652,0.7025712877885534,0.6829371563645039,0.7551462196601478,0.7308907075643454,0.4550974851452365,0.2985871103836994,0.10100291803409359,-0.12859574873307267,-0.10862181265329987,0.3039479100324244,0.3008352339583904
341,0.6666666666666666,0.5416666666666666,2,2,2,False,-0.028259749580453814,0.01702287219583435,-2.886579864025407e-17,-0.03764584931879572,-0.0010055647166009561,-0.050978188755452826,-0.05427701080562744,-1.0395636494126352,-0.7200268711568958,0.23925440363848088,-0.4106245500743038,-0.44524674839364975,-0.7444868354808543,-0.7331447924863665,1.0987167292060716,0.7206524722484934,-0.10002797044853652,0.7348388319174843,0.7117725963349586,0.7531397376498882,0.7314615456452755,0.4375,0.28704149123386075,0.10100291803409359,-0.06220561260186958,-0.08908145296158845,0.30401112941251995,0.30128728868017984
342,0.7083333333333333,0.5416666666666666,2,2,2,False,-0.025888347648318405,0.017826943410470402,-2.886579864025407e-17,-0.03967878286180972,-0.011892942923451971,-0.050815485384487366,-0.05402372774695298,-1.0362436867076457,-0.7177273848674494,0.23925440363848088,-0.50450374358339,-0.578692529696625,-0.7411378277494496,-0.7307222426406073,1.1112167292060715,0.7288512696852224,-0.10002797044853652,0.7352170673888139,0.7123766758037886,0.750662979759245,0.7319743462973185,0.4211857856486919,0.27633781942652746,0.10100291803409359,-0.022035707850056773,-0.07794669726758355,0.30433464752808737,0.30216410591617593
343,0.75,0.5416666666666666,2,2,2,False,-0.02307398891031428,0.018942172019690867,-2.886579864025407e-17,-0.047573283606740166,-0.021644429076079382,-0.05134620465775223,-0.054267306990019255,-1.03230358447444,-0.7149983749750619,0.23925440363848088,-0.570881441006249,-0.6202226527048486,-0.737971484788839,-0.728748304154614,1.1237167292060715,0.7370500671219515,-0.10002797044853652,0.7198712230291937,0.7043836038158915,0.7447449270052067,0.7293783527885532,0.40643398282201787,0.26665923775394135,0.10100291803409359,-0.018332204609162947,-0.08337987547367054,0.305247055991431,0.30365319222570547
344,0.7916666666666666,0.5416666666666666,2,2,2,False,-0.019864827824736364,0.020341682163845094,-2.886579864025407e-17,-0.06559053919808717,-0.029388716687169966,-0.05224292228935592,-0.05478060002158146,-1.0278107589546308,-0.7118865355956168,0.23925440363848088,-0.5884152052003434,-0.601679950497473,-0.7347099000374449,-0.726676046895649,1.1362167292060716,0.7452488645586808,-0.10002797044853652,0.6939860700822987,0.6993886901977622,0.7364501380980417,0.7238226647839583,0.39349699895631474,0.2581713494319303,0.10100291803409359,-0.0562182581263726,-0.09331493490979756,0.30597961128275214,0.3047998386988971
345,0.8333333333333333,0.5416666666666666,2,2,2,False,-0.016315774027506433,0.021993733847402035,-2.886579864025407e-17,-0.07793340987269112,-0.03566086080463525,-0.052995475586269825,-0.055218428031745904,-1.022842083638509,-0.708445111163661,0.23925440363848088,-0.5533147198896499,-0.565316085664866,-0.7313803614101824,-0.7243239560757952,1.1487167292060716,0.7534476619954099,-0.10002797044853652,0.6558168007196581,0.6814603781725018,0.7290976413580713,0.7185834393153357,0.3825961894323342,0.2510193845829712,0.10100291803409359,-0.09335155890745274,-0.10546788524953295,0.3062977437170315,0.30548194179730015
346,0.875,0.5416666666666666,2,2,2,False,-0.012487552813078688,0.02386226601907368,-2.886579864025407e-17,-0.0894732324733924,-0.04013884502331429,-0.05362513996334013,-0.05559287109442036,-1.0174825739383102,-0.7047329854053686,0.23925440363848088,-0.49848135579049163,-0.487113321692379,-0.7281946303924522,-0.7219340247951274,1.1612167292060716,0.7616464594321392,-0.10002797044853652,0.6005282480249946,0.6320233038622155,0.7226527505578836,0.7137810261243629,0.37391807012330697,0.24532571530852879,0.10100291803409359,-0.10726075636179776,-0.11742555715701737,0.3063801207518629,0.3058715474655758
347,0.9166666666666666,0.5416666666666666,2,2,2,False,-0.008445666107815452,0.025907513586400668,-2.886579864025407e-17,-0.09099646958805017,-0.04337485549129561,-0.05415316829020307,-0.055914164236042355,-1.0118239325509417,-0.7008136738216594,0.23925440363848088,-0.4466234288762764,-0.4429955805002024,-0.7252408047497417,-0.7196285385245251,1.1737167292060715,0.7698452568688682,-0.10002797044853652,0.5290785562811724,0.5951884860817971,0.7170230478360657,0.7094412414349202,0.36761112605663976,0.24118776186847235,0.10100291803409359,-0.10967383212645652,-0.12949986224142251,0.3063324912348563,0.3060782675426555
348,0.9583333333333333,0.5416666666666666,2,2,2,False,-0.0042592717138664705,0.028086687807509215,-2.886579864025407e-17,-0.08535136543168896,-0.04445282617608247,-0.05459811056941846,-0.05619090510422233,-1.005962980399413,-0.6967542369203693,0.23925440363848088,-0.39996381242832435,-0.3819473519045379,-0.7225446544369074,-0.7174635866171621,1.1862167292060715,0.7780440543055973,-0.10002797044853652,0.44207583343050866,0.5341207493317588,0.7121021391531717,0.7055451716812304,0.36378327079392847,0.23867632579341855,0.10100291803409359,-0.11505831484335406,-0.14071694150751898,0.30621647332627366,0.3061710536641115
349,1.0,0.5416666666666666,2,2,2,False,-3.996212087679452e-18,0.030354708418347826,-2.886579864025407e-17,-0.07917705635089432,-0.04601962496676523,-0.054975323272938394,-0.056430286521785965,-1.0,-0.692624132792368,0.23925440363848088,-0.3689709202136783,-0.34284953640737204,-0.7201020191848199,-0.7154596731057782,1.1987167292060716,0.7862428517423264,-0.10002797044853652,0.38809731206290293,0.4894977784285246,0.70778828613323,0.7020551896676086,0.3625,0.23783437845091318,0.10100291803409359,-0.10815607769083774,-0.14905672845949086,0.3060676422903816,0.3061932167274898
350,0.0,0.5833333333333333,1,1,1,False,0.0,0.08000428806753138,-2.886579864025407e-17,0.027920407203670165,0.010533116643885926,0.013583110212094816,0.016281781133120295,1.1,0.7618865460716049,0.23925440363848088,0.787035810929251,0.7748192574722887,0.7491779448920745,0.7485924363870791,-0.8051111260566398,-0.5280754429276233,-0.10002797044853652,-0.3793945644294902,-0.3372060016940428,-0.483161164991966,-0.4808025793243784,0.6749999999999999,0.44286401504652795,0.10100291803409359,0.4122315137325981,0.43416234418321076,0.4547972720279205,0.45031978979727333
351,0.041666666666666664,0.5833333333333333,1,1,1,False,-0.008445666107815443,0.07408529463104313,-2.886579864025407e-17,0.019083281928591544,0.007545759794309329,0.012144370202696736,0.01508295124143886,1.0881760674490584,0.7536970050423133,0.23925440363848088,0.790001301614389,0.7702151209315746,0.7501757033986083,0.7494826692887377,-0.7926111260566397,-0.5198766454908942,-0.10002797044853652,-0.39700824844421756,-0.3367796634896131,-0.48102182736875154,-0.47856821716090275,0.6737167292060715,0.44202206770402264,0.10100291803409359,0.4220037557797013,0.4385625389013778,0.45614236340138153,0.45132236609333526
352,0.08333333333333333,0.5833333333333333,1,1,1,False,-0.016746824526945144,0.0682175368850437,-2.886579864025407e-17,0.01265779736669237,0.006314501421593687,0.010580999930211242,0.013797069647074639,1.0765544456622769,0.745647589330603,0.23925440363848088,0.7800932595369677,0.7588700532266226,0.7511670209792664,0.7503468579755741,-0.7801111260566398,-0.511677848054165,-0.10002797044853652,-0.3944852430347363,-0.3291975123088602,-0.47876802114589156,-0.4762220268612931,0.6698888739433602,0.43951063162896886,0.10100291803409359,0.43496940676534207,0.444033262408066,0.4576810229463576,0.45247449382751537
353,0.125,0.5833333333333333,1,1,1,False,-0.02476144013532187,0.06249361980246986,-2.886579864025407e-17,0.00031195268388230967,0.004919762198278263,0.008885215229461736,0.01242287615613303,1.0653339838105496,0.7378760266710205,0.23925440363848088,0.7784293724706652,0.7594314781542989,0.7521197157888935,0.7511489256270467,-0.7676111260566398,-0.5034790506174359,-0.10002797044853652,-0.40960841484983956,-0.3651832535345334,-0.4764181373170029,-0.47378511653037086,0.663581929876693,0.4353726781889124,0.10100291803409359,0.4478008904955321,0.45072332352380706,0.45944907090745957,0.45380486760564115
354,0.16666666666666666,0.5833333333333333,1,1,1,False,-0.032352380637815044,0.057003687202627,-2.886579864025407e-17,-0.018359808505192626,0.0001433536369766647,0.007052387933709214,0.01096282898474999,1.054706667107059,0.7305152906553556,0.23925440363848088,0.7748952077021102,0.7603187807573155,0.7529846455577592,0.7518353858494112,-0.7551111260566398,-0.49528025318070673,-0.10002797044853652,-0.43032240245947034,-0.4058767363084281,-0.4740064800898939,-0.47129496303081836,0.6549038105676658,0.42967900891447003,0.10100291803409359,0.4605233906728852,0.46080915061048106,0.46148943026574224,0.4553480624861284
355,0.20833333333333331,0.5833333333333333,1,1,1,False,-0.039389762937820705,0.05183387936544822,-2.886579864025407e-17,-0.046795369386998534,-0.0017393906007061241,0.005083884588272795,0.009425373118120521,1.0448543318870511,0.7236913255176177,0.23925440363848088,0.7726661700533016,0.777100621728777,0.7536879627047643,0.7523279693762456,-0.7426111260566398,-0.48708145574397765,-0.10002797044853652,-0.4530947897839835,-0.45785518248098334,-0.47159110256665915,-0.46881287148597284,0.6440030010436852,0.42252704406551084,0.10100291803409359,0.47050426772288634,0.46582465723764177,0.46385298507121636,0.457145253826747
356,0.25,0.5833333333333333,1,1,1,False,-0.04575317547305476,0.04706485914742211,-2.886579864025407e-17,-0.06505619396298382,-0.00395124619896739,0.0066684936779964,0.011438142576905563,1.0359455543377234,0.7175208911932746,0.23925440363848088,0.7760149001290464,0.7957876232884924,0.7528048503565778,0.7513114962010616,-0.7301111260566397,-0.47888265830724847,-0.10002797044853652,-0.46023763157032865,-0.48747712735071147,-0.47163310384131185,-0.46840575704373455,0.631066017177982,0.4140391557434998,0.10100291803409359,0.47543253901372273,0.4633397378122078,0.46595811620803895,0.45848396738047836
357,0.29166666666666663,0.5833333333333333,1,1,1,False,-0.0513337384907681,0.04277043181775423,-2.886579864025407e-17,-0.08471019778368338,-0.004088952037822974,0.008410333604692968,0.013555022281464782,1.0281327661129247,0.7121095655243831,0.23925440363848088,0.7586716627723892,0.81770854694433,0.7521596526738019,0.7505439201723535,-0.7176111260566398,-0.47068386087051933,-0.10002797044853652,-0.4590749167561991,-0.4966672268086296,-0.4717146080130355,-0.4680560839841669,0.6163142143513081,0.4043605740709138,0.10100291803409359,0.4639289812181538,0.43985729397583956,0.46779168326805776,0.45961498901794096
358,0.3333333333333333,0.5833333333333333,1,1,1,False,-0.056035967010503264,0.03901628222974829,-2.886579864025407e-17,-0.08529234053052773,-0.0004498719762537698,0.010226049891273993,0.015697117813800968,1.0215496461852955,0.7075499377934408,0.23925440363848088,0.6895860998020567,0.8011810389500718,0.7516946511667567,0.749966973107858,-0.7051111260566398,-0.46248506343379026,-0.10002797044853652,-0.44557595924982124,-0.49018412621564444,-0.4718226758467467,-0.4677532109695583,0.6,0.39365690226358047,0.10100291803409359,0.42619353050195247,0.38754811519019194,0.46938968021890287,0.4605712831658576
359,0.375,0.5833333333333333,1,1,1,False,-0.059779404598583545,0.03585885093475493,-2.886579864025407e-17,-0.04554381923476953,0.004321182268587444,0.01205867512981905,0.01781262729081839,1.0163088335619832,0.7039200244950916,0.23925440363848088,0.5551508159071185,0.6744764062778057,0.751366629509019,0.7495367721838488,-0.6926111260566398,-0.45428626599706107,-0.10002797044853652,-0.41951329067249005,-0.44231755364660497,-0.4719483505222053,-0.4674892324949712,0.5824025148547635,0.38211128311374176,0.10100291803409359,0.4061725001478174,0.31436420722872777,0.47078466115980133,0.46138109561746593
360,0.41666666666666663,0.5833333333333333,1,1,1,True,-0.06249999999999991,0.033344368468689746,-2.886579864025407e-17,0.012512755624325014,0.008058257590699114,0.013870170147981444,0.019868739593164868,1.0125000000000002,0.7012819344522727,0.23925440363848088,0.391093877014971,0.44941946530515564,0.7511431374946872,0.7492201338237514,-0.6801111260566398,-0.4460874685603319,-0.10002797044853652,-0.33481466627051454,-0.2615663558767054,-0.47208532609658665,-0.4672580394180192,0.5638228567653781,0.369921265366102,0.10100291803409359,0.3945256807376748,0.22217072376279673,0.4720052708671681,0.46206826149510033
361,0.4583333333333333,0.5833333333333333,2,1,1,True,-0.06415120307314258,-0.0019258313051149333,-2.886579864025407e-17,0.05802020284404345,0.009868719339637004,0.015635888904312813,-0.05573248526881599,-1.0898116843023997,-0.7548298727469396,0.23925440363848088,0.22050873168075175,0.17468418465296695,0.7509996974767346,-0.7453811328344304,1.0323888739433602,0.6771477802715606,-0.10002797044853652,-0.1528496838844052,0.09336818368608893,-0.47222910355087977,0.7276886955475474,0.5445789288330077,0.35729542360403443,0.10100291803409359,0.33625226486567117,0.12779522038719607,0.47307629245471566,0.30138614841010725
362,0.5,0.5833333333333333,2,1,2,False,-0.0647047612756301,-0.0030603314230323174,-2.886579864025407e-17,0.07169929696836891,0.00885673075189062,-0.05211477136010327,-0.05530608979972523,-1.090586665785882,-0.7553666436248666,0.23925440363848088,0.050057897180047495,-0.06600184483138347,-0.7573323963257295,-0.7436762127035978,1.0448888739433602,0.6853465777082897,-0.10002797044853652,0.12439068155682885,0.4119070636320832,0.7573459835382889,0.7281410218035145,0.525,0.34444978948063293,0.10100291803409359,0.20492911328326305,0.05463183179619137,0.30469327871974605,0.3012537136090798
363,0.5416666666666666,0.5833333333333333,2,2,2,False,-0.0641512030731426,-0.00348140990231025,-2.886579864025407e-17,0.026681110919885027,0.005491330215471799,-0.05162603229093079,-0.05483691227399506,-1.0898116843023997,-0.7548298727469396,0.23925440363848088,-0.14593778323238793,-0.23173395785236067,-0.7548553971633496,-0.741756774186559,1.0573888739433603,0.693545375145019,-0.10002797044853652,0.4229248100939714,0.6517586296686296,0.7560270114885086,0.7286048972742211,0.5054210711669923,0.3316041553572314,0.10100291803409359,0.07533525286792386,0.015074761524786692,0.30446250138158326,0.3011925437862141
364,0.5833333333333333,0.5833333333333333,2,2,2,False,-0.062499999999999924,-0.0031896559623703297,-2.886579864025407e-17,-0.033359664902747985,0.0006275703489941852,-0.05111642315532046,-0.054331964145606426,-1.0875,-0.7532287444117001,0.23925440363848088,-0.36238144832956726,-0.36220160321757855,-0.7520484182212708,-0.7396005241285422,1.0698888739433603,0.701744172581748,-0.10002797044853652,0.6692869642196041,0.7344442042952662,0.7544087306193268,0.72906362608516,0.4861771432346219,0.3189783135951639,0.10100291803409359,0.026558688626120805,0.010748385755695904,0.3042948518443289,0.3012540460433287
365,0.625,0.5833333333333333,2,2,2,False,-0.059779404598583545,-0.002197855582961503,-2.886579864025407e-17,-0.05711992778494539,-0.005570219071780916,-0.050616991729100724,-0.053812282970112334,-1.0836911664380169,-0.7505906543688813,0.23925440363848088,-0.5397781042891912,-0.4555791388799826,-0.7488817312939912,-0.7371970795715527,1.0823888739433603,0.7099429700184772,-0.10002797044853652,0.7625102613072833,0.7578147034873077,0.752402059568346,0.7294873121097256,0.4675974851452365,0.306788295847524,0.10100291803409359,0.07803973108779018,0.032937911910606424,0.30424629915037704,0.3015219787249021
366,0.6666666666666666,0.5833333333333333,2,2,2,False,-0.05603596701050327,-0.0005307727325015469,-2.886579864025407e-17,-0.04053359674192228,-0.013790516118651203,-0.05019138271946951,-0.05332673206246989,-1.0784503538147046,-0.7469607410705321,0.23925440363848088,-0.6351217271955518,-0.5836607337233441,-0.7453544708263768,-0.7345673491493554,1.0948888739433602,0.7181417674552062,-0.10002797044853652,0.7798500782110173,0.7557321371243313,0.7498919361875247,0.7298246210205244,0.45,0.29524267669768534,0.10100291803409359,0.1404815338992826,0.053036897917799836,0.304410791113081,0.30213237375397883
367,0.7083333333333333,0.5833333333333333,2,2,2,False,-0.05133373849076812,0.0017752743502884125,-2.886579864025407e-17,-0.030048522380839694,-0.022828506360563865,-0.049960727342695965,-0.05297676446214965,-1.0718672338870754,-0.7424011133395898,0.23925440363848088,-0.6863129832390906,-0.6984912640946184,-0.741537856950951,-0.731804006426737,1.1073888739433602,0.7263405648919354,-0.10002797044853652,0.776074114219433,0.7368544818690851,0.7467393425337174,0.7299909349314561,0.4336857856486919,0.28453900489035205,0.10100291803409359,0.16537267048698673,0.06656728758198407,0.30494402028801787,0.3033022075113221
368,0.75,0.5833333333333333,2,2,2,False,-0.04575317547305477,0.004673034571517737,-2.886579864025407e-17,-0.02677796610761429,-0.03092515053029444,-0.05061178874364628,-0.05331615632311865,-1.0640544456622767,-0.7369897876706982,0.23925440363848088,-0.6910957543175276,-0.7505309837224536,-0.7378807291360887,-0.7294317264311039,1.1198888739433603,0.7345393623286646,-0.10002797044853652,0.7581040860790494,0.7202979460204013,0.7400258053238301,0.7267444032086912,0.4189339828220179,0.274860423217766,0.10100291803409359,0.14778901266768985,0.07336091538404461,0.306094144756057,0.30506382431043433
369,0.7916666666666666,0.5833333333333333,2,2,2,False,-0.039389762937820726,0.008105132461443171,-2.886579864025407e-17,-0.03711790886801809,-0.03711543085275376,-0.05169301471838227,-0.05401310173590117,-1.055145668112949,-0.730819353346355,0.23925440363848088,-0.6813532342192774,-0.7369393285334251,-0.73415035347377,-0.726894071500674,1.1323888739433603,0.7427381597653938,-0.10002797044853652,0.7342950326015244,0.7103171918980986,0.7311685364080809,0.7204926192061076,0.40599699895631475,0.26637253489575496,0.10100291803409359,0.11641502410973893,0.06623389828042164,0.30684480686774157,0.3061858981064347
370,0.8333333333333333,0.5833333333333333,2,2,2,False,-0.03235238063781507,0.01200504988466374,-2.886579864025407e-17,-0.059741546091802454,-0.042477250113703444,-0.0525696195022666,-0.05458328687737514,-1.045293332892941,-0.7239953882086173,0.23925440363848088,-0.6450212754066609,-0.6846903832775835,-0.7304137722843019,-0.7241085094003495,1.1448888739433603,0.750936957202123,-0.10002797044853652,0.703727289201026,0.6966753105721969,0.723485269370173,0.7147521110001279,0.3950961894323342,0.2592205700467958,0.10100291803409359,0.08499353026997941,0.0495144674241637,0.30711375007572916,0.30677243917201935
371,0.875,0.5833333333333333,2,2,2,False,-0.02476144013532188,0.01629826418385969,-2.886579864025407e-17,-0.08390042008953946,-0.04422418239554452,-0.053283831043675525,-0.055055439811159713,-1.0346660161894505,-0.7166346521929523,0.23925440363848088,-0.5958471730543222,-0.6058629122342164,-0.7269135394293004,-0.7213618570627283,1.1573888739433602,0.759135754638852,-0.10002797044853652,0.6662109990002211,0.6729873343954825,0.7168872035180716,0.709619575392038,0.386418070123307,0.2535269007723534,0.10100291803409359,0.06407964977859984,0.019092709877299184,0.3071283673542051,0.3070467019980089
372,0.9166666666666666,0.5833333333333333,2,2,2,False,-0.01674682452694516,0.020903523283120798,-2.886579864025407e-17,-0.10154171388778196,-0.04694770515076826,-0.053870474927281316,-0.05545039541168051,-1.0234455543377232,-0.7088630895333699,0.23925440363848088,-0.5464738205441216,-0.5497054905816036,-0.723731782141263,-0.7187800159007465,1.1698888739433602,0.7673345520755812,-0.10002797044853652,0.6220996068070622,0.6620663245092115,0.7112290634243054,0.7050832551695402,0.38011112605663977,0.24938894733229694,0.10100291803409359,0.056435424009425084,0.0011026798185964776,0.30701405268349635,0.3071405680350321
373,0.9583333333333333,0.5833333333333333,2,2,2,False,-0.008445666107815471,0.025734235933492576,-2.886579864025407e-17,-0.10085972902327973,-0.04891631887870886,-0.054356818436099096,-0.055783735349107376,-1.0118239325509417,-0.7008136738216594,0.23925440363848088,-0.49504888248422385,-0.47716931331635626,-0.720878249119875,-0.7164086022848529,1.1823888739433603,0.7755333495123103,-0.10002797044853652,0.544743924639687,0.6425753500825337,0.7063628835731551,0.7010890892831305,0.3762832707939284,0.2468775112572431,0.10100291803409359,0.02806184405630148,-0.023757099248829155,0.30683908247003777,0.30713133588767955
374,1.0,0.5833333333333333,2,2,2,False,-7.924047878579402e-18,0.030699953313253567,-2.886579864025407e-17,-0.1010801874850096,-0.04892181633918468,-0.05476385078921283,-0.056067386368626515,-1.0,-0.692624132792368,0.23925440363848088,-0.4623892326588863,-0.43275361762602116,-0.7183324268804734,-0.7142546365679165,1.1948888739433603,0.7837321469490395,-0.10002797044853652,0.5000038435708841,0.6264378828914232,0.702156893426743,0.6975711801378165,0.375,0.24603556391473777,0.10100291803409359,0.03365812511326892,-0.03891652373423017,0.30664031344245385,0.3070644056575526
375,0.0,0.625,1,1,1,False,0.0,0.0804398739450026,-2.886579864025407e-17,0.0323454441234235,0.0066557288731468114,0.009420246187485506,0.011892306986723652,1.1,0.7618865460716049,0.23925440363848088,0.776456937396898,0.7606868349621081,0.7390609825831289,0.7385670880041598,-0.811418070123307,-0.5322121914754142,-0.10002797044853652,-0.404493299932742,-0.37942102147710544,-0.4867975225898522,-0.48469664770906057,0.6875,0.4510652005103526,0.10100291803409359,0.4160117999401466,0.44505701031568345,0.46213525059339544,0.4578781421135265
376,0.041666666666666664,0.625,1,1,1,False,-0.012487552813078702,0.07191630394953098,-2.886579864025407e-17,0.02372521013139725,0.004593852336818763,0.007930522746296659,0.010591776390111239,1.0825174260616899,0.7497776934586043,0.23925440363848088,0.7768309757966063,0.7609235401702221,0.7393015385917683,0.7387292807577983,-0.798918070123307,-0.524013394038685,-0.10002797044853652,-0.42084355064120793,-0.3847605322954043,-0.48510963950115416,-0.48294497834048483,0.6862167292060716,0.45022325316784734,0.10100291803409359,0.42744505160741,0.4506671848977618,0.46379006438373177,0.4592481482845705
377,0.08333333333333333,0.625,1,1,1,False,-0.024761440135321902,0.06348853467159744,-2.886579864025407e-17,0.018621150459940956,0.002300995873159982,0.0063287201863861525,0.00920475600428347,1.0653339838105493,0.7378760266710203,0.23925440363848088,0.77071355022805,0.7637347980049027,0.7394733381511793,0.7388108395779116,-0.786418070123307,-0.5158145966019559,-0.10002797044853652,-0.4192885317057886,-0.38493327903362806,-0.4833527510835047,-0.4811283050834335,0.6823888739433602,0.44771181709279345,0.10100291803409359,0.43144122262063406,0.45603931258085856,0.4656401018460398,0.4607817118260165
378,0.125,0.625,1,1,1,False,-0.03661165235168155,0.05529297359121941,-2.886579864025407e-17,0.004947000031238814,-0.0009413458032299579,0.004609398121780829,0.007729533613190426,1.0487436867076458,0.7263851865273541,0.23925440363848088,0.767250993210261,0.7644287480189972,0.7395481656706582,0.7387816273392812,-0.773918070123307,-0.5076157991652267,-0.10002797044853652,-0.43155891731005064,-0.4149366730741247,-0.4815409827009408,-0.47926277277802454,0.676081929876693,0.443573863652737,0.10100291803409359,0.43882635291378186,0.46384208901631563,0.46771355829187666,0.4625027007826219
379,0.16666666666666666,0.625,1,1,1,False,-0.04783542904563621,0.047462055041773914,-2.886579864025407e-17,-0.012934240494441942,-0.004656444516290208,0.0027695544613346446,0.00616704046769561,1.0330303993361094,0.7155017844883264,0.23925440363848088,0.7629620668317328,0.768307546140629,0.7394879951167921,0.7386015581340355,-0.7614180701233071,-0.4994170017284976,-0.10002797044853652,-0.44524747561134015,-0.4514314590312537,-0.4796974394598193,-0.47737380097841686,0.6674038105676658,0.4378801943782947,0.10100291803409359,0.44408611124267633,0.46997956075417613,0.47004236822911416,0.464438140399681
380,0.20833333333333331,0.625,1,1,1,False,-0.05824072828613352,0.040121974221835666,-2.886579864025407e-17,-0.03952223748621143,-0.006906819267727994,0.0008103744286590484,0.004522310808400716,1.0184629803994132,0.705412038580274,0.23925440363848088,0.7513838882375429,0.7586936886900371,0.7392416586598852,0.7382174407755794,-0.748918070123307,-0.49121820429176843,-0.10002797044853652,-0.4627981177954725,-0.4704367719209112,-0.4778577930214575,-0.4754995079593997,0.6565030010436853,0.4307282295293355,0.10100291803409359,0.45117967345778837,0.4760820029703412,0.472662072163999,0.4666180582758498
381,0.25,0.625,1,1,1,False,-0.06764951251827461,0.03339052796034161,-2.886579864025407e-17,-0.06185559739791734,-0.010907735839395097,0.0021081264075335435,0.006198449324799488,1.0052906824744157,0.6962885871530898,0.23925440363848088,0.7349095291604694,0.7468547054581478,0.7389471044174742,0.737825423017952,-0.7364180701233071,-0.48301940685503936,-0.10002797044853652,-0.46937113417450205,-0.47213320818424837,-0.4775966767779173,-0.4748510590527817,0.6435660171779821,0.4222403412073244,0.10100291803409359,0.4593295549572674,0.4778884129688847,0.4742759973505335,0.46756462185201286
382,0.29166666666666663,0.625,1,1,1,False,-0.07590079483523972,0.027375099180188326,-2.886579864025407e-17,-0.08543331446941725,-0.013040208547957774,0.0035738414887258874,0.008006673960997572,0.9937388872306645,0.6882875349901918,0.23925440363848088,0.7015209002431726,0.7328616999380764,0.7388376355815245,0.73762297147966,-0.723918070123307,-0.47482060941831017,-0.10002797044853652,-0.46937912797815323,-0.47504456411674106,-0.4773820553931706,-0.47426019661544794,0.6288142143513081,0.4125617595347384,0.10100291803409359,0.4589306863548615,0.46529792341531606,0.4756716488786608,0.4683371547843099
383,0.3333333333333333,0.625,1,1,1,False,-0.08285339350889794,0.022170819546649116,-2.886579864025407e-17,-0.09410276427514692,-0.011837815855682964,0.0051392658881079245,0.009880187534504273,0.984005249087543,0.6815457823123976,0.23925440363848088,0.6214894911777163,0.6821916068142585,0.7388656645825911,0.7375625469271121,-0.711418070123307,-0.46662181198158104,-0.10002797044853652,-0.45131518215976746,-0.47252169789333065,-0.47720541128189775,-0.4737206020273884,0.6125,0.40185808772740506,0.10100291803409359,0.44753585635211135,0.43641150122386363,0.4768791200742716,0.4689650506411911
384,0.375,0.625,1,1,1,False,-0.08838834764831843,0.017858941738205663,-2.886579864025407e-17,-0.06577241094157595,-0.00884778916151168,0.006754612504709108,0.011771482911715744,0.9762563132923543,0.6761786823771913,0.23925440363848088,0.48976259168331887,0.5419052977270735,0.7389950720438683,0.7376080404972524,-0.6989180701233071,-0.45842301454485196,-0.10002797044853652,-0.41084719144959453,-0.4198000024294455,-0.4770601899941083,-0.4732270111053126,0.5949025148547635,0.39031246857756646,0.10100291803409359,0.45167709602410594,0.39136153928179274,0.4779249046992266,0.4694729925198518
385,0.41666666666666663,0.625,1,1,1,True,-0.09241095265359651,0.01450544919069174,-2.886579864025407e-17,-0.02055554430088233,-0.0067630735060539016,0.008384065256426428,0.013647415868857982,0.970624666284965,0.6722780677525054,0.23925440363848088,0.3139699604936469,0.314804861601345,0.7391984855817573,0.7377320371828548,-0.686418070123307,-0.45022421710812277,-0.10002797044853652,-0.3007091079702521,-0.2545006722813119,-0.47694121109893717,-0.4727748789944533,0.5763228567653782,0.37812245082992657,0.10100291803409359,0.4481963080117738,0.3369423679826349,0.4788319990632548,0.4698815534572794
386,0.4583333333333333,0.625,2,1,2,True,-0.09485238063781508,-0.02127396853744918,-2.886579864025407e-17,0.011035788446922774,-0.005758070305424037,-0.05212601383978462,-0.055160813829450574,-1.1327933328929412,-0.7845999998279496,0.23925440363848088,0.11778513581802236,0.02939833461227856,-0.7616657819748409,-0.7478397128850292,1.026081929876693,0.6730110317237697,-0.10002797044853652,-0.0807746241966487,0.10941152804731369,0.7564928267675132,0.7266149820715851,0.5570789288330078,0.3654966090678591,0.10100291803409359,0.40812668926137535,0.2671677413580479,0.3051872519557104,0.3019157812738902
387,0.5,0.625,2,2,2,False,-0.09567085809127243,-0.022579181622209718,-2.886579864025407e-17,0.0035432539937024013,-0.006933338615820406,-0.05159925762118693,-0.05465442286136929,-1.1339392013277814,-0.7853936559589249,0.23925440363848088,-0.08241704077139632,-0.23649814777383976,-0.7594409039970627,-0.7461401994783231,1.038581929876693,0.6812098291604989,-0.10002797044853652,0.21898789223656953,0.47056370592335334,0.7551747388374579,0.7269642079703295,0.5375,0.35265097494445746,0.10100291803409359,0.3166036891229503,0.19682488546951601,0.30492468134889567,0.30180540667624467
388,0.5416666666666666,0.625,2,2,2,False,-0.09485238063781509,-0.02282954713464449,-2.886579864025407e-17,-0.01368210727288699,-0.009843562795897726,-0.05101942117031347,-0.05408481635921532,-1.1327933328929412,-0.7845999998279496,0.23925440363848088,-0.31403731952403,-0.3919624103427989,-0.7568746934050192,-0.7441890444824932,1.051081929876693,0.689408626597228,-0.10002797044853652,0.5131800190704495,0.7245621393324845,0.7535600377985019,0.7272941537348651,0.5179210711669923,0.33980534082105596,0.10100291803409359,0.20187626787781351,0.1519376714691179,0.3046983369570459,0.3017775391970805
389,0.5833333333333333,0.625,2,2,2,False,-0.09241095265359653,-0.02202857524036835,-2.886579864025407e-17,-0.04489405958951305,-0.01398279673505327,-0.05039686387615581,-0.05345466721345547,-1.1293753337150352,-0.7822326111114675,0.23925440363848088,-0.5399347853694911,-0.4867833444275735,-0.7539061222773658,-0.7419460905223392,1.063581929876693,0.6976074240339573,-0.10002797044853652,0.7358316009605476,0.7874360371540412,0.7515543116526814,0.7275713151923697,0.4986771432346219,0.32717949905898847,0.10100291803409359,0.16181369038117724,0.1412838866457937,0.30455079118731215,0.3018954206130514
390,0.625,0.625,2,2,2,False,-0.08838834764831843,-0.02019776477951078,-2.886579864025407e-17,-0.049235511286694164,-0.01857660043202816,-0.04976306977877058,-0.052783251444963104,-1.1237436867076458,-0.7783319964867816,0.23925440363848088,-0.6723682828260212,-0.5654826085972877,-0.7504756971562946,-0.7393773793874671,1.076081929876693,0.7058062214706864,-0.10002797044853652,0.788800977985673,0.7854283938248945,0.7490277311065963,0.7277369414091734,0.48009748514523654,0.3149894813113486,0.10100291803409359,0.20105117109656023,0.1530386667811802,0.3045579437649703,0.30226687829350474
391,0.6666666666666666,0.625,2,2,2,False,-0.08285339350889795,-0.017376235415600724,-2.886579864025407e-17,-0.03691391563226091,-0.025041986078758648,-0.04919345897204212,-0.05212754946429428,-1.115994750912457,-0.7729648965515753,0.23925440363848088,-0.7323944846712481,-0.6645990264745221,-0.7465480864295768,-0.7364770593587073,1.088581929876693,0.7140050189074154,-0.10002797044853652,0.7836577370841009,0.7597251205912035,0.7458048252028237,0.7276892097754586,0.4625,0.3034438621615099,0.10100291803409359,0.24352248387250022,0.16974228738321379,0.3048555465748798,0.3030765937217297
392,0.7083333333333333,0.625,2,2,2,False,-0.07590079483523975,-0.013620058287277489,-2.886579864025407e-17,-0.019404820431336112,-0.03247038963892184,-0.04885048062169953,-0.0516256098599983,-1.1062611127693356,-0.7662231438737811,0.23925440363848088,-0.7590125207995716,-0.7513579461176187,-0.7421695784962625,-0.7333206441637218,1.101081929876693,0.7222038163441447,-0.10002797044853652,0.7755226264752129,0.7295055601773505,0.7416625122185023,0.7272549860056441,0.44618578564869193,0.29274019035417664,0.10100291803409359,0.26489432354739056,0.18220408407733646,0.3056858869008629,0.30463745123754593
393,0.75,0.625,2,2,2,False,-0.06764951251827463,-0.009001296615562773,-2.886579864025407e-17,-0.008358696627823504,-0.03889315035803867,-0.049661382472000366,-0.05210009534261312,-1.0947093175255844,-0.7582220917108828,0.23925440363848088,-0.7523785919878422,-0.7893955259604346,-0.7378681115092734,-0.730400118355813,1.113581929876693,0.7304026137808737,-0.10002797044853652,0.7610528948682805,0.7107086527517865,0.7339311758851346,0.7230849706007819,0.4314339828220179,0.2830616086815906,0.10100291803409359,0.2564728719214136,0.1924331843652541,0.30717142034364114,0.30675965301716834
394,0.7916666666666666,0.625,2,2,2,False,-0.05824072828613355,-0.003606772682169391,-2.886579864025407e-17,-0.008090079813781006,-0.04302734302199278,-0.05099136384318541,-0.053056895118133565,-1.081537019600587,-0.7490986402836989,0.23925440363848088,-0.7338416168015733,-0.7574204773115939,-0.7335175587492759,-0.7272018666497557,1.126081929876693,0.738601411217603,-0.10002797044853652,0.7413774745665395,0.6956444280554328,0.7245503886217449,0.7160525550975776,0.41849699895631476,0.27457372035957955,0.10100291803409359,0.2383734188224463,0.1976338804352225,0.30792561884221725,0.3078171845408824
395,0.8333333333333333,0.625,2,2,2,False,-0.04783542904563625,0.0024634177238106463,-2.886579864025407e-17,-0.03460312175472805,-0.04724499566062913,-0.05202827934661029,-0.05380613574195794,-1.0669696006638907,-0.7390088943756465,0.23925440363848088,-0.6964002034809215,-0.7019472618931016,-0.729274665737898,-0.7238445450725376,1.138581929876693,0.746800208654332,-0.10002797044853652,0.7159811879915975,0.6821422335167844,0.716631328644604,0.7098127080556671,0.4075961894323342,0.26742175551062036,0.10100291803409359,0.22333180839553246,0.18788540902990303,0.30811762332431497,0.308259227680071
396,0.875,0.625,2,2,2,False,-0.03661165235168157,0.009097617972609242,-2.886579864025407e-17,-0.06802404219365443,-0.049225355124615504,-0.05284903130180752,-0.05440629843798277,-1.0512563132923542,-0.7281254923366188,0.23925440363848088,-0.6545745642673594,-0.6527496401173232,-0.7254069173940385,-0.7206566805290321,1.151081929876693,0.7549990060910612,-0.10002797044853652,0.6902153083967937,0.6723208872572832,0.7099992424791146,0.7044030574465145,0.398918070123307,0.261728086236178,0.10100291803409359,0.2079867117606763,0.14712289834128958,0.3080392488235463,0.3083767148800074
397,0.9166666666666666,0.625,2,2,2,False,-0.024761440135321926,0.016174521069674527,-2.886579864025407e-17,-0.09003806712292688,-0.05030513659327397,-0.05350867320644072,-0.054895556886724615,-1.0346660161894508,-0.7166346521929526,0.23925440363848088,-0.6158790171258814,-0.6072689510299261,-0.721975437647939,-0.7177525805438946,1.163581929876693,0.7631978035277903,-0.10002797044853652,0.6666075895768364,0.6630695966204986,0.7044354853059704,0.6997476507800434,0.3926111260566398,0.25759013279612153,0.10100291803409359,0.19382428929888346,0.12826818863452408,0.3078383382163405,0.30832624106505163
398,0.9583333333333333,0.625,2,2,2,False,-0.012487552813078742,0.02356524525198043,-2.886579864025407e-17,-0.10261516966539493,-0.0513033311766393,-0.05404652553609334,-0.055300171438531526,-1.0174825739383102,-0.7047329854053686,0.23925440363848088,-0.5725257493698739,-0.5503706867778564,-0.718961549293714,-0.715153720917384,1.176081929876693,0.7713966009645195,-0.10002797044853652,0.6219601577038684,0.6585418612556138,0.6997399190074814,0.6957409461721783,0.3887832707939285,0.25507869672106775,0.10100291803409359,0.16115321792740858,0.0965249224213713,0.3075891171733626,0.30819189253026796
399,1.0,0.625,2,2,2,False,-1.1716301013315743e-17,0.031135539190724794,-2.886579864025407e-17,-0.11111353335711555,-0.051837403056314325,-0.05449094882935995,-0.05563893556366858,-1.0,-0.692624132792368,0.23925440363848088,-0.5416014491689141,-0.5067798772523315,-0.7163200681214729,-0.712843919087277,1.188581929876693,0.7795953984012487,-0.10002797044853652,0.596841231308985,0.6609790914972942,0.6957462934885406,0.6922798220940538,0.3875,0.2542367493785624,0.10100291803409359,0.16510898703838625,0.07692594357858995,0.30732847359788357,0.30801900076539407
400,0.0,0.6666666666666666,1,1,1,False,0.0,0.08096186830485169,-2.886579864025407e-17,0.03215408205457115,0.0035024770149607795,0.0059512868221994406,0.008225705950392626,1.1,0.7618865460716049,0.23925440363848088,0.7759367383247334,0.7561843924966226,0.7304500396898679,0.7300357328321204,-0.8200961894323342,-0.5379042028631327,-0.10002797044853652,-0.45118650193955234,-0.4422032785380533,-0.49001714788999734,-0.48813008170750427,0.7,0.4592663859741772,0.10100291803409359,0.4231596423777886,0.4575547426197862,0.46823037174338966,0.4641612540652434
401,0.041666666666666664,0.6666666666666666,1,1,1,False,-0.01631577402750644,0.06997140698738497,-2.886579864025407e-17,0.022527092088281884,0.00162588458443539,0.004462373889213785,0.006887342262427029,1.077157916361491,0.7460655677003118,0.23925440363848088,0.7687755721203714,0.7619595107562018,0.7301674490205172,0.7296957998897076,-0.8075961894323342,-0.5297054054264035,-0.10002797044853652,-0.4585245344640583,-0.454107648945688,-0.48868158692149066,-0.48675194696657614,0.6987167292060715,0.4584244386316718,0.10100291803409359,0.4347463936928904,0.4641688155018726,0.4700491658088992,0.46573947764762136
402,0.08333333333333333,0.6666666666666666,1,1,1,False,-0.03235238063781508,0.05911895558192714,-2.886579864025407e-17,0.017689608359521172,-0.0014617228766731494,0.002876308855086253,0.0054694594105266225,1.054706667107059,0.7305152906553556,0.23925440363848088,0.7702136748598652,0.7781691398163058,0.7297858856607249,0.729249720846435,-0.7950961894323343,-0.5215066079896745,-0.10002797044853652,-0.4604706778412674,-0.4686537070156531,-0.4873074369437397,-0.48533947991068854,0.6948888739433603,0.4559130025566181,0.10100291803409359,0.43275562689959923,0.4690135064065059,0.472050043686534,0.46747640220719816
403,0.125,0.6666666666666666,1,1,1,False,-0.0478354290456362,0.04858240855194646,-2.886579864025407e-17,0.002126181987437906,-0.004188593589240001,0.0011897779784198412,0.003970876104289152,1.0330303993361094,0.7155017844883264,0.23925440363848088,0.7643481959528426,0.7715234533402473,0.7292816101021176,0.7286728452980257,-0.7825961894323342,-0.5133078105529453,-0.10002797044853652,-0.46383107695311815,-0.4834726397016338,-0.485906076323274,-0.483905505304662,0.688581929876693,0.4517750491165616,0.10100291803409359,0.4365278218226282,0.47802198143928015,0.4742542473169045,0.469390548509354
404,0.16666666666666666,0.6666666666666666,1,1,1,False,-0.062499999999999965,0.03853425514946161,-2.886579864025407e-17,-0.015613450887724634,-0.007172660232983227,-0.0005985620839716252,0.0023924211087521033,1.0125000000000002,0.7012819344522727,0.23925440363848088,0.756428987820933,0.7667312679531777,0.7286249408111238,0.7279345694362591,-0.7700961894323343,-0.5051090131162161,-0.10002797044853652,-0.46477774520099907,-0.4929043245077608,-0.4844943006688659,-0.48246843253244864,0.6799038105676658,0.4460813798421192,0.10100291803409359,0.4397157357822976,0.4819535329048046,0.47668485250535386,0.4715019871249937
405,0.20833333333333331,0.6666666666666666,1,1,1,False,-0.07609517862609004,0.02913862807611643,-2.886579864025407e-17,-0.03372546851305357,-0.011291435684443012,-0.002486962291743916,0.0007378922662014745,0.9934667499234741,0.6880990461237986,0.23925440363848088,0.7368145525638851,0.7336401310416338,0.7277787615184985,0.726996936541048,-0.7575961894323342,-0.496910215679487,-0.10002797044853652,-0.4619548428377986,-0.4780857368712985,-0.48309608039619184,-0.48105392686365656,0.6690030010436853,0.43892941499316007,0.10100291803409359,0.447093445054962,0.49043281924883864,0.4793663731841315,0.47383195344918405
406,0.25,0.6666666666666666,1,1,1,False,-0.08838834764831839,0.02054849512714875,-2.886579864025407e-17,-0.04979501247648527,-0.015087954933608684,-0.0013983396332248252,0.0021617816198413117,0.9762563132923543,0.6761786823771913,0.23925440363848088,0.7062353221194287,0.697024589296233,0.7278591643005051,0.7270049353171636,-0.7450961894323342,-0.48871141824275793,-0.10002797044853652,-0.45807582483045406,-0.461196817972912,-0.48263288091916245,-0.4802513485215167,0.6560660171779822,0.43044152667114904,0.10100291803409359,0.45815224254841774,0.4944487978596447,0.4806405718692067,0.4745181457955616
407,0.29166666666666663,0.6666666666666666,1,1,1,False,-0.09916916753640434,0.01290304187000312,-2.886579864025407e-17,-0.0737994685890093,-0.01893257328172467,-0.00014763440256647387,0.0037231305830486873,0.961163165449034,0.6657248039411046,0.23925440363848088,0.656795129809525,0.6470164333432905,0.7280873111004904,0.7271619454768455,-0.7325961894323343,-0.48051262080602875,-0.10002797044853652,-0.4612223645973083,-0.45619528577419793,-0.48221850664551413,-0.4795044740892215,0.6413142143513081,0.420762944998563,0.10100291803409359,0.4675358536854387,0.4881628673709115,0.4817383614082862,0.47505935648483455
408,0.3333333333333333,0.6666666666666666,1,1,1,False,-0.10825317547305478,0.006325290140682339,-2.886579864025407e-17,-0.0846370175599845,-0.020884602571129243,0.0012105877652806782,0.005367430292149623,0.9484455543377234,0.6569162795739424,0.23925440363848088,0.563171776128304,0.5481433548449726,0.7284248057525339,0.7274297467325359,-0.7200961894323342,-0.47231382336929956,-0.10002797044853652,-0.44221232376959746,-0.44734858373669184,-0.4818468823158452,-0.47880921319599273,0.625,0.41005927319122965,0.10100291803409359,0.4815948086587483,0.4725264212253022,0.4826834946286539,0.47547970642002824
409,0.375,0.6666666666666666,1,1,1,False,-0.11548494156391079,0.0009199931060253415,-2.886579864025407e-17,-0.0665204699884996,-0.020623126612315162,0.0026346483535208028,0.007053783662685421,0.938321081810525,0.6499038255698114,0.23925440363848088,0.4212770266383025,0.38101978277232473,0.7288418721340999,0.7277787591352909,-0.7075961894323343,-0.4641150259325704,-0.10002797044853652,-0.3960208436802145,-0.37008616466385447,-0.48151299305939627,-0.4781618571140097,0.6074025148547635,0.39851365404139105,0.10100291803409359,0.4957025235828353,0.4442079449960224,0.4834968621581598,0.4757995623100523
410,0.41666666666666663,0.6666666666666666,1,1,1,True,-0.12074072828613347,-0.0032281570920205237,-2.886579864025407e-17,-0.036633459214709035,-0.019329495811076097,0.0040930200891127685,0.008751890751619508,0.9309629803994133,0.644807426960942,0.23925440363848088,0.23295578123597416,0.13231510533993784,0.7293155041967794,0.7281861590871392,-0.6950961894323342,-0.4559162284958413,-0.10002797044853652,-0.2705574920186194,-0.20570847217508392,-0.4812125939083657,-0.47755895996625747,0.5888228567653782,0.38632363629375116,0.10100291803409359,0.48348547546512644,0.4045931940342161,0.4841966611251659,0.4760360271207843
411,0.4583333333333333,0.6666666666666666,2,1,2,True,-0.12393060767172624,-0.03948987408229044,-2.886579864025407e-17,-0.016733309461089793,-0.018722826187181706,-0.051596202050504775,-0.0544853267200772,-1.1735028507404168,-0.8127963943234527,0.23925440363848088,0.002731489998585364,-0.17144292379242182,-0.7641912377247795,-0.7507671409813936,1.0174038105676657,0.6673190203360512,-0.10002797044853652,-0.023546615571005222,0.13044673941594567,0.7542335032587892,0.7254067353726928,0.5695789288330078,0.3736977945316836,0.10100291803409359,0.44220456563464755,0.35234357161290136,0.3054175245576085,0.3024656332432212
412,0.5,0.6666666666666666,2,2,2,False,-0.12499999999999994,-0.04095677576668342,-2.886579864025407e-17,-0.030383882450038306,-0.0198291252987516,-0.05097972245543798,-0.05387802753807647,-1.1749999999999998,-0.8138333560310324,0.23925440363848088,-0.2597220648105969,-0.4326912470599959,-0.7619694187388039,-0.7491302809238987,1.029903810567666,0.6755178177727804,-0.10002797044853652,0.3137272281881754,0.4953468945152594,0.7526144336665819,0.7256130307544295,0.55,0.3608521604082821,0.10100291803409359,0.351909104621629,0.29833688969108707,0.30515033508017675,0.3023784369654447
413,0.5416666666666666,0.6666666666666666,2,2,2,False,-0.12393060767172626,-0.041045452679485755,-2.886579864025407e-17,-0.03500147659741173,-0.021939166758878127,-0.05028398211743836,-0.05317859189319511,-1.1735028507404168,-0.8127963943234527,0.23925440363848088,-0.5019820861363146,-0.5471321542514351,-0.7593558597381812,-0.7472086737689689,1.0424038105676658,0.6837166152095094,-0.10002797044853652,0.5987174990804895,0.7394270402889596,0.7506069780794236,0.7257502487749568,0.5304210711669923,0.3480065262848806,0.10100291803409359,0.2602516476923653,0.25548143647235366,0.30492578625708394,0.30238583478681735
414,0.5833333333333333,0.6666666666666666,2,2,2,False,-0.1207407282861335,-0.03976218152308061,-2.886579864025407e-17,-0.039380795715940026,-0.02467489072276111,-0.049512389673016285,-0.05238104623833055,-1.1690370196005868,-0.8097032519030309,0.23925440363848088,-0.6683770041239985,-0.5944149399562446,-0.7562604189948103,-0.7449396953474525,1.0549038105676658,0.6919154126462387,-0.10002797044853652,0.7680826550244491,0.7865276504122999,0.7480741151390844,0.725754943140089,0.5111771432346219,0.33538068452281306,0.10100291803409359,0.23753590103862618,0.23528401698260856,0.3047983297250016,0.30256535799642603
415,0.625,0.6666666666666666,2,2,2,False,-0.11548494156391079,-0.03713671341169109,-2.886579864025407e-17,-0.03216478789823011,-0.02815932448460773,-0.04869212124260077,-0.05149734993221014,-1.161678918189475,-0.8046068532941614,0.23925440363848088,-0.722469482381028,-0.6633963264406921,-0.752580949665709,-0.7422559417446943,1.0674038105676658,0.7001142100829677,-0.10002797044853652,0.7864204593377281,0.7737719331353146,0.7448186336022109,0.7255144519340745,0.49259748514523655,0.32319066677517316,0.10100291803409359,0.2537411593753461,0.23588087400022817,0.3048712489890379,0.30305608227832415
416,0.6666666666666666,0.6666666666666666,2,2,2,False,-0.1082531754730548,-0.0332217648215675,-2.886579864025407e-17,-0.02371185353602272,-0.033892616581956,-0.04790785741576817,-0.05058890554582472,-1.1515544456622768,-0.7975943992900306,0.23925440363848088,-0.7471586879605604,-0.7272857748095569,-0.7482253035876811,-0.7391065822975847,1.0799038105676657,0.7083130075196968,-0.10002797044853652,0.7661330105234425,0.7378396515452834,0.7405586282991983,0.7248267332873606,0.47500000000000003,0.3116450476253345,0.10100291803409359,0.28081409480144015,0.2431919392498953,0.3053434182032372,0.30411122275048186
417,0.7083333333333333,0.6666666666666666,2,2,2,False,-0.09916916753640438,-0.028092115597462716,-2.886579864025407e-17,-0.009635041627697969,-0.03975662719488192,-0.047376138908184436,-0.04984279534685949,-1.138836834550966,-0.7887858749228683,0.23925440363848088,-0.7586309762505298,-0.7787677341285774,-0.7431841023718493,-0.7355234425046933,1.092403810567666,0.7165118049564262,-0.10002797044853652,0.7524505670173685,0.7096678255911928,0.7349109621970294,0.7233293469550861,0.45868578564869195,0.30094137581800123,0.10100291803409359,0.2949980136995056,0.254493669144701,0.30660282138637024,0.306191600530048
418,0.75,0.6666666666666666,2,2,2,False,-0.0883883476483184,-0.021843329448755635,-2.886579864025407e-17,0.008353259106834146,-0.04422022913040937,-0.048401276831402405,-0.05051129835707906,-1.1237436867076458,-0.7783319964867816,0.23925440363848088,-0.758736757351203,-0.7773007746445073,-0.7380134044111403,-0.7318217671106306,1.1049038105676658,0.7247106023931552,-0.10002797044853652,0.7393436295654395,0.6929227407659933,0.7258440185823384,0.7177969842626903,0.4439339828220179,0.29126279414541517,0.10100291803409359,0.30737734091093794,0.26952418454993804,0.3085792452067209,0.3088003249176377
419,0.7916666666666666,0.6666666666666666,2,2,2,False,-0.07609517862609008,-0.014590118827888628,-2.886579864025407e-17,0.009629043685010446,-0.047724786740619835,-0.05007464356711897,-0.051842965783484914,-1.1065332500765261,-0.7664116327401744,0.23925440363848088,-0.7395565983601524,-0.7350280862176855,-0.7328107372510124,-0.7276475631793574,1.1174038105676658,0.7329093998298845,-0.10002797044853652,0.7215398498736445,0.6747362623382838,0.7160973119683239,0.7099645481260384,0.4309969989563147,0.28277490582340414,0.10100291803409359,0.3225849895870865,0.2840983103517598,0.3093093637180913,0.30973659185764263
420,0.8333333333333333,0.6666666666666666,2,2,2,False,-0.06250000000000001,-0.00646438216850165,-2.886579864025407e-17,-0.01998302134386915,-0.04909943042425937,-0.051324070266744404,-0.05283872679739327,-1.0875,-0.7532287444117001,0.23925440363848088,-0.7020931110347379,-0.6879727092030228,-0.7279247872498933,-0.723518660651213,1.1299038105676658,0.7411081972666135,-0.10002797044853652,0.7017272516658074,0.6616288491948302,0.7081489764087916,0.7033166722633034,0.42009618943233423,0.27562294097444495,0.10100291803409359,0.3228657866077731,0.28655211073213976,0.3093820673907262,0.3099703228643824
421,0.875,0.6666666666666666,2,2,2,False,-0.047835429045636216,0.002387052933336309,-2.886579864025407e-17,-0.05193229564179152,-0.05125626601504824,-0.05228329836291394,-0.05360963376225966,-1.0669696006638907,-0.7390088943756465,0.23925440363848088,-0.6712402759299353,-0.6573579845285836,-0.7236249785183135,-0.7197799398491248,1.1424038105676657,0.7493069947033426,-0.10002797044853652,0.6823745346972672,0.6527732300587858,0.7016947733743617,0.6977703112577964,0.411418070123307,0.2699292717000026,0.10100291803409359,0.3080950246537739,0.25211387250393197,0.30917418244028416,0.3098806982195267
422,0.9166666666666666,0.6666666666666666,2,2,2,False,-0.03235238063781511,0.011804941980004206,-2.886579864025407e-17,-0.07659744016296398,-0.05294462675701307,-0.0530372893232121,-0.05422192525325909,-1.0452933328929412,-0.7239953882086174,0.23925440363848088,-0.6437554327216498,-0.6217742595873688,-0.7199226348622163,-0.7165009684537201,1.154903810567666,0.7575057921400717,-0.10002797044853652,0.6632001261450048,0.6408210327037958,0.6964204850704737,0.6931482141591607,0.4051111260566398,0.2657913182599461,0.10100291803409359,0.28956532951974306,0.23661338584249664,0.3088582093871658,0.3096496300476198
423,0.9583333333333333,0.6666666666666666,2,2,2,False,-0.016315774027506492,0.021620348289834404,-2.886579864025407e-17,-0.09288625038298311,-0.052585834834151184,-0.05364199127557165,-0.05471809423262526,-1.022842083638509,-0.708445111163661,0.23925440363848088,-0.6175764635208238,-0.5893224577101125,-0.7167507794451033,-0.7136552363761205,1.1674038105676658,0.765704589576801,-0.10002797044853652,0.6475424525408485,0.6359807605784304,0.6920659635803177,0.6892750421490099,0.40128327079392845,0.2632798821848923,0.10100291803409359,0.2585407145222409,0.2061429663553913,0.30851264072677287,0.3093645309040239
424,1.0,0.6666666666666666,2,2,2,False,-1.530808498934191e-17,0.031657533550573894,-2.886579864025407e-17,-0.1046930551583878,-0.053840122751146344,-0.05413546549587503,-0.05512688993783301,-1.0,-0.692624132792368,0.23925440363848088,-0.5937104830756634,-0.5541602172080453,-0.7140277343704473,-0.7111885358591746,1.1799038105676658,0.77390338701353,-0.10002797044853652,0.6315589118900172,0.6374831943845217,0.6884298261169849,0.6860029201713428,0.4,0.262437934842387,0.10100291803409359,0.2545128737662138,0.18566963970350353,0.3081725371358007,0.30906735588391526
425,0.0,0.7083333333333333,1,1,1,False,0.0,0.08156486017380057,-2.886579864025407e-17,0.024600077146327604,0.0007560414087142905,0.00305167940599977,0.005154983914622536,1.1,0.7618865460716049,0.23925440363848088,0.7725499365927737,0.7559078061349438,0.7231303560639561,0.7227840549101593,-0.8309969989563147,-0.5450540851978114,-0.10002797044853652,-0.513704374728415,-0.5244194337044883,-0.49281705262755604,-0.4911087895002535,0.7124999999999999,0.4674675714380017,0.10100291803409359,0.43857953894580076,0.46846373642041134,0.4733071203707112,0.4693980435475346
426,0.041666666666666664,0.7083333333333333,1,1,1,False,-0.019864827824736378,0.06828740196579781,-2.886579864025407e-17,0.011490113464913495,-0.001695461990906512,0.0015938718574562763,0.0038182663082723667,1.072189241045369,0.7426241432683559,0.23925440363848088,0.7571590339108282,0.7620310956795993,0.7224920616383057,0.7221035923768115,-0.8184969989563147,-0.5368552877610823,-0.10002797044853652,-0.5066693220999773,-0.5376633603696714,-0.4917511694611049,-0.49001511120376373,0.7112167292060715,0.4666256240954964,0.10100291803409359,0.4496501180791549,0.47626459196917875,0.4751970712799937,0.4710817447068829
427,0.08333333333333333,0.7083333333333333,1,1,1,False,-0.03938976293782074,0.05518708482067632,-2.886579864025407e-17,0.0014146231876452137,-0.0044070710415597195,5.325583528317801e-05,0.002411077994856084,1.0448543318870511,0.7236913255176177,0.23925440363848088,0.7631573927936388,0.7801862277081614,0.7217433263628511,0.7213083870489643,-0.8059969989563147,-0.5286564903243531,-0.10002797044853652,-0.5090432902234101,-0.558575556883399,-0.4906658633068656,-0.48890610675901175,0.7073888739433603,0.4641141880204427,0.10100291803409359,0.4466709025090442,0.48276742420652236,0.47725070573554085,0.4729114266945226
428,0.125,0.7083333333333333,1,1,1,False,-0.058240728286133504,0.042480264807936215,-2.886579864025407e-17,-0.014793779451471135,-0.00745256205614556,-0.0015719107350703407,0.0009329044939401128,1.0184629803994132,0.705412038580274,0.23925440363848088,0.7496658432226632,0.7594591507676307,0.7208647205889345,0.7203786083368078,-0.7934969989563148,-0.520457692887624,-0.10002797044853652,-0.4990095392505187,-0.5444557313913584,-0.48957033218886115,-0.4877920139244443,0.701081929876693,0.4599762345803862,0.10100291803409359,0.4515950059429769,0.4933783562783593,0.47948373696895263,0.47490103255231186
429,0.16666666666666666,0.7083333333333333,1,1,1,False,-0.07609517862609003,0.030376565152044416,-2.886579864025407e-17,-0.03324978656353505,-0.011063056147481508,-0.003281770155822039,-0.000615194671170223,0.9934667499234741,0.6880990461237986,0.23925440363848088,0.7324543276447079,0.7438286697313417,0.7198331150396698,0.7192907572896908,-0.7809969989563148,-0.5122588954508949,-0.10002797044853652,-0.48621617865536076,-0.5148513844507394,-0.48847719363111897,-0.4866865816453544,0.6924038105676658,0.4542825653059438,0.10100291803409359,0.4552883568828494,0.5002155304897116,0.4819126720053691,0.47706515809717465
430,0.20833333333333331,0.7083333333333333,1,1,1,False,-0.09264761936218484,0.019075289520945712,-2.886579864025407e-17,-0.0402909593251499,-0.014847588741465939,-0.005074125641766999,-0.0022299436293108377,0.9702933328929413,0.67204857824919,0.23925440363848088,0.7021507281584424,0.6983953199809111,0.7186210003032871,0.7180170388005498,-0.7684969989563147,-0.5040600980141657,-0.10002797044853652,-0.46115381311536485,-0.4658330297215758,-0.4874033962591343,-0.4856079302788565,0.6815030010436853,0.44713060045698466,0.10100291803409359,0.46317624970681415,0.5113312999789481,0.48455440285914275,0.479418659978153
431,0.25,0.7083333333333333,1,1,1,False,-0.10761483364421978,0.008762011885046677,-2.886579864025407e-17,-0.03999251885100594,-0.01896665357913247,-0.004145392954348803,-0.001002665684980468,0.9493392328980924,0.6575352629118132,0.23925440363848088,0.6666814237961215,0.65000505548323,0.7189315305638347,0.7182730633821143,-0.7559969989563148,-0.4958613005774366,-0.10002797044853652,-0.4412503861200275,-0.4391114583787298,-0.48681767887496946,-0.48472110274094277,0.6685660171779821,0.43864271213497363,0.10100291803409359,0.47578882617545193,0.516164585881735,0.48559191485532816,0.4799327311244171
432,0.29166666666666663,0.7083333333333333,1,1,1,False,-0.12074072828613346,-0.0003945987048687648,-2.886579864025407e-17,-0.05743198156886922,-0.022943469686909204,-0.003066280020807284,0.0003578224681013535,0.9309629803994133,0.644807426960942,0.23925440363848088,0.608671182873218,0.5932739099715081,0.7193640352247653,0.7186507678181749,-0.7434969989563147,-0.48766250314070747,-0.10002797044853652,-0.4392528722845607,-0.4274459017517199,-0.4862790251723175,-0.48388549056074903,0.6538142143513082,0.42896413046238757,0.10100291803409359,0.4944290071423368,0.5140844862275755,0.48648445036788834,0.48032464643374195
433,0.3333333333333333,0.7083333333333333,1,1,1,False,-0.1318007155914172,-0.008245664091862165,-2.886579864025407e-17,-0.059101674801927274,-0.027236691030017867,-0.0018802866017949699,0.0018074619314416493,0.915478998172016,0.6340828471985184,0.23925440363848088,0.5047788062310394,0.4783638757997995,0.7198874683424563,0.7191192610402608,-0.7309969989563148,-0.47946370570397834,-0.10002797044853652,-0.4181279901305351,-0.40694469732982896,-0.4857830341651941,-0.48309844754530934,0.6375,0.41826045865505423,0.10100291803409359,0.5339032393824106,0.5101827005729799,0.48725061221003896,0.4806138314036942
434,0.375,0.7083333333333333,1,1,1,False,-0.14060555611086986,-0.014664644359382594,-2.886579864025407e-17,-0.048290289034871696,-0.029549159325289703,-0.0006218166970475246,0.0033118723294096528,0.9031522214447824,0.6255450241576931,0.23925440363848088,0.3495348124349024,0.28017728763740396,0.7204772027463113,0.7196541208474122,-0.7184969989563148,-0.47126490826724915,-0.10002797044853652,-0.36703416609164546,-0.3132996025169027,-0.48532590546156434,-0.4823574116142218,0.6199025148547634,0.4067148395052156,0.10100291803409359,0.5645475981562162,0.4920722138819516,0.4879068681269839,0.4808168815156953
435,0.41666666666666663,0.7083333333333333,1,1,1,True,-0.14700459658204051,-0.019549502964322254,-2.886579864025407e-17,-0.033992747706550315,-0.029458383364512286,0.0006821210958684841,0.0048444726278664,0.8941935647851433,0.619340042357826,0.23925440363848088,0.13062801687988418,-0.017766625624878872,0.7211137899701481,0.7202361193328677,-0.7059969989563147,-0.46306611083051996,-0.10002797044853652,-0.23883458621435724,-0.12952165004803046,-0.48490428293607407,-0.4816598674407211,0.6013228567653781,0.39452482175757575,0.10100291803409359,0.5441590388176676,0.45490972900042864,0.4884676872034497,0.48094790932488407
436,0.4583333333333333,0.7083333333333333,2,1,2,True,-0.15088834764831835,-0.05625834825042031,-2.886579864025407e-17,-0.026704147714543578,-0.02881772367310721,-0.05095756625544139,-0.05368121276782988,-1.2112436867076457,-0.8389366081061138,0.23925440363848088,-0.15965571481830343,-0.3696844339331998,-0.7671642909427207,-0.7542651890302559,1.0065030010436853,0.6601691380013724,-0.10002797044853652,0.0219819578841595,0.16067094328389656,0.7515956383955718,0.724051168566507,0.5820789288330077,0.3818989799955082,0.10100291803409359,0.48829359022357466,0.40181762920395664,0.30563372215423773,0.30302277714215053
437,0.5,0.7083333333333333,2,2,2,False,-0.15219035725218008,-0.057875147630466695,-2.886579864025407e-17,-0.0372638395632758,-0.029319641625506272,-0.050229359993689895,-0.05294611072632486,-1.213066500153052,-0.8401991326879805,0.23925440363848088,-0.479981285085837,-0.5650300324912858,-0.7650098625546551,-0.7527779915333961,1.0190030010436852,0.6683679354381016,-0.10002797044853652,0.36761324403046786,0.4908189914270876,0.7495836986300851,0.7240624562067464,0.5625,0.3690533458721067,0.10100291803409359,0.3911230030116236,0.3508807314610429,0.3053563002123448,0.3029564851789197
438,0.5416666666666666,0.7083333333333333,2,2,2,False,-0.15088834764831838,-0.057813926847615625,-2.886579864025407e-17,-0.03624827901477304,-0.030483276510574947,-0.04938591651884998,-0.052078469971406555,-1.2112436867076457,-0.8389366081061138,0.23925440363848088,-0.642134867825255,-0.6515682461972324,-0.7624198420246355,-0.7509868515623955,1.0315030010436854,0.6765667328748309,-0.10002797044853652,0.6262412028610468,0.7129892890737302,0.7470518601380961,0.7239257390568923,0.5429210711669923,0.35620771174870514,0.10100291803409359,0.2970114488275146,0.3124661443202953,0.30512719556335133,0.3029962337016402
439,0.5833333333333333,0.7083333333333333,2,2,2,False,-0.14700459658204057,-0.05608352739538237,-2.886579864025407e-17,-0.02508613438597381,-0.03296869966589118,-0.04841771223955063,-0.05105686485060029,-1.2058064352148568,-0.8351706365061469,0.23925440363848088,-0.696804718417637,-0.6919412287460346,-0.7592693611144116,-0.7488045001853975,1.0440030010436854,0.68476553031156,-0.10002797044853652,0.7649728564109023,0.7519552116685987,0.7437949420685198,0.72352430100856,0.5236771432346219,0.34358186998663764,0.10100291803409359,0.2517492874276996,0.2883513762129978,0.30501547552588576,0.30323578532005613
440,0.625,0.7083333333333333,2,2,2,False,-0.14060555611086986,-0.05272135087709903,-2.886579864025407e-17,-0.01750171435760718,-0.03579506425332816,-0.04733871580242827,-0.0498757627961029,-1.1968477785552178,-0.8289656547062799,0.23925440363848088,-0.7159828962535079,-0.7284221873133363,-0.755399420285265,-0.7461210936555327,1.0565030010436853,0.6929643277482891,-0.10002797044853652,0.7748145391758555,0.742679831047557,0.7395014705649385,0.7226436580832146,0.5050974851452366,0.33139185223899775,0.10100291803409359,0.25935046127106365,0.278538285918602,0.30516174931616097,0.303853046464608
441,0.6666666666666666,0.7083333333333333,2,2,2,False,-0.13180071559141723,-0.047792719054112025,-2.886579864025407e-17,-0.010788991435579664,-0.040175576222320014,-0.046233980780996026,-0.04859071659614288,-1.1845210018279841,-0.8204278316654544,0.23925440363848088,-0.7253694409821273,-0.7539173709450637,-0.7506308876298216,-0.7428178592865161,1.0690030010436853,0.7011631251850181,-0.10002797044853652,0.7490977946058752,0.7239483634190056,0.7336951300018757,0.7208776754949697,0.4875,0.3198462330891591,0.10100291803409359,0.28394824581293326,0.2774250810235879,0.30586098995791255,0.3051951054532539
442,0.7083333333333333,0.7083333333333333,2,2,2,False,-0.12074072828613351,-0.0413897561723346,-2.886579864025407e-17,-0.0016321345617611549,-0.04431804389205398,-0.0453858064763695,-0.0474522872582374,-1.1690370196005868,-0.8097032519030309,0.23925440363848088,-0.7313419810293239,-0.7621105727391957,-0.7448481439467391,-0.7388390649266754,1.0815030010436852,0.7093619226217474,-0.10002797044853652,0.7303540722792299,0.7057453814209473,0.7256721030788781,0.7174409881670792,0.47118578564869196,0.3091425612818258,0.10100291803409359,0.3067204415521807,0.286528416260889,0.3077534163001243,0.30794819145279717
443,0.75,0.7083333333333333,2,2,2,False,-0.10761483364421981,-0.03362981269085772,-2.886579864025407e-17,0.003985534895834848,-0.0477758540316665,-0.046696490749465115,-0.048403480335797076,-1.1506607671019078,-0.7969754159521597,0.23925440363848088,-0.7310985148031822,-0.7327281345021318,-0.7384729519769974,-0.7339821358451651,1.0940030010436854,0.7175607200584765,-0.10002797044853652,0.7046310409882217,0.6931817362311634,0.7148034474891506,0.7098105944066878,0.45643398282201786,0.2994639796092397,0.10100291803409359,0.33605843653426964,0.30817469586169316,0.3104801761687518,0.3112232660093118
444,0.7916666666666666,0.7083333333333333,2,2,2,False,-0.0926476193621849,-0.02465345738305936,-2.886579864025407e-17,0.0005214375229831248,-0.05028695957330463,-0.048850165779238564,-0.050278399329736906,-1.1297066671070588,-0.7824621006147829,0.23925440363848088,-0.7124523072563681,-0.708575405490014,-0.7320464624992147,-0.7283065377306983,1.1065030010436854,0.7257595174952057,-0.10002797044853652,0.6803656946807001,0.6671462273609691,0.7050961748327641,0.701366070756702,0.4434969989563147,0.29097609128722873,0.10100291803409359,0.3659037214200303,0.3332068509979148,0.31113519589790023,0.3119728504939129
445,0.8333333333333333,0.7083333333333333,2,2,2,False,-0.0760951786260901,-0.014622072165918862,-2.886579864025407e-17,-0.024505966457506075,-0.05233921782036266,-0.05038772693374684,-0.05161647863376077,-1.1065332500765261,-0.7664116327401744,0.23925440363848088,-0.6889807745623941,-0.6771744607946845,-0.7263233330904673,-0.7231137168128009,1.1190030010436853,0.7339583149319349,-0.10002797044853652,0.6686846386764532,0.6341513596812502,0.6975247544902361,0.6946027084844032,0.43259618943233424,0.28382412643826954,0.10100291803409359,0.3695922486768931,0.34706575094416203,0.31102194118761933,0.3119254917991885
446,0.875,0.7083333333333333,2,2,2,False,-0.058240728286133525,-0.0037150908106739705,-2.886579864025407e-17,-0.05018656234256207,-0.052627503562929605,-0.051532850719159765,-0.052618033065768094,-1.081537019600587,-0.7490986402836989,0.23925440363848088,-0.6657894605922937,-0.6574654474491959,-0.7215116842595264,-0.71868264183694,1.1315030010436853,0.7421571123686639,-0.10002797044853652,0.6582315634148641,0.6256561219576662,0.6916081489624761,0.6892245711171638,0.42391807012330696,0.27813045716382717,0.10100291803409359,0.35804681125401056,0.3280210930322072,0.3106289129580458,0.3115742121418927
447,0.9166666666666666,0.7083333333333333,2,2,2,False,-0.03938976293782078,0.007873071218753412,-2.886579864025407e-17,-0.070188013449062,-0.05360922750485697,-0.052413643094428086,-0.05339334781897226,-1.0551456681129492,-0.7308193533463552,0.23925440363848088,-0.6460287352503259,-0.6280574292662948,-0.7175191832181226,-0.7149705688460751,1.1440030010436852,0.7503559098053931,-0.10002797044853652,0.6475909498508513,0.605684859336272,0.6869234739108355,0.6849132328018133,0.41761112605663975,0.2739925037237707,0.10100291803409359,0.34005589643402706,0.3161294606712542,0.31015440180939857,0.31112464764340925
448,0.9583333333333333,0.7083333333333333,2,2,2,False,-0.01986482782473644,0.019936343268247232,-2.886579864025407e-17,-0.08167999759455513,-0.054334859763179554,-0.05310881914856131,-0.05400915117290052,-1.027810758954631,-0.711886535595617,0.23925440363848088,-0.6348701048410957,-0.6010735695086405,-0.7141991461269243,-0.7118628616482902,1.1565030010436854,0.7585547072421223,-0.10002797044853652,0.6384953710298691,0.6075936935938346,0.683154010836483,0.6814119455068895,0.4137832707939284,0.2714810676487169,0.10100291803409359,0.31729667643452336,0.28836953239599933,0.3096782528734552,0.3106624071483304
449,1.0,0.7083333333333333,2,2,2,False,-1.863794338699745e-17,0.032260525419522755,-2.886579864025407e-17,-0.0951385858863712,-0.054203870253557496,-0.05366933436934741,-0.05450852859434171,-1.0,-0.692624132792368,0.23925440363848088,-0.612439712476638,-0.5721259709713093,-0.7114169024715488,-0.7092454582558263,1.1690030010436854,0.7667535046788514,-0.10002797044853652,0.6226609123422165,0.6127875679619413,0.6800719729620018,0.6785285467356794,0.4125,0.27063912030621157,0.10100291803409359,0.3033778691671028,0.268816668528343,0.30923108927929477,0.31022203438436
450,0.0,0.75,1,1,1,False,0.0,0.0822420526887337,-2.886579864025407e-17,0.012500017432868616,-0.002113137827340645,0.0006113104484774326,0.002566515296258804,1.1,0.7618865460716049,0.23925440363848088,0.7466123504131514,0.7363669553273446,0.7168844683930853,0.7165960606105612,-0.8439339828220179,-0.553539502010382,-0.10002797044853652,-0.5593633888932663,-0.6083530478006539,-0.4952399159114168,-0.49368255638378084,0.725,0.47566875690182636,0.10100291803409359,0.46201192495622817,0.4796798680980369,0.47756493295227853,0.47379256892073146
451,0.041666666666666664,0.75,1,1,1,False,-0.02307398891031431,0.06689662317252637,-2.886579864025407e-17,1.628415723624202e-05,-0.0045940483196530504,-0.0007990505490030608,0.0012546117921565896,1.0676964155255602,0.739512303888911,0.23925440363848088,0.7430802103475573,0.7408329365987979,0.7160071157934825,0.7156875961532136,-0.8314339828220179,-0.5453407045736529,-0.10002797044853652,-0.5542280244448559,-0.619396950905998,-0.49438028683537233,-0.4928056467468711,0.7237167292060716,0.4748268095593211,0.10100291803409359,0.4662786374684003,0.48678974138349507,0.47946880235535955,0.4755172145135434
452,0.08333333333333333,0.75,1,1,1,False,-0.045753175473054825,0.05176371828163367,-2.886579864025407e-17,-0.0181519536294698,-0.007370012953275908,-0.0022795682775125746,-0.00011868062285234904,1.0359455543377234,0.7175208911932746,0.23925440363848088,0.746564670104089,0.7484160947444356,0.7150180544031386,0.7146648931893564,-0.8189339828220179,-0.5371419071369238,-0.10002797044853652,-0.5548470022902513,-0.6271126290413203,-0.4935130183175488,-0.4919248891236531,0.7198888739433602,0.4723153734842672,0.10100291803409359,0.46782820212121246,0.4974899963179536,0.4815173101696456,0.47737278664834387
453,0.125,0.75,1,1,1,False,-0.06764951251827461,0.0370944722254256,-2.886579864025407e-17,-0.03446542638164141,-0.010373167491036384,-0.003830925292725343,-0.0015533352087137506,1.0052906824744157,0.6962885871530898,0.23925440363848088,0.7215343764140523,0.721512560486796,0.7139015950138847,0.7135121173493786,-0.806433982822018,-0.5289431097001948,-0.10002797044853652,-0.5273517553641662,-0.580882107261183,-0.4926455309632928,-0.49104846359660387,0.713581929876693,0.46817742004421076,0.10100291803409359,0.4756744090017602,0.5092049075343885,0.4837220253104251,0.4793696660304887
454,0.16666666666666666,0.75,1,1,1,False,-0.08838834764831842,0.02313208588206017,-2.886579864025407e-17,-0.045696009828963824,-0.01366713095887033,-0.005452510060607135,-0.003048077473892189,0.9762563132923543,0.6761786823771913,0.23925440363848088,0.6873923498975046,0.6974869776142736,0.7126396980802239,0.7122111242982659,-0.7939339828220179,-0.5207443122634655,-0.10002797044853652,-0.4924420655519031,-0.5257194556388232,-0.4917874803421086,-0.4901868348236962,0.7049038105676658,0.4624837507697684,0.10100291803409359,0.4864611483596502,0.5203288762276405,0.48609476155588377,0.4815184079909072
455,0.20833333333333331,0.75,1,1,1,False,-0.10761483364421982,0.010107665564030114,-2.886579864025407e-17,-0.04136046200708402,-0.017565044390850958,-0.007141919114529358,-0.00459994719416219,0.9493392328980923,0.6575352629118131,0.23925440363848088,0.6442497597622879,0.6476542810640078,0.7112116667609862,0.7107411836362795,-0.7814339828220179,-0.5125455148267364,-0.10002797044853652,-0.45036333079721097,-0.4529668855336214,-0.490951253091983,-0.4893532154770183,0.6940030010436853,0.45533178592080925,0.10100291803409359,0.5046619153676046,0.5324676477313568,0.48864722867303045,0.4838294090437898
456,0.25,0.75,1,1,1,False,-0.12499999999999997,-0.0017637312749186325,-2.886579864025407e-17,-0.026300788037230745,-0.02169505738342924,-0.006338968120271238,-0.003529503967606283,0.9250000000000002,0.6406773228329405,0.23925440363848088,0.6027281306623793,0.5987458338149696,0.7116599179158917,0.7111479449846295,-0.7689339828220179,-0.5043467173900072,-0.10002797044853652,-0.42413987666303643,-0.4105076041825799,-0.4902966058593656,-0.4884286694467273,0.6810660171779821,0.44684389759879817,0.10100291803409359,0.5235798012159224,0.539757093804688,0.489515885972208,0.4842278297435802
457,0.29166666666666663,0.75,1,1,1,False,-0.14024638169923273,-0.012286775732445703,-2.886579864025407e-17,-0.029513570890355577,-0.02634760987978914,-0.005398824604080275,-0.0023340134646844743,0.9036550656210742,0.6258933061692269,0.23925440363848088,0.5446656125417512,0.5563573489271554,0.7122117688102784,0.7116572864223978,-0.7564339828220179,-0.4961479199532781,-0.10002797044853652,-0.4131014682861983,-0.39081764536374125,-0.4896852762488233,-0.4875497769992069,0.6663142143513081,0.43716531592621216,0.10100291803409359,0.5512048628617152,0.5451727025979671,0.49026331125816874,0.48452191319069093
458,0.3333333333333333,0.75,1,1,1,False,-0.15309310892394862,-0.021289209589290776,-2.886579864025407e-17,-0.03476067274889478,-0.03079632448067811,-0.004356352759692636,-0.0010491363965767254,0.885669647506472,0.6134361715446924,0.23925440363848088,0.43995479922344444,0.4703383272780278,0.7128419204553069,0.712244009482384,-0.743933982822018,-0.48794912251654904,-0.10002797044853652,-0.39171410035911636,-0.35510406550234924,-0.48911405978488326,-0.4867148697464849,0.65,0.4264616441188788,0.10100291803409359,0.6072132930686217,0.5493110487144817,0.49090417221971144,0.48472730660887753
459,0.375,0.75,1,1,1,False,-0.16332037060954704,-0.0286247926951641,-2.886579864025407e-17,-0.041729314889958305,-0.03489601537884887,-0.003239891047873908,0.0002964455794894662,0.8713514811466343,0.603519063986533,0.23925440363848088,0.28555238373395614,0.286207027862474,0.7135298739474916,0.7128877764090225,-0.7314339828220179,-0.4797503250798198,-0.10002797044853652,-0.34143112864772246,-0.2555219756680832,-0.4885801035624431,-0.485922232781828,0.6324025148547634,0.4149160249690402,0.10100291803409359,0.6433296103357251,0.5385305016307284,0.49145156449258076,0.4848575487107476
460,0.41666666666666663,0.75,1,1,1,True,-0.1707531754730548,-0.03417580517826337,-2.886579864025407e-17,-0.035844673419905805,-0.0364661732114346,-0.0020723355786160663,0.0016798308911263882,0.8609455543377234,0.5963116679546102,0.23925440363848088,0.042295361048363435,-0.019312945830702304,0.714259095022637,0.7135722455059332,-0.7189339828220179,-0.47155152764309066,-0.10002797044853652,-0.22039482966370882,-0.07264579893050167,-0.48808081534176806,-0.4851700975394945,0.6138228567653782,0.40272600722140034,0.10100291803409359,0.6270304542877785,0.5008905558307537,0.4919171078580608,0.48492430632416517
461,0.4583333333333333,0.75,2,1,2,True,-0.17526434616249445,-0.07128895730477965,-2.886579864025407e-17,-0.0026626308508436703,-0.03622691151545035,-0.05018280768388312,-0.05271841716005081,-1.2453700846274922,-0.8625733748706748,0.23925440363848088,-0.31391421121785246,-0.37673000999220846,-0.7706577058146438,-0.7584488146877522,0.9935660171779821,0.6516837211888018,-0.10002797044853652,0.029694016464543897,0.19067211740615064,0.7485181333148982,0.7225441283031059,0.5945789288330078,0.39010016545933285,0.10100291803409359,0.5417609870479889,0.44313356824155387,0.3058167838926499,0.3035640926732326
462,0.5,0.75,2,2,2,False,-0.17677669529663687,-0.07304129868536832,-2.886579864025407e-17,0.00021304765810045045,-0.03575324099107087,-0.04931567028359214,-0.05182179274877406,-1.2474873734152916,-0.8640398601811953,0.23925440363848088,-0.6077602949730255,-0.5913446767109318,-0.768662590939049,-0.7572373604754161,1.006066017177982,0.6598825186255309,-0.10002797044853652,0.3663597309650608,0.46100689361190916,0.7459965567950937,0.7222954523033878,0.575,0.37725453133593123,0.10100291803409359,0.4113496815214638,0.38668833281536785,0.30551809437816835,0.3035093340634101
463,0.5416666666666666,0.75,2,2,2,False,-0.17526434616249448,-0.07284453590197497,-2.886579864025407e-17,-0.017182358759349647,-0.03660478068662505,-0.048285509391537966,-0.050737834678956026,-1.2453700846274922,-0.8625733748706748,0.23925440363848088,-0.6921024940588012,-0.7047721804540475,-0.7662064918007969,-0.7557330425248553,1.0185660171779822,0.6680813160622602,-0.10002797044853652,0.6134654243863275,0.6509088459715997,0.7427677861417961,0.7217767753261544,0.5554210711669922,0.3644088972125297,0.10100291803409359,0.3111301489526447,0.3415127847696074,0.30527059122858086,0.3035678573432886
464,0.5833333333333333,0.75,2,2,2,False,-0.17075317547305485,-0.07070982960932347,-2.886579864025407e-17,-0.02399435134677487,-0.03899560249357532,-0.04706192469249508,-0.049420429162751335,-1.2390544456622767,-0.8581990109093627,0.23925440363848088,-0.7102963515705333,-0.7239213006604642,-0.7631288687956141,-0.7538286115573383,1.0310660171779822,0.6762801134989892,-0.10002797044853652,0.7348508265772129,0.721859577035701,0.7385181137845541,0.7207777970544079,0.536177143234622,0.35178305545046223,0.10100291803409359,0.2644970893523827,0.3104179193953108,0.3051604740532504,0.30384939162403235
465,0.625,0.75,2,2,2,False,-0.16332037060954704,-0.06668149921288054,-2.886579864025407e-17,-0.020076645646596572,-0.04172782567219317,-0.04563233979410729,-0.047831530935719666,-1.2286485188533658,-0.8509916148774399,0.23925440363848088,-0.7151222269866532,-0.7254112387541178,-0.7592039669343418,-0.7513701173531435,1.0435660171779821,0.6844789109357184,-0.10002797044853652,0.750353599386163,0.7248738233148928,0.7327422808618261,0.7188919925068871,0.5175974851452365,0.33959303770282234,0.10100291803409359,0.26881458244980294,0.29366654493395683,0.30537826878247676,0.3045753904851689
466,0.6666666666666666,0.75,2,2,2,False,-0.15309310892394862,-0.06083626455154061,-2.886579864025407e-17,-0.01751804832444576,-0.04482410148043469,-0.044065089319369616,-0.04600382234353581,-1.214330352493528,-0.8410745073192805,0.23925440363848088,-0.7219638962983308,-0.7183870242419816,-0.754134336461762,-0.7481492931126748,1.056066017177982,0.6926777083724475,-0.10002797044853652,0.7231911621219366,0.7184504499342932,0.7246063584356086,0.7152924310592534,0.5,0.3280474185529837,0.10100291803409359,0.2951597847918756,0.29130433979412906,0.3063656741728521,0.3062121594971015
467,0.7083333333333333,0.75,2,2,2,False,-0.14024638169923279,-0.053281933199911535,-2.886579864025407e-17,-0.011607689876019189,-0.04799080722050022,-0.04271816020314682,-0.04427938467913462,-1.1963449343789259,-0.828617372694746,0.23925440363848088,-0.7237931099812265,-0.7127000728782098,-0.7476314402723627,-0.7439556777891239,1.068566017177982,0.7008765058091766,-0.10002797044853652,0.697236332247437,0.7138188217077246,0.712754867067328,0.7082222811921125,0.48368578564869197,0.3173437467456504,0.10100291803409359,0.32772498628069013,0.30097048805954585,0.3092112384031252,0.3097702232065235
468,0.75,0.75,2,2,2,False,-0.125,-0.04415555585082302,-2.886579864025407e-17,-0.006918529238951099,-0.05020047194627245,-0.04439324902762377,-0.04564472361852762,-1.175,-0.8138333560310325,0.23925440363848088,-0.7209710816935716,-0.6953259896560606,-0.7395581976187529,-0.7373322381433601,1.0810660171779822,0.7090753032459058,-0.10002797044853652,0.6680676420600885,0.7048749080912944,0.6993902555781453,0.6972214443756409,0.46893398282201787,0.30766516507306435,0.10100291803409359,0.3682510967683761,0.32575248220782244,0.31314506489548793,0.3139612890538145
469,0.7916666666666666,0.75,2,2,2,False,-0.10761483364421988,-0.033621081339974955,-2.886579864025407e-17,-0.00871875730774451,-0.05209389399088358,-0.04719692144234429,-0.04826544014733133,-1.1506607671019078,-0.7969754159521597,0.23925440363848088,-0.7089262234722853,-0.6870068629391698,-0.7312877284951886,-0.7292849307763039,1.0935660171779822,0.717274100682635,-0.10002797044853652,0.6453744298974288,0.6751671502454228,0.6905862562878213,0.6888937259835468,0.45599699895631474,0.2991772767510533,0.10100291803409359,0.40047965610124875,0.35629258383038603,0.3136339024560388,0.31450113712695077
470,0.8333333333333333,0.75,2,2,2,False,-0.08838834764831849,-0.02186655143590311,-2.886579864025407e-17,-0.031258782600249,-0.05317298883934887,-0.04912494251824304,-0.05006616665083483,-1.1237436867076458,-0.7783319964867816,0.23925440363848088,-0.6941275208302959,-0.6793969299197258,-0.7244413203399027,-0.7226069879222592,1.1060660171779821,0.7254728981193642,-0.10002797044853652,0.6371749372132455,0.6271979951397688,0.6841241143376474,0.6827231306796308,0.44509618943233425,0.29202531190209413,0.10100291803409359,0.39931422299669245,0.37574809850138924,0.3132254695907347,0.314119635873157
471,0.875,0.75,2,2,2,False,-0.06764951251827464,-0.009100883393184569,-2.886579864025407e-17,-0.05444495440152966,-0.05424376706127981,-0.05052458264382019,-0.05137611817924899,-1.0947093175255844,-0.7582220917108828,0.23925440363848088,-0.6727045035785342,-0.6660635872659582,-0.7190147331262494,-0.7173060333821141,1.118566017177982,0.7336716955560932,-0.10002797044853652,0.6329466172359985,0.6018860439494073,0.6793207098483022,0.6781082459244938,0.43641807012330697,0.28633164262765176,0.10100291803409359,0.38356239861571245,0.36697309091355307,0.31255660853026435,0.31346341861178
472,0.9166666666666666,0.75,2,2,2,False,-0.04575317547305487,0.004449704679710744,-2.886579864025407e-17,-0.07131892450147223,-0.05459483603899512,-0.05158076054885972,-0.052367266208531875,-1.064054445662277,-0.7369897876706983,0.23925440363848088,-0.6497733536152743,-0.6338813493510485,-0.7147138228829057,-0.7131002810016781,1.131066017177982,0.7418704929928224,-0.10002797044853652,0.6230827002596181,0.5874201219062261,0.6756654369052408,0.6745813077695293,0.43011112605663976,0.2821936891875953,0.10100291803409359,0.3599546478957922,0.3539938487800037,0.3118520475333083,0.3127635394214968
473,0.9583333333333333,0.75,2,2,2,False,-0.023073988910314383,0.018545564474975802,-2.886579864025407e-17,-0.07764216523334236,-0.05474379429113993,-0.052402143929661985,-0.05314005401869255,-1.0323035844744402,-0.714998374975062,0.23925440363848088,-0.6388307758735879,-0.608860720182836,-0.7112633501981768,-0.7097234773941512,1.143566017177982,0.7500692904295514,-0.10002797044853652,0.6189729495601473,0.5925874942417273,0.6728154170723124,0.6718225784855734,0.42628327079392847,0.2796822531125415,0.10100291803409359,0.34125329108277125,0.33939043554258225,0.31118871763259864,0.31210054065192916
474,1.0,0.75,2,2,2,False,-2.164890140588733e-17,0.03293771793445589,-2.886579864025407e-17,-0.08432296288444546,-0.05549279514312996,-0.053056798851860064,-0.05375737639762024,-1.0,-0.692624132792368,0.23925440363848088,-0.6254292830158992,-0.579452336895951,-0.7084529944571762,-0.7069714122497792,1.1560660171779822,0.7582680878662807,-0.10002797044853652,0.6115663573721655,0.5929504654581181,0.6705432214836797,0.6696177509364385,0.425,0.27884030577003616,0.10100291803409359,0.32369806231990084,0.3170079026941327,0.31058902738902905,0.31149884135319156
475,0.0,0.7916666666666666,1,1,1,False,0.0,0.08298537939291048,-2.886579864025407e-17,0.00699143221748432,-0.004667817136607057,-0.001459679433550444,0.00036694333602363405,1.1,0.7618865460716049,0.23925440363848088,0.7217248858167017,0.7009453687314289,0.7115223707851244,0.7112833593214881,-0.8586857856486919,-0.5632152654665796,-0.10002797044853652,-0.5846627471171192,-0.6426329089103939,-0.49733881854232703,-0.4959100066803445,0.7375,0.48386994236565106,0.10100291803409359,0.47819679389183667,0.4891451382749309,0.48116638614064305,0.47751149002268334
476,0.041666666666666664,0.7916666666666666,1,1,1,False,-0.025888347648318433,0.06582638771326339,-2.886579864025407e-17,-0.005190276082028359,-0.007115965182471734,-0.002814788622583997,-0.0009072838325682141,1.0637563132923542,0.7367832939965233,0.23925440363848088,0.7212972674847301,0.7024185101808829,0.7104866564134928,0.7102246885236909,-0.8461857856486918,-0.5550164680298504,-0.10002797044853652,-0.5878773968250028,-0.6539831739802611,-0.49663805291129376,-0.49519957088136995,0.7362167292060715,0.4830279950231456,0.10100291803409359,0.4838418600540659,0.4982763436421279,0.4830497060364142,0.47923719632376205
477,0.08333333333333333,0.7916666666666666,1,1,1,False,-0.05133373849076816,0.04891095121036184,-2.886579864025407e-17,-0.022169427237821976,-0.009732825228569476,-0.0042293228916646455,-0.0022346154213893146,1.0281327661129247,0.7121095655243831,0.23925440363848088,0.71755183053932,0.696059288062467,0.7093431862430114,0.709056840098261,-0.8336857856486919,-0.5468176705931214,-0.10002797044853652,-0.5867849618653073,-0.648876662350909,-0.49593678712922706,-0.4944920849842176,0.7323888739433602,0.4805165589480918,0.10100291803409359,0.49212665748427725,0.5096393494253146,0.4850599381573322,0.4810789747786354
478,0.125,0.7916666666666666,1,1,1,False,-0.07590079483523973,0.03252070370366838,-2.886579864025407e-17,-0.035087115667804585,-0.012671105930674345,-0.005703288403889152,-0.003614649733244494,0.9937388872306645,0.6882875349901918,0.23925440363848088,0.6825180400806501,0.6730330931404703,0.7080793455769738,0.7077671808708164,-0.8211857856486919,-0.5386188731563921,-0.10002797044853652,-0.5454993831086926,-0.590932962441771,-0.4952410107700433,-0.4937941040472476,0.726081929876693,0.47637860550803535,0.10100291803409359,0.5056586091632859,0.5227083486500724,0.48720561933770523,0.48304454173627287
479,0.16666666666666666,0.7916666666666666,1,1,1,False,-0.09916916753640437,0.016928292883310596,-2.886579864025407e-17,-0.0394008644856261,-0.016035604345390284,-0.007235647073713172,-0.005045989311676637,0.961163165449034,0.6657248039411046,0.23925440363848088,0.6315264963009851,0.6398900529835945,0.7066810018191652,0.7063415973945675,-0.808685785648692,-0.5304200757196631,-0.10002797044853652,-0.49130171957342494,-0.5307266171345802,-0.4945582173544867,-0.49311371354827127,0.7174038105676658,0.470684936233593,0.10100291803409359,0.5321047896378313,0.5384686953703252,0.48949525286485085,0.48514154568778334
480,0.20833333333333331,0.7916666666666666,1,1,1,False,-0.1207407282861335,0.002392715232510731,-2.886579864025407e-17,-0.03206042872662629,-0.01984715805115394,-0.00882397464088262,-0.006525937070147033,0.9309629803994132,0.6448074269609418,0.23925440363848088,0.5709712037195133,0.5948810777576621,0.7051323736362323,0.7047643836526635,-0.7961857856486919,-0.5222212782829339,-0.10002797044853652,-0.43617697155185364,-0.44480362264418744,-0.49389768571214343,-0.49246078908248336,0.7065030010436852,0.4635329713846338,0.10100291803409359,0.565843200662048,0.5546702437284396,0.491937030466556,0.4873773016546658
481,0.25,0.7916666666666666,1,1,1,False,-0.14024638169923273,-0.010845115474049654,-2.886579864025407e-17,-0.015701143208059196,-0.024069723545230272,-0.008121969367855843,-0.005582695301916747,0.9036550656210743,0.625893306169227,0.23925440363848088,0.5171297861384248,0.5491832295518586,0.705660278870996,0.7052604226115926,-0.783685785648692,-0.5140224808462047,-0.10002797044853652,-0.40835640712329796,-0.3868195633011507,-0.49320846649255584,-0.49152756040752615,0.693566017177982,0.45504508306262276,0.10100291803409359,0.592071936624931,0.5679216505495323,0.4926817998293224,0.4876961888411494
482,0.29166666666666663,0.7916666666666666,1,1,1,False,-0.15735238063781506,-0.022566490271708265,-2.886579864025407e-17,-0.013063717172978747,-0.028633822466085094,-0.007295671009199117,-0.004523854068697878,0.879706667107059,0.6093060674166911,0.23925440363848088,0.4593005702875007,0.5122219774648125,0.7062780804552229,0.7058450392858678,-0.7711857856486919,-0.5058236834094756,-0.10002797044853652,-0.3918102926533286,-0.36278779051899124,-0.49255819587524463,-0.49063438905466494,0.6788142143513081,0.44536650139003675,0.10100291803409359,0.6266798511222644,0.5774223188212089,0.4933236136017103,0.48792484249795975
483,0.3333333333333333,0.7916666666666666,1,1,1,False,-0.17176603671736249,-0.03257864717684523,-2.886579864025407e-17,-0.032592508929003436,-0.03331023566704823,-0.006373263147808866,-0.0033784507396728766,0.8595275485956926,0.5953295229572415,0.23925440363848088,0.3789454465012096,0.4508721957911736,0.7069649764059045,0.7064974811642581,-0.7586857856486919,-0.49762488597274646,-0.10002797044853652,-0.37003349697957094,-0.32461102076656273,-0.49194452562718166,-0.48978026481752956,0.6625,0.4346628295827034,0.10100291803409359,0.6727743914647729,0.5830819604311126,0.4938741657312796,0.4880759507332772
484,0.375,0.7916666666666666,1,1,1,False,-0.1832407282861335,-0.040718069397866395,-2.886579864025407e-17,-0.05697748969701535,-0.03723682234485415,-0.005378163840439817,-0.002170408085676652,0.8434629803994131,0.5842028153416097,0.23925440363848088,0.23998211397327932,0.3004367592675115,0.7077037884701413,0.707200680161139,-0.7461857856486919,-0.4894260885360173,-0.10002797044853652,-0.32471117412959355,-0.2456344306322783,-0.49136531928696486,-0.48896407927988605,0.6449025148547635,0.4231172104328648,0.10100291803409359,0.7093616141539267,0.5725173475455925,0.4943439879117284,0.48816062496732343
485,0.41666666666666663,0.7916666666666666,1,1,1,True,-0.19158012019000087,-0.04685328315284297,-2.886579864025407e-17,-0.037201029603554335,-0.03999352094206238,-0.004329733616673603,-0.0009193180725701085,0.8317878317339988,0.5761163256220051,0.23925440363848088,-0.002608275780753257,0.010284420895796155,0.7084803920856039,0.7079406595510427,-0.7336857856486919,-0.4812272910992882,-0.10002797044853652,-0.21944511532777006,-0.09621408105988224,-0.4908185955487562,-0.4881846289633188,0.6263228567653781,0.41092719268522493,0.10100291803409359,0.6794767923225835,0.5320866348389925,0.4947425147328223,0.4881885605086919
486,0.4583333333333333,0.7916666666666666,2,1,2,True,-0.19664152312137323,-0.08432100286223303,-2.886579864025407e-17,0.03235468814936497,-0.04013600890051123,-0.04968892572324601,-0.05204855506615179,-1.2752981323699224,-0.883302262984444,0.23925440363848088,-0.362808669340147,-0.3528239046969759,-0.7718796560181862,-0.7609229927522952,0.9788142143513081,0.6420079577326043,-0.10002797044853652,0.005578536274857803,0.14351460246222864,0.7412489238642797,0.7183307527536047,0.6070789288330077,0.3983013509231574,0.10100291803409359,0.5636342295868728,0.470117313176976,0.30661924223364967,0.3045421610325235
487,0.5,0.7916666666666666,2,2,2,False,-0.19833833507280876,-0.08619221138704425,-2.886579864025407e-17,0.04207138005908923,-0.04023664001913524,-0.048911476179485,-0.05120801267040748,-1.2776736691019321,-0.8849476170533687,0.23925440363848088,-0.6369222905272391,-0.5961259601191712,-0.7700129895669253,-0.7598884692599578,0.9913142143513082,0.6502067551693336,-0.10002797044853652,0.32924052778209834,0.39344664971484,0.7380696009116344,0.7174195664209592,0.5875,0.3854557167997559,0.10100291803409359,0.42048500312058334,0.40900154588613513,0.3064273787207698,0.30459235743500557
488,0.5416666666666666,0.7916666666666666,2,2,2,False,-0.19664152312137326,-0.08587658145942832,-2.886579864025407e-17,-0.009392662929660192,-0.041399003923406265,-0.04801513281506664,-0.05021938555604,-1.2752981323699226,-0.8833022629844443,0.23925440363848088,-0.7181221927780223,-0.7190496902074348,-0.7677149267963208,-0.758578248512845,1.003814214351308,0.6584055526060626,-0.10002797044853652,0.5758100186425138,0.5922300070695282,0.7340940589247152,0.716074497213574,0.5679210711669923,0.37261008267635437,0.10100291803409359,0.3224900232300655,0.3587273117425621,0.30629300513387653,0.3047527053521155
489,0.5833333333333333,0.7916666666666666,2,2,2,False,-0.19158012019000092,-0.08338730758390307,-2.886579864025407e-17,-0.038557400918216155,-0.04368271431335635,-0.04698556282285524,-0.049054728482819804,-1.2682121682660012,-0.8783943532419678,0.23925440363848088,-0.7337943863424344,-0.7364517719526216,-0.7648318052828268,-0.7568779056735228,1.0163142143513082,0.6666043500427918,-0.10002797044853652,0.7018944886822983,0.6936639744800862,0.7290142041832776,0.7140438037888358,0.5486771432346219,0.3599842409142868,0.10100291803409359,0.2708787512045885,0.32031538112452496,0.30628283075511264,0.3051043361655081
490,0.625,0.7916666666666666,2,2,2,False,-0.1832407282861335,-0.07877477591558282,-2.886579864025407e-17,-0.041109835951780305,-0.04587348583511172,-0.04582284352287815,-0.04769504087019773,-1.256537019600587,-0.8703078635223632,0.23925440363848088,-0.7335116625802749,-0.7241593009299451,-0.7611382737462588,-0.7546082065102004,1.0288142143513082,0.674803147479521,-0.10002797044853652,0.7243564011161636,0.7052855731453251,0.7223627855007067,0.7108902604881807,0.5300974851452365,0.3477942231666469,0.10100291803409359,0.27481870243035933,0.2986397618866412,0.30653067681666385,0.3057946525094902
491,0.6666666666666666,0.7916666666666666,2,2,2,False,-0.1717660367173625,-0.07212570213909508,-2.886579864025407e-17,-0.036006998805130266,-0.048191472611547534,-0.044573915197188035,-0.046165442149957985,-1.2404724514043075,-0.8591811559067313,0.23925440363848088,-0.7333976859848343,-0.7077753706354855,-0.7563026923168644,-0.7514813322817471,1.041314214351308,0.68300194491625,-0.10002797044853652,0.6987751041592376,0.7030446359693994,0.7134215071710531,0.7058254606013112,0.5125,0.3362486040168083,0.10100291803409359,0.2989370272025212,0.29749245338758373,0.3073172800600323,0.3070999752572693
492,0.7083333333333333,0.7916666666666666,2,2,2,False,-0.15735238063781512,-0.0635616477391741,-2.886579864025407e-17,-0.02291560272638288,-0.05061823429524622,-0.043421226222938036,-0.04464576596796784,-1.220293332892941,-0.8452046114472818,0.23925440363848088,-0.7286849159681213,-0.7052748286905266,-0.7498539684151049,-0.7470337475500235,1.053814214351308,0.6912007423529792,-0.10002797044853652,0.6681633749262662,0.7087058768075313,0.7011053052169397,0.6973881596072123,0.4961857856486919,0.325544932209475,0.10100291803409359,0.33665321794248865,0.308146447256443,0.30926580029119977,0.30954933338397767
493,0.75,0.7916666666666666,2,2,2,False,-0.14024638169923273,-0.053236940049954024,-2.886579864025407e-17,-0.014519719548129865,-0.05240242608617363,-0.04291459031053058,-0.04525167226505974,-1.1963449343789259,-0.828617372694746,0.23925440363848088,-0.7261477493848604,-0.707643352903228,-0.741230132741658,-0.7391986690923562,1.066314214351308,0.6993995397897083,-0.10002797044853652,0.6430952310983837,0.7109920635634257,0.6839728281208167,0.6869768705808998,0.4814339828220179,0.31586635053688894,0.10100291803409359,0.38160137848636844,0.3332932741026554,0.3138450219370884,0.3121109232760621
494,0.7916666666666666,0.7916666666666666,2,2,2,False,-0.12074072828613357,-0.041336031671494355,-2.886579864025407e-17,-0.018209725281419644,-0.05342468978493799,-0.04503348127667444,-0.04721396595751711,-1.169037019600587,-0.809703251903031,0.23925440363848088,-0.7250154516042957,-0.7148772012122641,-0.7307239967870885,-0.73070520974138,1.0788142143513082,0.7075983372264375,-0.10002797044853652,0.6316237744293479,0.6929707230742518,0.6715725742410801,0.6804374579170581,0.46849699895631475,0.3073784622148779,0.10100291803409359,0.4131827830617159,0.3636329850620169,0.31718797396424553,0.31252698171415794
495,0.8333333333333333,0.7916666666666666,2,2,2,False,-0.09916916753640445,-0.028070344434652686,-2.886579864025407e-17,-0.03302041880580909,-0.05437366593515328,-0.04743939616990214,-0.04874921791105923,-1.1388368345509663,-0.7887858749228684,0.23925440363848088,-0.7140242273731591,-0.7230973464745318,-0.7223082610503553,-0.7239650857777108,1.0913142143513082,0.7157971346631666,-0.10002797044853652,0.6231477514592956,0.6408667022137386,0.6673341214954488,0.6756622744377927,0.4575961894323342,0.3002264973659187,0.10100291803409359,0.41587348769356924,0.3777702980461161,0.3163030071074462,0.3123931145487455
496,0.875,0.7916666666666666,2,2,2,False,-0.07590079483523975,-0.01367465191494179,-2.886579864025407e-17,-0.04972851292618824,-0.054830139636397546,-0.04917540484321213,-0.0499687658904228,-1.1062611127693356,-0.7662231438737811,0.23925440363848088,-0.6878068785467225,-0.6988553762596557,-0.7161164286759247,-0.7186504504661007,1.103814214351308,0.7239959320998958,-0.10002797044853652,0.6126859586122134,0.6008558800554848,0.6644591369860975,0.6720948313955077,0.448918070123307,0.29453282809147635,0.10100291803409359,0.39910052511685645,0.3754906323671068,0.3152020538001112,0.3120385930182581
497,0.9166666666666666,0.7916666666666666,2,2,2,False,-0.051333738490768215,0.001596937608438905,-2.886579864025407e-17,-0.06507990041446263,-0.05576713830002182,-0.05047196066965904,-0.05095179262830698,-1.0718672338870756,-0.74240111333959,0.23925440363848088,-0.6626870536315994,-0.6600438964472628,-0.711479756890482,-0.7144186172073405,1.116314214351308,0.7321947295366249,-0.10002797044853652,0.604014868635144,0.5832849627740615,0.6624168285857842,0.6693615778838078,0.44261112605663977,0.2903948746514199,0.10100291803409359,0.37547760951111997,0.3634445128691122,0.31414342331269857,0.3116086536108582
498,0.9583333333333333,0.7916666666666666,2,2,2,False,-0.025888347648318516,0.017475329015712818,-2.886579864025407e-17,-0.07136998840264153,-0.055861735091546565,-0.05146929842728331,-0.05175565863662793,-1.0362436867076459,-0.7177273848674496,0.23925440363848088,-0.6452236527329532,-0.6249177776744476,-0.7079189351000411,-0.7109998995248097,1.128814214351308,0.7403935269733539,-0.10002797044853652,0.6011175162524466,0.5801279291607147,0.6609069684465155,0.6672172575194887,0.4387832707939284,0.28788343857636606,0.10100291803409359,0.35665000449278456,0.3548749112795911,0.31319585143385736,0.31116780233674746
499,1.0,0.7916666666666666,2,2,2,False,-2.4289440719513048e-17,0.033681044638632654,-2.886579864025407e-17,-0.07495329497884526,-0.05598005007149586,-0.05225616819885971,-0.05242209609525686,-1.0,-0.692624132792368,0.23925440363848088,-0.6352721133532823,-0.5973127954999742,-0.7051164575549855,-0.7081960676488005,1.1413142143513082,0.7485923244100833,-0.10002797044853652,0.5999569933781722,0.5805300114610334,0.65975299749522,0.6654990805535854,0.4375,0.28704149123386075,0.10100291803409359,0.34221991317496503,0.342876829349504,0.31236730389590517,0.31074407367716106
500,0.0,0.8333333333333333,1,1,1,False,0.0,0.08378564225527643,-2.886579864025407e-17,0.004547995028923931,-0.006818153182072979,-0.0032324427816399215,-0.001517991397819371,1.1,0.7618865460716049,0.23925440363848088,0.7050389153007882,0.672891627927904,0.7068869814121854,0.7066903298803401,-0.875,-0.57391582057104,-0.10002797044853652,-0.6044885898635215,-0.6530927142450011,-0.49916428074870806,-0.49784595998727643,0.75,0.49207112782947554,0.10100291803409359,0.49104117517823326,0.49687534690894347,0.4842398249051326,0.4806865467407626
501,0.041666666666666664,0.8333333333333333,1,1,1,False,-0.02825974958045385,0.06509852810838532,-2.886579864025407e-17,-0.004857047194697371,-0.009224581939931201,-0.004529551053580296,-0.0027480268313787963,1.0604363505873646,0.734483807707077,0.23925440363848088,0.695499217461862,0.6695697791161307,0.7057488021883964,0.7055352883478776,-0.8624999999999999,-0.5657170231343108,-0.10002797044853652,-0.5985418243326848,-0.6435662344068641,-0.4985871412986614,-0.49726473636406165,0.7487167292060715,0.4912291804869702,0.10100291803409359,0.49981048246912774,0.5071396648776378,0.4860824379177788,0.48238908239319844
502,0.08333333333333333,0.8333333333333333,1,1,1,False,-0.05603596701050333,0.04668111573732985,-2.886579864025407e-17,-0.013744228928502104,-0.011831276734175868,-0.005877142163824851,-0.004023931402685622,1.0215496461852953,0.7075499377934406,0.23925440363848088,0.6769054772751653,0.6587758208960821,0.7045092566220479,0.7042781590783296,-0.85,-0.5575182256975817,-0.10002797044853652,-0.5819595822836616,-0.6423471534270172,-0.49801375528403846,-0.4966903835546281,0.7448888739433602,0.4887177444119164,0.10100291803409359,0.5112817606498946,0.5182596143441729,0.48803623044407207,0.4841940708775696
503,0.125,0.8333333333333333,1,1,1,False,-0.08285339350889794,0.02884073818510311,-2.886579864025407e-17,-0.018131463339114442,-0.014714554477086889,-0.007274809552238998,-0.005345068695984716,0.9840052490875429,0.6815457823123975,0.23925440363848088,0.6476623115023739,0.6373296683469484,0.7031581902232753,0.7029088297396082,-0.8375,-0.5493194282608526,-0.10002797044853652,-0.558754023054135,-0.5909271298984611,-0.49744897387787335,-0.4961281818495986,0.738581929876693,0.48457979097186,0.10100291803409359,0.5334062946578251,0.5317938000710676,0.49010753752994846,0.48610726612650224
504,0.16666666666666666,0.8333333333333333,1,1,1,False,-0.1082531754730548,0.011874855268963775,-2.886579864025407e-17,-0.019006023515002166,-0.0182174627271674,-0.008721303680185977,-0.006710003216774778,0.9484455543377234,0.6569162795739424,0.23925440363848088,0.5982024297749934,0.5913318979426864,0.701684454586516,0.7014162256823567,-0.825,-0.5411206308241234,-0.10002797044853652,-0.507685279362368,-0.5188419991051773,-0.49689868637350687,-0.4955844633466271,0.7299038105676658,0.4788861216974177,0.10100291803409359,0.5609234502354562,0.5492837889992531,0.4923025285341359,0.4881342406453043
505,0.20833333333333331,0.8333333333333333,1,1,1,False,-0.13180071559141726,-0.003934036039508737,-2.886579864025407e-17,-0.014844799009897283,-0.02186816358244727,-0.010214292762141808,-0.008116285949037304,0.915478998172016,0.6340828471985184,0.23925440363848088,0.532959379891483,0.5508585986208927,0.7000758603700513,0.699788274309209,-0.8125,-0.5329218333873943,-0.10002797044853652,-0.4491050586747622,-0.4339601084403945,-0.4963699855745326,-0.4950667625188317,0.7190030010436852,0.4717341568484584,0.10100291803409359,0.5996861617544899,0.5715519600421834,0.49462699156434253,0.490280179468497
506,0.25,0.8333333333333333,1,1,1,False,-0.1530931089239486,-0.01832323521592076,-2.886579864025407e-17,-0.01066714139544812,-0.025834975514643425,-0.009594582473678621,-0.007277621948091929,0.885669647506472,0.6134361715446924,0.23925440363848088,0.4711917535897917,0.5067151161031895,0.7006469416062215,0.7003347166031406,-0.8,-0.5247230359506652,-0.10002797044853652,-0.4095436403266367,-0.3814308920849725,-0.49566782377593505,-0.4941423609781299,0.7060660171779821,0.4632462685264474,0.10100291803409359,0.6353609123983885,0.5916454984092486,0.4952782972266275,0.4905429828766773
507,0.29166666666666663,0.8333333333333333,1,1,1,False,-0.17176603671736246,-0.031054333061871258,-2.886579864025407e-17,-0.023462149256848044,-0.030270887586706693,-0.008862503167923533,-0.0063328683742394365,0.8595275485956926,0.5953295229572415,0.23925440363848088,0.4054835456835774,0.45794756609696546,0.7012972622415976,0.7009589968524483,-0.7875,-0.5165242385139359,-0.10002797044853652,-0.3828433928010604,-0.37142301722758364,-0.49500030158493824,-0.4932528724652018,0.691314214351308,0.4535676868538613,0.10100291803409359,0.6766975000059544,0.6034853138659663,0.49584100523502245,0.49072691210397423
508,0.3333333333333333,0.8333333333333333,1,1,1,False,-0.18749999999999994,-0.04191729095243596,-2.886579864025407e-17,-0.05569029006483982,-0.03408777225718182,-0.008041059323027296,-0.005305857921271331,0.8375000000000001,0.5800727112136083,0.23925440363848088,0.3151497500072488,0.3963901338192158,0.7020095636181396,0.7016438669385897,-0.775,-0.5083254410772068,-0.10002797044853652,-0.3655741058161756,-0.34650087129939333,-0.4943656831420173,-0.49239772443877755,0.675,0.442864015046528,0.10100291803409359,0.7137272438354658,0.6060686642118193,0.4963245516361672,0.4908423471395966
509,0.375,0.8333333333333333,1,1,1,False,-0.20002578629781634,-0.05073403465527346,-2.886579864025407e-17,-0.08457451952335851,-0.03938445555313201,-0.007149713968609334,-0.004216612907584922,0.8199638991830572,0.5679267845927136,0.23925440363848088,0.17471299316088623,0.2401522530288449,0.7027693541884932,0.7023749017879164,-0.7625,-0.5001266436404777,-0.10002797044853652,-0.3333238823497089,-0.28417168897574846,-0.4937623636552154,-0.49157623180357524,0.6574025148547634,0.43131839589668935,0.10100291803409359,0.7275670501544712,0.5883805080233134,0.49673750415713336,0.49089847765245764
510,0.41666666666666663,0.8333333333333333,1,1,1,True,-0.20912907593445193,-0.05736150123011205,-2.886579864025407e-17,-0.05229778531092456,-0.042196715058586215,-0.0062048627936791695,-0.003081869945877728,0.8072192936917675,0.5590995632665282,0.23925440363848088,-0.08090394043538428,-0.04665226706381892,0.7035645144114939,0.7031400866654491,-0.75,-0.4919278462037485,-0.10002797044853652,-0.24772199612820633,-0.16422637217471087,-0.4931888320139739,-0.49078760270957955,0.6388228567653781,0.41912837814904946,0.10100291803409359,0.6766239876088362,0.5422687106208433,0.49708760591248896,0.4909034128208801
511,0.4583333333333333,0.8333333333333333,2,1,2,True,-0.21465410910031518,-0.09512798251518371,-2.886579864025407e-17,0.028819940386586893,-0.04298208474870646,-0.04920372107787916,-0.05140171088268517,-1.3005157527404412,-0.9007685954246617,0.23925440363848088,-0.4238120234632163,-0.37242213387982304,-0.772413488884924,-0.7625847234514598,0.9625,0.631307402628144,-0.10002797044853652,-0.04647574197888564,0.06019695868867987,0.7345612297380457,0.7142244353210129,0.6195789288330077,0.40650253638698197,0.10100291803409359,0.5628937267623594,0.4790419845559747,0.30711645740638677,0.30521101655139043
512,0.5,0.8333333333333333,2,2,2,False,-0.21650635094610962,-0.09709934947810386,-2.886579864025407e-17,0.04730774680789572,-0.043742009617443414,-0.048489930633210825,-0.0506015576274324,-1.3031088913245534,-0.902564665787693,0.23925440363848088,-0.6496997487358929,-0.6081275560533836,-0.7705725237620642,-0.7615979307553635,0.9750000000000001,0.6395062000648731,-0.10002797044853652,0.2435005975076575,0.3412622871695262,0.7308863428044605,0.7127610903377581,0.6,0.39365690226358047,0.10100291803409359,0.43950569953668517,0.41928496150146044,0.30696841382743234,0.3053014347114886
513,0.5416666666666666,0.8333333333333333,2,2,2,False,-0.2146541091003152,-0.09668356111237901,-2.886579864025407e-17,-0.0034989215149123006,-0.045327713307103654,-0.047684995548405364,-0.04968012606867886,-1.3005157527404414,-0.9007685954246619,0.23925440363848088,-0.7238699990360669,-0.7327924070985683,-0.7683104734856276,-0.7603275376741917,0.9875,0.6477049975016023,-0.10002797044853652,0.5114643055819917,0.5569631523450549,0.7263839486326099,0.7107621748995749,0.5804210711669923,0.3808112681401789,0.10100291803409359,0.34424401186955184,0.36697116803170327,0.3068696187579032,0.30548492970764796
514,0.5833333333333333,0.8333333333333333,2,2,2,False,-0.20912907593445196,-0.09389552566117214,-2.886579864025407e-17,-0.042533409535170805,-0.04729535807822717,-0.04678222785865107,-0.04861990643735152,-1.2927807063082328,-0.8954111155974447,0.23925440363848088,-0.7457564543924152,-0.7706275798812887,-0.7654813034199827,-0.7586531967553585,1.0,0.6559037949383314,-0.10002797044853652,0.6678852454147262,0.6697687867547907,0.7207740531190093,0.7079708051827068,0.5611771432346219,0.3681854263781114,0.10100291803409359,0.2835139662911387,0.32586243681054183,0.30686913651073244,0.3058181943572425
515,0.625,0.8333333333333333,2,2,2,False,-0.20002578629781634,-0.08879074117298988,-2.886579864025407e-17,-0.053545556881552075,-0.048964331756615166,-0.045785780849985566,-0.04741169935034272,-1.2800361008169427,-0.886583894271259,0.23925440363848088,-0.7537313988895724,-0.7506665750259667,-0.7618725405173074,-0.7563869338852331,1.0125000000000002,0.6641025923750608,-0.10002797044853652,0.7080760302974326,0.682103715616681,0.713655227364416,0.7039742673684383,0.5425974851452365,0.3559954086304715,0.10100291803409359,0.27285453088988026,0.30008603940087625,0.3070598865596147,0.3063967551455245
516,0.6666666666666666,0.8333333333333333,2,2,2,False,-0.18749999999999997,-0.08146434591468583,-2.886579864025407e-17,-0.046619130175781134,-0.05039433878625536,-0.04472825115469433,-0.046075861836763654,-1.2625,-0.8744379676503645,0.23925440363848088,-0.7504191306053062,-0.7260426171375753,-0.7571716768400616,-0.7532280658631942,1.0250000000000001,0.6723013898117898,-0.10002797044853652,0.6866631890273112,0.6808911406270126,0.7044508624589845,0.698093678577555,0.525,0.34444978948063293,0.10100291803409359,0.28952520489247935,0.2948105600877903,0.30762492517918544,0.3073855170441596
517,0.7083333333333333,0.8333333333333333,2,2,2,False,-0.17176603671736254,-0.07204949052933712,-2.886579864025407e-17,-0.03720405644401226,-0.05244514386770436,-0.04371159520789937,-0.044719163960790315,-1.2404724514043075,-0.8591811559067313,0.23925440363848088,-0.7436735698073339,-0.7184761582506324,-0.7509228659377138,-0.7486908594846963,1.0375,0.6805001872485189,-0.10002797044853652,0.6530185719075229,0.6853553703947929,0.6923554426465307,0.6891999910827282,0.5086857856486919,0.3337461176732996,0.10100291803409359,0.3199555357911069,0.3056670037648589,0.30894299654187934,0.30907438671388315
518,0.75,0.8333333333333333,2,2,2,False,-0.15309310892394862,-0.06071505979182515,-2.886579864025407e-17,-0.030631113074868543,-0.0538315202077182,-0.04299896670724337,-0.04496777445612941,-1.214330352493528,-0.8410745073192805,0.23925440363848088,-0.7400936087812393,-0.7255688810809054,-0.742502195870539,-0.7407379929256078,1.05,0.6886989846852479,-0.10002797044853652,0.6295728633036767,0.684224772541532,0.6763693128118563,0.6796896400984949,0.49393398282201784,0.3240675360007135,0.10100291803409359,0.3628569531924799,0.329036098942589,0.31184055946223765,0.3107462667233645
519,0.7916666666666666,0.8333333333333333,2,2,2,False,-0.13180071559141732,-0.047662782943513796,-2.886579864025407e-17,-0.03255128773972272,-0.054808645778695805,-0.04320187211722195,-0.04649083775023415,-1.1845210018279841,-0.8204278316654544,0.23925440363848088,-0.7388148847752338,-0.7427436744611606,-0.7312601245881643,-0.7323345605867109,1.0625,0.6968977821219772,-0.10002797044853652,0.6209757815442588,0.6722971041858947,0.6557910950558842,0.6743775901373062,0.48099699895631476,0.3155796476787025,0.10100291803409359,0.3962300369603801,0.3518454710452945,0.318186183304314,0.31111089383018403
520,0.8333333333333333,0.8333333333333333,2,2,2,False,-0.10825317547305488,-0.03312378204899952,-2.886579864025407e-17,-0.035833851762110035,-0.05544481976645623,-0.04563752630713777,-0.0477942590748321,-1.1515544456622768,-0.7975943992900306,0.23925440363848088,-0.7204357416596795,-0.7693706897528833,-0.7216962185293954,-0.7256641252244043,1.0750000000000002,0.7050965795587063,-0.10002797044853652,0.6076693191732078,0.630726772360798,0.653496809682941,0.6705002266641172,0.4700961894323342,0.3084276828297433,0.10100291803409359,0.4013103983894311,0.3627092655663915,0.3173705802691195,0.3111165180130907
521,0.875,0.8333333333333333,2,2,2,False,-0.08285339350889796,-0.017354617433507073,-2.886579864025407e-17,-0.043515902357241086,-0.05629237572880234,-0.04752636333761646,-0.048899204734194776,-1.115994750912457,-0.7729648965515753,0.23925440363848088,-0.6958479579540552,-0.7331343189182455,-0.7149453039839196,-0.7203547915274066,1.0875000000000001,0.7132953769954354,-0.10002797044853652,0.5966339110450465,0.5990960200676305,0.6523354830779572,0.6675991286742536,0.46141807012330693,0.3027340135553009,0.10100291803409359,0.39575605060474955,0.36443802364803374,0.31626416694486054,0.31094510010485404
522,0.9166666666666666,0.8333333333333333,2,2,2,False,-0.05603596701050339,-0.0006328978645930769,-2.886579864025407e-17,-0.05166204203027176,-0.056383363129404715,-0.048990331904087095,-0.04983486736538932,-1.0784503538147048,-0.7469607410705323,0.23925440363848088,-0.6712214192175089,-0.6861926598893091,-0.7100429255490649,-0.7160818928708426,1.1,0.7214941744321646,-0.10002797044853652,0.5896490848850402,0.5828896619031855,0.6517069313629414,0.6653744933388458,0.4551111260566397,0.2985960601152444,0.10100291803409359,0.3798467688423608,0.3642732283815211,0.31516568076370977,0.3106909378275178
523,0.9583333333333333,0.8333333333333333,2,2,2,False,-0.02825974958045394,0.01674746941083473,-2.886579864025407e-17,-0.059781394277134595,-0.05657851486999279,-0.0501400599560274,-0.050630073960569434,-1.0395636494126355,-0.7200268711568959,0.23925440363848088,-0.654333679623737,-0.6471922936500105,-0.7063672460019561,-0.7125963525514295,1.1125,0.7296929718688937,-0.10002797044853652,0.5877766945116257,0.5776379853320504,0.6513514420414689,0.6636297479835177,0.45128327079392844,0.2960846240401907,0.10100291803409359,0.3668345639816211,0.35697619173671447,0.3141649455016115,0.3104035063943028
524,1.0,0.8333333333333333,2,2,2,False,-2.6514380968122667e-17,0.03448130750099862,-2.886579864025407e-17,-0.0660421716306952,-0.05673851802535817,-0.05105852732974519,-0.0513099830646076,-1.0,-0.692624132792368,0.23925440363848088,-0.6412994702404345,-0.6203607224858215,-0.7035297025068263,-0.7097140264719121,1.125,0.7378917693056228,-0.10002797044853652,0.5870016882117736,0.5735851546001458,0.6511456363545295,0.6622336986050545,0.44999999999999996,0.29524267669768534,0.10100291803409359,0.3537129390902713,0.3520683682890832,0.31328007164233324,0.31010881927478257
525,0.0,0.875,1,1,1,False,0.0,0.08463266905132485,-2.886579864025407e-17,0.004866584283311195,-0.008947245147017883,-0.004762776139702496,-0.0031467175117892883,1.1,0.7618865460716049,0.23925440363848088,0.689085464793209,0.6574628123178368,0.7028512808847215,0.7026911835151998,-0.8925974851452365,-0.5854580778591715,-0.10002797044853652,-0.6118380626666917,-0.6404074121504737,-0.5007602552383801,-0.4995377106766594,0.7625,0.5002723132933001,0.10100291803409359,0.5017892098105475,0.5041845513846519,0.48688553153071296,0.4834207760341977
526,0.041666666666666664,0.875,1,1,1,False,-0.0301476193621849,0.06472901873247552,-2.886579864025407e-17,-0.0009169680774200203,-0.011083670025477381,-0.00600204872051004,-0.004329894803641213,1.0577933328929412,0.732653189868522,0.23925440363848088,0.6749076618032612,0.6514976548441545,0.7016495238588707,0.7014771754576953,-0.8800974851452366,-0.5772592804224423,-0.10002797044853652,-0.6005954247463992,-0.6360156906259582,-0.5002804199713626,-0.49905793761361095,0.7612167292060715,0.4994303659507949,0.10100291803409359,0.5110877193339082,0.5137185690779573,0.4886762203117577,0.48508581436244047
527,0.08333333333333333,0.875,1,1,1,False,-0.05977940459858362,0.0451158854606516,-2.886579864025407e-17,-0.0024550467886159566,-0.013800928846417395,-0.0072844047153400975,-0.005552752710632505,1.016308833561983,0.7039200244950915,0.23925440363848088,0.656351993210537,0.6430676083471565,0.700353708258149,0.7001688337339524,-0.8675974851452366,-0.5690604829857132,-0.10002797044853652,-0.5912095947639205,-0.6201091202965715,-0.49980680098864516,-0.49858719146667074,0.7573888739433603,0.49691892987574104,0.10100291803409359,0.5273312040315885,0.5251151894059791,0.4905644393132482,0.4868412438261771
528,0.125,0.875,1,1,1,False,-0.08838834764831845,0.02612106139497476,-2.886579864025407e-17,-0.005051591140799192,-0.016785051096352442,-0.008609199067023631,-0.006814522771953286,0.9762563132923543,0.6761786823771913,0.23925440363848088,0.6248384617601709,0.6271039789625119,0.6989556251390342,0.6987580182149442,-0.8550974851452365,-0.5608616855489841,-0.10002797044853652,-0.558988669381775,-0.593392428819866,-0.49934334910001416,-0.4981297545052573,0.751081929876693,0.4927809764356845,0.10100291803409359,0.5432975794873112,0.5389085443052903,0.4925549231215871,0.4886913780231765
529,0.16666666666666666,0.875,1,1,1,False,-0.11548494156391083,0.008061759252621866,-2.886579864025407e-17,-0.0018548784020326501,-0.01988104076133781,-0.009975104301399102,-0.00811379158871155,0.938321081810525,0.6499038255698114,0.23925440363848088,0.5833238558057057,0.5984464112362877,0.6974464073306607,0.6972359559660315,-0.8425974851452366,-0.552662888112255,-0.10002797044853652,-0.5245563659674639,-0.529970633262455,-0.4988947481278009,-0.4976906485840876,0.7424038105676658,0.48708730716124216,0.10100291803409359,0.5728691558754955,0.5563085511031447,0.49465218635162067,0.4906403045215302
530,0.20833333333333331,0.875,1,1,1,False,-0.1406055561108699,-0.008760815288714032,-2.886579864025407e-17,2.225124432200104e-05,-0.023414877047567284,-0.011379940099032197,-0.00944834697629423,0.9031522214447822,0.625545024157693,0.23925440363848088,0.5306531729398675,0.5528748628469815,0.6958165218864695,0.6955932408374657,-0.8300974851452365,-0.5444640906755258,-0.10002797044853652,-0.47350672429391105,-0.45981702250820805,-0.49846651521364016,-0.497275725050617,0.7315030010436853,0.479935342312283,0.10100291803409359,0.6005708334766683,0.5796286632453131,0.49686035807685336,0.49269172648651527
531,0.25,0.875,1,1,1,False,-0.16332037060954704,-0.024066617303478977,-2.886579864025407e-17,-0.009205567289165394,-0.027093697291770132,-0.010828211503835786,-0.008696684185259401,0.8713514811466343,0.603519063986533,0.23925440363848088,0.46803724610257713,0.5031514433179636,0.6964077829668003,0.6961653703233893,-0.8175974851452366,-0.5362652932387967,-0.10002797044853652,-0.43352279203096405,-0.4095695434776975,-0.4977648906325539,-0.49637037736405454,0.7185660171779822,0.471447453990272,0.10100291803409359,0.639486152267221,0.5974879491682504,0.4974392983083269,0.4929139863705529
532,0.29166666666666663,0.875,1,1,1,False,-0.1832407282861335,-0.03760155426457733,-2.886579864025407e-17,-0.04273141642213388,-0.03087556661595702,-0.01017485191438679,-0.007847952807897008,0.8434629803994131,0.5842028153416097,0.23925440363848088,0.39392098103147033,0.43928780659200495,0.6970697061620699,0.6968067850872293,-0.8050974851452366,-0.5280664958020675,-0.10002797044853652,-0.40534151085702125,-0.3913730080090576,-0.497093947929089,-0.4954954159332836,0.7038142143513081,0.46176887231768593,0.10100291803409359,0.6847944438287019,0.6053030730141595,0.49794113535243656,0.49306667170402196
533,0.3333333333333333,0.875,1,1,1,False,-0.20002578629781637,-0.04914183363695836,-2.886579864025407e-17,-0.08533963993905908,-0.035123677182700236,-0.00943882331566008,-0.006921882418229865,0.8199638991830571,0.5679267845927136,0.23925440363848088,0.2901857356284415,0.3241891493093135,0.6977878486259886,0.6975030258406516,-0.7925974851452365,-0.5198676983653384,-0.10002797044853652,-0.37933622271959166,-0.37698600594407283,-0.4964523907472308,-0.4946505560076986,0.6875,0.4510652005103526,0.10100291803409359,0.7196223508260607,0.596467997562069,0.49837357339648514,0.49315835413512915
534,0.375,0.875,1,1,1,False,-0.21338834764831843,-0.05849779202993774,-2.886579864025407e-17,-0.10647572439918905,-0.03942178781729788,-0.008636411935805093,-0.005935318487350644,0.8012563132923542,0.5549694591385268,0.23925440363848088,0.1338977573426358,0.12425014486857433,0.6985499059501823,0.6982418211650464,-0.7800974851452366,-0.5116689009286093,-0.10002797044853652,-0.34791799058216216,-0.3383272549728411,-0.4958390060106002,-0.49383540292368155,0.6699025148547635,0.439519581360514,0.10100291803409359,0.7011028473329682,0.5698679560277835,0.4987436596146634,0.4931966960812493
535,0.41666666666666663,0.875,1,1,1,True,-0.22309977520813068,-0.06551714039039694,-2.886579864025407e-17,-0.058179615244181415,-0.041588851575380996,-0.007781553066096649,-0.004902581543468891,0.7876603147086172,0.5455525424100197,0.23925440363848088,-0.15907230927426022,-0.14554149179828915,0.6993454337282277,0.6990127957846657,-0.7675974851452365,-0.50347010349188,-0.10002797044853652,-0.2500878710696145,-0.2550431943408957,-0.49525263801946295,-0.49304945780722853,0.6513228567653782,0.4273295636128741,0.10100291803409359,0.6357410840687281,0.5236309460515347,0.49905781357199563,0.49318852682462294
536,0.4583333333333333,0.875,2,1,2,True,-0.22899390375918835,-0.10352146535056576,-2.886579864025407e-17,0.018170606755686866,-0.044801085594029275,-0.04874751371309868,-0.050798499893523114,-1.3205914652628636,-0.9146735184006936,0.23925440363848088,-0.4747708869029148,-0.4344877664209054,-0.7724993354085582,-0.7636650015689644,0.9449025148547635,0.6197651453400124,-0.10002797044853652,-0.07291486537556478,-0.05951529324019187,0.728493846649557,0.7103322674943935,0.6320789288330078,0.4147037218508066,0.10100291803409359,0.5470757422242457,0.4671912492124573,0.3074094869879683,0.30566454830513806
537,0.5,0.875,2,2,2,False,-0.23096988312782168,-0.10557256830683606,-2.886579864025407e-17,0.0394417043352899,-0.046266436784270906,-0.048083673543214044,-0.05003267666426638,-1.3233578363789502,-0.9165895737959547,0.23925440363848088,-0.6631105612598882,-0.631310390558331,-0.770640016096046,-0.7626595086045916,0.9574025148547635,0.6279639427767415,-0.10002797044853652,0.16478574512639088,0.23551482761108183,0.7244708915280229,0.708431908951462,0.6125,0.40185808772740506,0.10100291803409359,0.45058169354125044,0.4150503694515884,0.3072736645944789,0.3057612291511905
538,0.5416666666666666,0.875,2,2,2,False,-0.22899390375918838,-0.1050770439477611,-2.886579864025407e-17,-0.00039082219430051045,-0.047961267309196094,-0.04734794759211445,-0.049166012330722327,-1.3205914652628636,-0.9146735184006936,0.23925440363848088,-0.7249578637141393,-0.7425450503482304,-0.7683678674903466,-0.7613581796363738,0.9699025148547635,0.6361627402134707,-0.10002797044853652,0.4155054352951304,0.5132023273057471,0.7196311201540732,0.7059448011100603,0.5929210711669923,0.38901245360400355,0.10100291803409359,0.364423244433922,0.3715009306874697,0.30717587388732986,0.30593165490321805
539,0.5833333333333333,0.875,2,2,2,False,-0.22309977520813074,-0.10205116482145704,-2.886579864025407e-17,-0.04194559338586398,-0.0493849872022162,-0.04653784199033296,-0.04818786852947061,-1.312339685291383,-0.9089581364539532,0.23925440363848088,-0.7476757650647712,-0.7897344852034827,-0.765548146229515,-0.7596408344513281,0.9824025148547635,0.6443615376501999,-0.10002797044853652,0.6098865346093187,0.6584643485928543,0.713732738958633,0.7026304310003215,0.5736771432346219,0.376386611841936,0.10100291803409359,0.2993128174114609,0.33630859161086524,0.30715228254872073,0.3062147919904733
540,0.625,0.875,2,2,2,False,-0.21338834764831843,-0.09655449854765417,-2.886579864025407e-17,-0.05042455264006287,-0.05102250959949283,-0.045659184470089736,-0.047095253525986445,-1.2987436867076458,-0.8995412197254461,0.23925440363848088,-0.7639974319576204,-0.7831674780620368,-0.7619899089243284,-0.7573254927109514,0.9949025148547634,0.652560335086929,-0.10002797044853652,0.6855156503091049,0.6846623199466675,0.7064467044003829,0.698126190990146,0.5550974851452365,0.3641965940942961,0.10100291803409359,0.2768621105744111,0.3116294749772186,0.30726908773021006,0.3066729238577714
541,0.6666666666666666,0.875,2,2,2,False,-0.2000257862978164,-0.0886888885992082,-2.886579864025407e-17,-0.04720300610785027,-0.05219324247208696,-0.044736439157806965,-0.045906730245619705,-1.280036100816943,-0.8865838942712593,0.23925440363848088,-0.7630108412617299,-0.7617075204830499,-0.7574205871134435,-0.754132364179927,1.0074025148547634,0.660759132523658,-0.10002797044853652,0.6800546555468888,0.663187779920217,0.697329277648006,0.6918788498910505,0.5375,0.35265097494445746,0.10100291803409359,0.28098241598946505,0.2999652260710049,0.30765150729193386,0.30740778492740195
542,0.7083333333333333,0.875,2,2,2,False,-0.18324072828613358,-0.07859671173204319,-2.886579864025407e-17,-0.04600868789343633,-0.05356721140870545,-0.043833711835909665,-0.044694944592926104,-1.256537019600587,-0.8703078635223632,0.23925440363848088,-0.756601125015498,-0.7481947280088753,-0.7514540469746487,-0.7496303581717252,1.0199025148547636,0.6689579299603874,-0.10002797044853652,0.6534123313796291,0.6414732629500621,0.685805473954627,0.6830464159807343,0.5211857856486919,0.3419473031371241,0.10100291803409359,0.30072015074060504,0.3024576291803082,0.30854601075752874,0.30858887238472726
543,0.75,0.875,2,2,2,False,-0.16332037060954707,-0.06645844187938338,-2.886579864025407e-17,-0.04800394728756925,-0.054936153413018496,-0.043096043106792166,-0.04477317483967499,-1.2286485188533658,-0.8509916148774399,0.23925440363848088,-0.7529336601953219,-0.7431235481589373,-0.7435674377304391,-0.7419730243180174,1.0324025148547635,0.6771567273971164,-0.10002797044853652,0.6284140701409352,0.6278015075072174,0.6712184799477857,0.6744418201233178,0.5064339828220179,0.3322687214645381,0.10100291803409359,0.3344419893441308,0.3168808026042385,0.3104582592299016,0.30974263406536245
544,0.7916666666666666,0.875,2,2,2,False,-0.14060555611086997,-0.05248956219271913,-2.886579864025407e-17,-0.045983648036493914,-0.05565082884663328,-0.04282521027063785,-0.04599214755800186,-1.196847778555218,-0.82896565470628,0.23925440363848088,-0.741883784068587,-0.7515746569768834,-0.7331561269763752,-0.7338980542610495,1.0449025148547635,0.6853555248338455,-0.10002797044853652,0.607089397056747,0.621986199543873,0.6531196325538854,0.6699611513493842,0.4934969989563147,0.3237808331425271,0.10100291803409359,0.36526763367021425,0.33634071211109834,0.31445445816296486,0.31007354200795717
545,0.8333333333333333,0.875,2,2,2,False,-0.11548494156391093,-0.036936878065341426,-2.886579864025407e-17,-0.039244383723716664,-0.056630239684104224,-0.04441694185377092,-0.0471015654787839,-1.1616789181894753,-0.8046068532941616,0.23925440363848088,-0.7208616855508095,-0.7595708744760439,-0.7231916590159341,-0.7273973436281947,1.0574025148547634,0.6935543222705747,-0.10002797044853652,0.5926098430857395,0.6048996484299207,0.6471019839028613,0.666670470611702,0.48259618943233423,0.3166288682935679,0.10100291803409359,0.3819333850133374,0.3464026713053327,0.31566672297156506,0.3101549266715827
546,0.875,0.875,2,2,2,False,-0.08838834764831846,-0.02007429422363541,-2.886579864025407e-17,-0.03880720268574049,-0.05683709993063592,-0.04615497966041198,-0.0480887761212952,-1.1237436867076458,-0.7783319964867816,0.23925440363848088,-0.6948077837107818,-0.7436171648867034,-0.7162450076032282,-0.7221431204787947,1.0699025148547636,0.7017531197073039,-0.10002797044853652,0.5812833705452416,0.5902158271229252,0.6463487281196723,0.6641992895588151,0.473918070123307,0.3109351990191256,0.10100291803409359,0.37946888368840936,0.35411203920554035,0.315061933331423,0.31009439668934335
547,0.9166666666666666,0.875,2,2,2,False,-0.05977940459858369,-0.0021981281412713468,-2.886579864025407e-17,-0.04398575414787496,-0.05711364046981571,-0.047595143217234646,-0.04895798877225894,-1.083691166438017,-0.7505906543688814,0.23925440363848088,-0.676390415261041,-0.6958154440651103,-0.7111435356870068,-0.717855681482504,1.0824025148547636,0.709951917144033,-0.10002797044853652,0.5763491079466465,0.581553897379919,0.646148826539853,0.6623026017259063,0.4676111260566398,0.3067972455790691,0.10100291803409359,0.37693029984126536,0.35418411086685825,0.3143297272527797,0.309954827887844
548,0.9583333333333333,0.875,2,2,2,False,-0.030147619362184998,0.01637796003492493,-2.886579864025407e-17,-0.050067228684120446,-0.05736700403752931,-0.048779095083426253,-0.049720594154919806,-1.042206667107059,-0.7218574889954509,0.23925440363848088,-0.6603224858494731,-0.6612276110249824,-0.7072911050628939,-0.7143170102758856,1.0949025148547635,0.7181507145807621,-0.10002797044853652,0.5755471861394319,0.5763633398335978,0.6461996806197626,0.6608172286655182,0.46378327079392845,0.3042858095040153,0.10100291803409359,0.36776323115437276,0.35470732573391844,0.313591744808353,0.3097733834278148
549,1.0,0.875,2,2,2,False,-2.8285652807192507e-17,0.035328334297047036,-2.886579864025407e-17,-0.05605978537267889,-0.057028210427394185,-0.049756453992589066,-0.05038996918574673,-1.0,-0.692624132792368,0.23925440363848088,-0.6474941533859109,-0.6363998919824019,-0.704304701877234,-0.7113621634896471,1.1074025148547635,0.7263495120174913,-0.10002797044853652,0.5755149362622147,0.5737760898322171,0.6463637992788508,0.6596326540804558,0.4625,0.3034438621615099,0.10100291803409359,0.35983945827484914,0.35172123080209516,0.3128958464152507,0.3095721597689718
550,0.0,0.9166666666666666,1,1,1,False,0.0,0.08551548741267825,-2.886579864025407e-17,0.006073622961738769,-0.010628009893568786,-0.006094427248391248,-0.004565166344432204,1.1,0.7618865460716049,0.23925440363848088,0.6726699483889668,0.6494862011369055,0.6993133149855013,0.6991849727152031,-0.9111771432346218,-0.597644546108656,-0.10002797044853652,-0.6072855897251546,-0.6385505025354109,-0.5021635778458905,-0.5010247074963216,0.7749999999999999,0.5084734987571248,0.10100291803409359,0.5086952408402258,0.5100836391550133,0.48918184117054275,0.485794729250675
551,0.041666666666666664,0.9166666666666666,1,1,1,False,-0.03151965501812976,0.0647277024883463,-2.886579864025407e-17,0.003849605773700544,-0.01320301732028819,-0.0072776489492873304,-0.00570111761572915,1.0558724829746184,0.7313227628596194,0.23925440363848088,0.658937814373127,0.644912896526668,0.6980751644915557,0.6979381012898105,-0.8986771432346219,-0.5894457486719269,-0.10002797044853652,-0.5993090945178599,-0.6262375388606145,-0.5017612087574926,-0.5006255052652016,0.7737167292060716,0.5076315514146195,0.10100291803409359,0.5188757653003429,0.5194424181964421,0.49091495899119464,0.48741421577137384
552,0.08333333333333333,0.9166666666666666,1,1,1,False,-0.062499999999999986,0.04424556239926799,-2.886579864025407e-17,0.001838380381389385,-0.015470958552849752,-0.008497838109271402,-0.006871506179213442,1.0125000000000002,0.7012819344522727,0.23925440363848088,0.6384265026869406,0.6382151898576365,0.696750376027853,0.6966046019656218,-0.8861771432346219,-0.5812469512351978,-0.10002797044853652,-0.5814136206589189,-0.6173373684668104,-0.5013664053575171,-0.5002364036852943,0.7698888739433603,0.5051201153395657,0.10100291803409359,0.5311274995098042,0.5304648135342229,0.49273388922396266,0.4891135907241673
553,0.125,0.9166666666666666,1,1,1,False,-0.09241095265359653,0.024411728252142422,-2.886579864025407e-17,0.0049127322895828225,-0.01841032163633378,-0.009754223611370585,-0.008075501705239407,0.9706246662849649,0.6722780677525054,0.23925440363848088,0.6132406500628229,0.6272781304817618,0.695332273978686,0.6951778771565765,-0.8736771432346219,-0.5730481537984685,-0.10002797044853652,-0.5649803811884435,-0.5887816351952495,-0.500982406803596,-0.4998609021103583,0.763581929876693,0.5009821618995092,0.10100291803409359,0.5525372128213419,0.5438647188040263,0.49464219687872635,0.49089610792323224
554,0.16666666666666666,0.9166666666666666,1,1,1,False,-0.12074072828613351,0.005557768459257591,-2.886579864025407e-17,0.0014582905900575212,-0.0213476557895483,-0.011045479428836897,-0.009311750116888638,0.9309629803994132,0.6448074269609418,0.23925440363848088,0.5802687708460145,0.6056328333819432,0.6938137429999529,0.693650909633661,-0.8611771432346219,-0.5648493563617395,-0.10002797044853652,-0.5303739670674472,-0.5464956115562799,-0.5006129804948125,-0.49950303074031477,0.7549038105676658,0.49528849262506675,0.10100291803409359,0.5681471421231087,0.5620110310686064,0.49664321326628297,0.492764786447979
555,0.20833333333333331,0.9166666666666666,1,1,1,False,-0.14700459658204057,-0.012001514488972137,-2.886579864025407e-17,0.003139656143786586,-0.0245099015824985,-0.012369601181002401,-0.010578261461957592,0.8941935647851433,0.619340042357826,0.23925440363848088,0.5360581423961099,0.563399591738398,0.6921872382701755,0.6920162773324345,-0.8486771432346218,-0.5566505589250103,-0.10002797044853652,-0.49265712534194706,-0.4822467128980701,-0.5002624845964587,-0.49916740569001194,0.7440030010436853,0.4881365277761076,0.10100291803409359,0.5959593152650734,0.5794424443949238,0.4987399089142528,0.4947222889865258
556,0.25,0.9166666666666666,1,1,1,False,-0.1707531754730548,-0.027973470381896667,-2.886579864025407e-17,-0.015789677138266314,-0.027893787539041832,-0.011874681224997751,-0.009899748904902757,0.8609455543377234,0.5963116679546102,0.23925440363848088,0.47694481807968464,0.5103739889177195,0.6927841521744668,0.692598312862069,-0.8361771432346219,-0.5484517614882812,-0.10002797044853652,-0.46172794360568054,-0.43028289632526034,-0.49956969666408524,-0.49828680149050625,0.7310660171779821,0.4796486394540966,0.10100291803409359,0.6313325031675162,0.5973995612101615,0.49926148762073447,0.49491453187417234
557,0.29166666666666663,0.9166666666666666,1,1,1,False,-0.19158012019000087,-0.042092608614872316,-2.886579864025407e-17,-0.05833764694820053,-0.03152112122808101,-0.011287680097834544,-0.00913247776653265,0.8317878317339988,0.5761163256220051,0.23925440363848088,0.39746911320219064,0.4317362723932705,0.6934446386707853,0.6932426192930761,-0.8236771432346219,-0.5402529640515521,-0.10002797044853652,-0.4345106351632845,-0.42237703696495177,-0.4989040778293332,-0.4974326851152372,0.7163142143513082,0.4699700577815106,0.10100291803409359,0.6700757175802228,0.6090223183998691,0.4997153191026276,0.4950449227904532
558,0.3333333333333333,0.9166666666666666,1,1,1,False,-0.20912907593445196,-0.05412514080711537,-2.886579864025407e-17,-0.10187601951679225,-0.035886741712654185,-0.010624376543563418,-0.00829292204012596,0.8072192936917674,0.5590995632665282,0.23925440363848088,0.28811989264534343,0.2896019786632958,0.6941565124394867,0.6939369773644368,-0.8111771432346219,-0.5320541666148229,-0.10002797044853652,-0.40185632054834636,-0.42899566459856353,-0.49826464940234916,-0.49660495893616147,0.7,0.4592663859741772,0.10100291803409359,0.6948462084976351,0.5945894692116325,0.500107763408411,0.495120605547507
559,0.375,0.9166666666666666,1,1,1,False,-0.22309977520813068,-0.06387298098571537,-2.886579864025407e-17,-0.12287521140729009,-0.03933591615718063,-0.009898496222538699,-0.00739533992094531,0.7876603147086172,0.5455525424100197,0.23925440363848088,0.1074366939231192,0.06610095723664006,0.6949092604360555,0.6946708828161289,-0.7986771432346219,-0.5238553691780938,-0.10002797044853652,-0.34555895670004483,-0.4117246123975409,-0.49765048698015607,-0.49580342505398484,0.6824025148547634,0.44772076682433853,0.10100291803409359,0.6618165787477144,0.5657203234225281,0.5004446768621998,0.4951480208633381
560,0.41666666666666663,0.9166666666666666,1,1,1,True,-0.2332531754730548,-0.07117713489155164,-2.886579864025407e-17,-0.06865640935833937,-0.042740922315267715,-0.009121938998997752,-0.006452024833167428,0.7734455543377234,0.535707056335278,0.23925440363848088,-0.19589952608041072,-0.20514260534074036,0.6956938424171202,0.6954353369067429,-0.786177143234622,-0.5156565717413647,-0.10002797044853652,-0.24073098195774031,-0.34108714304018656,-0.4970607017963446,-0.4950277900737204,0.6638228567653781,0.4355307490766987,0.10100291803409359,0.5953318758534887,0.5209168154619117,0.5007314320027771,0.4951329598677693
561,0.4583333333333333,0.9166666666666666,2,1,2,True,-0.23941554923563713,-0.10935431605500961,-2.886579864025407e-17,0.00855118500653297,-0.046261693171958204,-0.048329873467980594,-0.05024796437684206,-1.335181768929892,-0.9247791148252463,0.23925440363848088,-0.5051835340488033,-0.4644050514208805,-0.7722984200784351,-0.7643313690248751,0.9263228567653782,0.6075786770905279,-0.10002797044853652,-0.08193868645476747,-0.1438998657894197,0.7230300671768397,0.7067042099187881,0.6445789288330077,0.42290490731463115,0.10100291803409359,0.5251266525377257,0.4646244698143937,0.30756667079225297,0.3059681488517609
562,0.5,0.9166666666666666,2,2,2,False,-0.24148145657226705,-0.11146336825491801,-2.886579864025407e-17,0.027029804606146828,-0.04816354949155754,-0.04770866021836769,-0.04951475636576591,-1.3380740392011738,-0.9267823710136941,0.23925440363848088,-0.6726567523496261,-0.648027706721721,-0.7704070798790554,-0.7632773172257714,0.9388228567653781,0.6157774745272571,-0.10002797044853652,0.1141754426455066,0.15385923656318728,0.7187804568748966,0.7044709876842785,0.625,0.41005927319122965,0.10100291803409359,0.45237946427853537,0.41310403803229867,0.30742843434327577,0.30605446515874446
563,0.5416666666666666,0.9166666666666666,2,2,2,False,-0.23941554923563715,-0.11090989465220495,-2.886579864025407e-17,-0.0006635245306045381,-0.0497595725303835,-0.047030085624269906,-0.0486974536346536,-1.335181768929892,-0.9247791148252463,0.23925440363848088,-0.7248797548527335,-0.762594697515823,-0.7681144182695521,-0.76191883648295,0.9513228567653782,0.6239762719639862,-0.10002797044853652,0.3365140251568183,0.4567944274317054,0.7137507630473376,0.7016358090102257,0.6054210711669923,0.3972136390678281,0.10100291803409359,0.3752888357188981,0.3704119386526785,0.3073181709192653,0.30619726992093466
564,0.5833333333333333,0.9166666666666666,2,2,2,False,-0.23325317547305485,-0.10771115932261176,-2.886579864025407e-17,-0.039736063581313506,-0.05088578872491996,-0.04629428482753071,-0.04779032286706806,-1.3265544456622766,-0.9188036225286949,0.23925440363848088,-0.7482031653491822,-0.8126978079206618,-0.7652993019867175,-0.7601411097019245,0.9638228567653782,0.6321750694007153,-0.10002797044853652,0.535505422604183,0.6528784903794542,0.7077387105028277,0.6979843222929952,0.5861771432346219,0.3845877973057606,0.10100291803409359,0.3118466888790979,0.3355485866088632,0.30726325110333436,0.30642346103829854
565,0.625,0.9166666666666666,2,2,2,False,-0.22309977520813068,-0.10192968750343179,-2.886579864025407e-17,-0.04905190742144571,-0.05231401930667064,-0.04550804875352715,-0.046794704669409604,-1.312339685291383,-0.9089581364539532,0.23925440363848088,-0.7662890394875196,-0.810927728054211,-0.7617953327006461,-0.7577766255247237,0.9763228567653781,0.6403738668374445,-0.10002797044853652,0.647149050524083,0.6861321956629673,0.7004818818343598,0.6932102947172497,0.5675974851452366,0.3723977795581207,0.10100291803409359,0.28212927878411725,0.310948335406832,0.30731270608532324,0.3067745643017327
566,0.6666666666666666,0.9166666666666666,2,2,2,False,-0.20912907593445199,-0.09367219576936524,-2.886579864025407e-17,-0.047548791470423575,-0.053450391319744314,-0.044691353150061446,-0.045728706010072666,-1.2927807063082328,-0.8954111155974447,0.23925440363848088,-0.771691298979579,-0.7847162616902486,-0.757373359571885,-0.7545791072157095,0.9888228567653782,0.6485726642741737,-0.10002797044853652,0.6763124227847876,0.6539526482695106,0.6916461884669775,0.6868750567617324,0.55,0.3608521604082821,0.10100291803409359,0.27566421087508963,0.2982018529795489,0.30755657768055705,0.3073160986675852
567,0.7083333333333333,0.9166666666666666,2,2,2,False,-0.19158012019000095,-0.08308776608233819,-2.886579864025407e-17,-0.050688214785916,-0.05455649712133952,-0.043889292558935956,-0.044647444125723926,-1.2682121682660012,-0.8783943532419678,0.23925440363848088,-0.7645095433340282,-0.7632712765222245,-0.7517211876836153,-0.7501882430475001,1.0013228567653782,0.6567714617109028,-0.10002797044853652,0.6577804813399212,0.6194054713989735,0.6808278516356805,0.6783582079509369,0.533685785648692,0.35014848860094877,0.10100291803409359,0.28660555305897867,0.2975498642448219,0.3081651257902618,0.308153782776879
568,0.75,0.9166666666666666,2,2,2,False,-0.17075317547305482,-0.07036529495780107,-2.886579864025407e-17,-0.055867938096746186,-0.055639330770019486,-0.04319309608830477,-0.044642878427821685,-1.2390544456622767,-0.8581990109093627,0.23925440363848088,-0.7591460386378232,-0.7518911474894199,-0.7444304208498165,-0.7429640491925555,1.0138228567653782,0.664970259147632,-0.10002797044853652,0.6308584186831541,0.5963055633535973,0.667603034090443,0.6705705722454208,0.5189339828220179,0.3404699069283627,0.10100291803409359,0.31085064801298595,0.3098884264942406,0.3094696405505048,0.30898597787607307
569,0.7916666666666666,0.9166666666666666,2,2,2,False,-0.14700459658204065,-0.055730261392977216,-2.886579864025407e-17,-0.05271261581335437,-0.056550138257852066,-0.04277509545114631,-0.04564307510617367,-1.205806435214857,-0.835170636506147,0.23925440363848088,-0.7436531121521518,-0.7533682728388749,-0.735026590946684,-0.7353080058957538,1.0263228567653782,0.673169056584361,-0.10002797044853652,0.601035591430556,0.5887684350198268,0.6517127776469478,0.6666709545331096,0.5059969989563148,0.3319820186063517,0.10100291803409359,0.34227849276462163,0.3225507951453716,0.3121251922708765,0.30929021355179587
570,0.8333333333333333,0.9166666666666666,2,2,2,False,-0.12074072828613361,-0.0394408688587057,-2.886579864025407e-17,-0.042867394378576076,-0.057073781816170614,-0.043615503731479426,-0.0465934278032706,-1.169037019600587,-0.809703251903031,0.23925440363848088,-0.7189511273848476,-0.7499288943173363,-0.7250297951103463,-0.7290364349622991,1.038822856765378,0.6813678540210901,-0.10002797044853652,0.5854547170244077,0.5837844403150996,0.6426375862293161,0.6637784088562702,0.49509618943233424,0.3248300537573925,0.10100291803409359,0.356318075743815,0.33594448032296487,0.314181658903855,0.30941243137535535
571,0.875,0.9166666666666666,2,2,2,False,-0.09241095265359656,-0.021783627366467752,-2.886579864025407e-17,-0.037945636568656856,-0.057460763120065705,-0.04513438588134316,-0.047470674871061415,-1.1293753337150352,-0.7822326111114675,0.23925440363848088,-0.6973639929650735,-0.7261462770390503,-0.7179313255449825,-0.7238825222122206,1.051322856765378,0.6895666514578194,-0.10002797044853652,0.5727413702436557,0.5791944924019526,0.6419056935780895,0.6615929574048844,0.48641807012330696,0.3191363844829501,0.10100291803409359,0.3692275616093738,0.34160089911872443,0.31396356755407523,0.3094200588377324
572,0.9166666666666666,0.9166666666666666,2,2,2,False,-0.06250000000000006,-0.00306845120265495,-2.886579864025407e-17,-0.03947359579062521,-0.05785792983162981,-0.046480061098005614,-0.04826748641018327,-1.0875000000000001,-0.7532287444117002,0.23925440363848088,-0.6787039720913053,-0.6982582973220107,-0.712628905988813,-0.7196152238036289,1.0638228567653782,0.6977654488945485,-0.10002797044853652,0.5686003280286843,0.5758331295556964,0.641829328011998,0.6599113943281616,0.48011112605663975,0.31499843104289366,0.10100291803409359,0.36752147299808735,0.34934727436912,0.3135324323044538,0.3093562052424094
573,0.9583333333333333,0.9166666666666666,2,2,2,False,-0.031519655018129866,0.016376643790795706,-2.886579864025407e-17,-0.04344761703156473,-0.05753904834310718,-0.04763932823743813,-0.04898527281848946,-1.0441275170253819,-0.7231879160043536,0.23925440363848088,-0.6645906352751718,-0.6712401289399923,-0.7085782862622482,-0.7160493868535177,1.0763228567653782,0.7059642463312777,-0.10002797044853652,0.5666469083224744,0.5738969864366679,0.6420532753520406,0.6585952299810223,0.47628327079392846,0.3124869949678399,0.10100291803409359,0.36522523080190106,0.34880422980256454,0.3130216002952184,0.30924870470124444
574,1.0,0.9166666666666666,2,2,2,False,-2.957294928446674e-17,0.03621115265840043,-2.886579864025407e-17,-0.04811806623177399,-0.05783270240676638,-0.04862956475318735,-0.04962960950809845,-1.0,-0.692624132792368,0.23925440363848088,-0.6533643345010781,-0.6491020267059284,-0.7054144174765671,-0.7130409130586238,1.0888228567653782,0.7141630437680068,-0.10002797044853652,0.5675422615100403,0.5716418453209573,0.6424092371308041,0.6575487907652876,0.475,0.3116450476253345,0.10100291803409359,0.36034330509643214,0.34832286714690136,0.3124958311594911,0.30911562426820405
575,0.0,0.9583333333333333,1,1,1,False,0.0,0.0864225125673535,-2.886579864025407e-17,0.006392768176150993,-0.012213311560257345,-0.007261852587922137,-0.005809590827113773,1.1,0.7618865460716049,0.23925440363848088,0.6593641234837315,0.6450577217935342,0.6961912595955536,0.6960906874130296,-0.9304210711669922,-0.6102667114690176,-0.10002797044853652,-0.6003814606559422,-0.6302500168543048,-0.5034046363480649,-0.5023393973589793,0.7875,0.5166746842209493,0.10100291803409359,0.5123547512568745,0.5149301852313315,0.49119022936763607,0.48787166350473976
576,0.041666666666666664,0.9583333333333333,1,1,1,False,-0.03235238063781509,0.06509812239224276,-2.886579864025407e-17,0.007311960295432125,-0.014617667496580482,-0.00839165232743265,-0.006899289414449557,1.054706667107059,0.7305152906553556,0.23925440363848088,0.6470201189034818,0.642499276269936,0.6949357922488733,0.6948292301802501,-0.9179210711669923,-0.6020679140322884,-0.10002797044853652,-0.5961164257030026,-0.6246595246760538,-0.5030646216455474,-0.5020048887839998,0.7862167292060716,0.515832736878444,0.10100291803409359,0.5240196887352986,0.5242320241990774,0.49286358723078394,0.48944151857362767
577,0.08333333333333333,0.9583333333333333,1,1,1,False,-0.06415120307314266,0.044088558517001546,-2.886579864025407e-17,0.0058208976497826645,-0.01723561492026026,-0.00955335361741472,-0.008018997360688514,1.0101883156976004,0.6996808061170333,0.23925440363848088,0.6285224288951616,0.6336281627367029,0.6936008115676995,0.6934884511228938,-0.9054210711669922,-0.5938691165955592,-0.10002797044853652,-0.5801193780401662,-0.6075319807166282,-0.5027328289319264,-0.5016808924640221,0.7823888739433602,0.5133213008033902,0.10100291803409359,0.5357136021528918,0.5349161081173613,0.494612737556937,0.491082187971039
578,0.125,0.9583333333333333,1,1,1,False,-0.09485238063781509,0.02374550641553975,-2.886579864025407e-17,0.0037351531651397523,-0.01958591383510837,-0.010746130561564007,-0.00916786835222394,0.9672066671070589,0.6699106790360232,0.23925440363848088,0.6066149041005389,0.6277908530866612,0.6921808520438274,0.692062963174984,-0.8929210711669923,-0.5856703191588302,-0.10002797044853652,-0.5608071661465135,-0.5886730765980952,-0.5024119332705452,-0.5013702907189523,0.776081929876693,0.5091833473633337,0.10100291803409359,0.549456506399982,0.5482018932305059,0.4964403842617785,0.49279614139848116
579,0.16666666666666666,0.9583333333333333,1,1,1,False,-0.12393060767172628,0.00440924736052591,-2.886579864025407e-17,-0.0010412811661568988,-0.022403327767199457,-0.011968703557891081,-0.010344627984286075,0.9264971492595833,0.64171428454052,0.23925440363848088,0.5790124109019658,0.6081975074257014,0.6906701527078515,0.6905470995791254,-0.8804210711669922,-0.5774715217221009,-0.10002797044853652,-0.5384065986895538,-0.5550215956428274,-0.5021049974816922,-0.5010763540321928,0.7674038105676658,0.5034896780888914,0.10100291803409359,0.5663190762140102,0.5634706360389453,0.4983490041591244,0.494585622956841
580,0.20833333333333331,0.9583333333333333,1,1,1,False,-0.1508883476483184,-0.013597163883531941,-2.886579864025407e-17,-0.010888163360612818,-0.025354050823505482,-0.013219248470534586,-0.011547490811396315,0.8887563132923544,0.6155740707578591,0.23925440363848088,0.5414171097111478,0.5794766913128545,0.6890626745255826,0.6889349342390068,-0.8679210711669922,-0.5692727242853718,-0.10002797044853652,-0.513309534931141,-0.5104136041126018,-0.5018155120662242,-0.5008027755257687,0.7565030010436853,0.4963377132399322,0.10100291803409359,0.5893260659936159,0.5797399725744129,0.5003407490396833,0.4964525573348326
581,0.25,0.9583333333333333,1,1,1,False,-0.17526434616249445,-0.02997342661687471,-2.886579864025407e-17,-0.038438847857317486,-0.028461652587752618,-0.012772289774233201,-0.01093107679693338,0.8546299153725079,0.5919373039932981,0.23925440363848088,0.4853044864489848,0.5311856764010414,0.6896560891396953,0.689516795385984,-0.8554210711669923,-0.5610739268486427,-0.10002797044853652,-0.48545649437522237,-0.4793184509884449,-0.5011365601482085,-0.49994979270706674,0.7435660171779821,0.4878498249179211,0.10100291803409359,0.6160063592104713,0.5945932827270449,0.5008158972703254,0.49662206959358857
582,0.29166666666666663,0.9583333333333333,1,1,1,False,-0.19664152312137323,-0.044447132432724135,-2.886579864025407e-17,-0.0749217773296111,-0.03210089337134479,-0.012241695853238102,-0.010233442795759882,0.8247018676300776,0.5712084158795288,0.23925440363848088,0.4074068212776808,0.4394838798599827,0.6903070969797679,0.6901550439352151,-0.8429210711669922,-0.5528751294119135,-0.10002797044853652,-0.4539674658396605,-0.4724785014483864,-0.500481711504245,-0.4991199738541037,0.7288142143513081,0.4781712432453351,0.10100291803409359,0.6404289570969136,0.5915771155241942,0.5012310238256774,0.49673622159002107
583,0.3333333333333333,0.9583333333333333,1,1,1,False,-0.2146541091003152,-0.05677842620064878,-2.886579864025407e-17,-0.10785450011745447,-0.03555283435564442,-0.011640714856633483,-0.009468459302208642,0.7994842472595588,0.553742083439311,0.23925440363848088,0.2866127157661018,0.30082591741551323,0.6910053384714525,0.6908392757732549,-0.8304210711669923,-0.5446763319751844,-0.10002797044853652,-0.40043172880095007,-0.4660624446831907,-0.4998502191764934,-0.4983133412833454,0.7125,0.46746757143800177,0.10100291803409359,0.6396200391402347,0.5758893709656943,0.5015914329752911,0.4968010195606654
584,0.375,0.9583333333333333,1,1,1,False,-0.22899390375918835,-0.06676411005434595,-2.886579864025407e-17,-0.11322940790876346,-0.03974290307501701,-0.010980997081505357,-0.008648270722713005,0.7794085347371364,0.5398371604632793,0.23925440363848088,0.09306589573371211,0.0850126258733232,0.691741776734498,0.691560445985179,-0.8179210711669922,-0.5364775345384551,-0.10002797044853652,-0.31112752824698775,-0.43999836450923646,-0.4992413724867186,-0.4975298288705873,0.6949025148547634,0.4559219522881631,0.10100291803409359,0.6067414981101082,0.5472007271985937,0.5019020377809877,0.49682191944666587
585,0.41666666666666663,0.9583333333333333,1,1,1,True,-0.23941554923563713,-0.07424112016347138,-2.886579864025407e-17,-0.06911723671301254,-0.04377005183982638,-0.010272757126133025,-0.007783474220736037,0.7648182310701082,0.5297315640387266,0.23925440363848088,-0.1860170556615577,-0.20590132481473916,0.6925085523980884,0.6923107161148602,-0.8054210711669922,-0.5282787371017261,-0.10002797044853652,-0.19799865871912692,-0.3486829298526939,-0.4986544831928417,-0.4967692857878565,0.6763228567653781,0.44373193454052323,0.10100291803409359,0.5560974171246023,0.5048745908002017,0.502167373752528,0.49680386508891167
586,0.4583333333333333,0.9583333333333333,2,1,2,True,-0.24574072828613353,-0.11252321244084736,-2.886579864025407e-17,-0.0037986107044530593,-0.046497247775743364,-0.047953679366314415,-0.049752046412275076,-1.3440370196005869,-0.9309124751416954,0.23925440363848088,-0.4750937531041402,-0.47365592688520974,-0.7719180157787181,-0.7647038290934871,0.9070789288330078,0.5949565117301664,-0.10002797044853652,-0.07333954235086305,-0.16095941003607284,0.7181265514167222,0.7033558692415776,0.6570789288330077,0.43110609277845574,0.10100291803409359,0.5012895757086571,0.4536410602835445,0.30763377289140853,0.30616697425459527
587,0.5,0.9583333333333333,2,2,2,False,-0.2478612153434526,-0.11466743560705664,-2.886579864025407e-17,0.020327060770888694,-0.049220912449257,-0.04737082891079232,-0.04905127485355147,-1.3470057014808337,-0.9329686558545377,0.23925440363848088,-0.6502001654364694,-0.650032989137131,-0.7699955949754715,-0.7635915983734529,0.9195789288330078,0.6031553091668956,-0.10002797044853652,0.08199221866892079,0.08572807308353013,0.7137449519901278,0.7008775567887712,0.6375,0.41826045865505423,0.10100291803409359,0.4496190719053492,0.4071319222888658,0.3074872829474761,0.30623572395644266
588,0.5416666666666666,0.9583333333333333,2,2,2,False,-0.24574072828613355,-0.11407879103804265,-2.886579864025407e-17,0.0008150750962462783,-0.05033223436931775,-0.046742152197429096,-0.04828058711487751,-1.344037019600587,-0.9309124751416955,0.23925440363848088,-0.7081838556114086,-0.7530576058424117,-0.7676871609273233,-0.7621719929028067,0.9320789288330078,0.6113541066036248,-0.10002797044853652,0.2582843725973322,0.3532783845926504,0.7086339155369834,0.6978055910119093,0.6179210711669922,0.4054148245316527,0.10100291803409359,0.3911618996665847,0.36993853052774817,0.30736089723527216,0.30634689842816465
589,0.5833333333333333,0.9583333333333333,2,2,2,False,-0.23941554923563718,-0.11077514459453147,-2.886579864025407e-17,-0.029297498623270492,-0.05194567426242707,-0.046069541497133396,-0.04743782643315172,-1.335181768929892,-0.9247791148252463,0.23925440363848088,-0.7318689703243162,-0.8019919239986704,-0.7648857641210703,-0.7603386821269207,0.9445789288330078,0.6195529040403538,-0.10002797044853652,0.43693587042276155,0.5650205522710778,0.702627434783689,0.6939543671169655,0.598677143234622,0.39278898276958524,0.10100291803409359,0.3337549770899004,0.3401769203235737,0.3072760588279082,0.3065193567537049
590,0.625,0.9583333333333333,2,2,2,False,-0.22899390375918835,-0.1048208165720624,-2.886579864025407e-17,-0.04717829186656792,-0.053020971894962125,-0.04536038797485664,-0.04652734279417887,-1.3205914652628636,-0.9146735184006936,0.23925440363848088,-0.75460047529833,-0.8128253678373483,-0.7614489148594801,-0.7579420533576433,0.9570789288330078,0.627751701477083,-0.10002797044853652,0.5723145182046044,0.6615300142350623,0.6955193297122925,0.6890707030353777,0.5800974851452365,0.3805989650219453,0.10100291803409359,0.2977354606958984,0.3182466536575291,0.30727054653591523,0.3067816189446971
591,0.6666666666666666,0.9583333333333333,2,2,2,False,-0.21465410910031524,-0.09632548116289863,-2.886579864025407e-17,-0.048723371440507014,-0.05404396336841325,-0.04463197378317654,-0.04556701897665334,-1.3005157527404414,-0.9007685954246619,0.23925440363848088,-0.7695869413813876,-0.796612000865167,-0.7571870798753281,-0.7547711743219101,0.9695789288330078,0.6359504989138122,-0.10002797044853652,0.6482788388463533,0.6517074687104896,0.6870604980829123,0.6828107972150467,0.5625,0.3690533458721067,0.10100291803409359,0.2834765267222534,0.3045152757505072,0.30741198405958237,0.3071777885444112
592,0.7083333333333333,0.9583333333333333,2,2,2,False,-0.1966415231213733,-0.08544228990019,-2.886579864025407e-17,-0.051643928252137934,-0.05525275464689807,-0.043918819656420006,-0.044601614251730946,-1.2752981323699226,-0.8833022629844443,0.23925440363848088,-0.770412758360001,-0.7763619491774159,-0.7518515927012118,-0.7505316042336674,0.9820789288330078,0.6441492963505413,-0.10002797044853652,0.659716337205533,0.6209510481172179,0.6769686011728558,0.6747173103301484,0.5461857856486919,0.35834967406477336,0.10100291803409359,0.28222033420135195,0.3006879615520449,0.3078237177779148,0.30777769236943103
593,0.75,0.9583333333333333,2,2,2,False,-0.17526434616249448,-0.0723652511927791,-2.886579864025407e-17,-0.05586838522627086,-0.05617806367706961,-0.04328450354180707,-0.04455674614568936,-1.2453700846274922,-0.8625733748706748,0.23925440363848088,-0.7610650513775566,-0.7602215764978066,-0.7451286694078547,-0.7437670101223459,0.9945789288330078,0.6523480937872704,-0.10002797044853652,0.6350343064727488,0.595193580632037,0.6649711791678803,0.6676402431841714,0.5314339828220178,0.3486710923921873,0.10100291803409359,0.2959231133547561,0.30455907271499294,0.30873461854667017,0.3083991280188257
594,0.7916666666666666,0.9583333333333333,2,2,2,False,-0.1508883476483185,-0.05732591078753703,-2.886579864025407e-17,-0.052800164801620975,-0.05698815538102817,-0.04283971099772367,-0.04539428969126765,-1.211243686707646,-0.838936608106114,0.23925440363848088,-0.7440541495066467,-0.7505021177127522,-0.7366595822933472,-0.7365497364178197,1.0070789288330078,0.6605468912239996,-0.10002797044853652,0.6071260271583128,0.574101824650902,0.6509280209107862,0.6641644671741949,0.5184969989563147,0.34018320407017627,0.10100291803409359,0.31939272239497085,0.31548424262004876,0.31057203312294235,0.3086810232920269
595,0.8333333333333333,0.9583333333333333,2,2,2,False,-0.12393060767172638,-0.04058938995743738,-2.886579864025407e-17,-0.045271445506991775,-0.05752753473843979,-0.043317830540933334,-0.04621501330124751,-1.1735028507404168,-0.8127963943234527,0.23925440363848088,-0.72188886223811,-0.7372232150331884,-0.7273521228710796,-0.7305359223822998,1.0195789288330077,0.6687456886607287,-0.10002797044853652,0.5867640001804699,0.5714488359020531,0.6416921482473606,0.6615548419751135,0.5075961894323342,0.3330312392212171,0.10100291803409359,0.3395891703406092,0.32512539973715476,0.3123655839384057,0.3088249019426803
596,0.875,0.9583333333333333,2,2,2,False,-0.09485238063781512,-0.022449849203070426,-2.886579864025407e-17,-0.03938046412198929,-0.05797548671591786,-0.044403048434168146,-0.046994210198378815,-1.1327933328929412,-0.7845999998279496,0.23925440363848088,-0.7003848561858868,-0.7197820249817793,-0.719786475353016,-0.7255144370848186,1.032078928833008,0.6769444860974578,-0.10002797044853652,0.5729499548338534,0.5705539734876914,0.6386598289556336,0.6595667950436963,0.49891807012330697,0.3273375699467747,0.10100291803409359,0.3527402635220531,0.3335948135453266,0.3129631708508067,0.3088751491619669
597,0.9166666666666666,0.9583333333333333,2,2,2,False,-0.06415120307314273,-0.0032254550849213958,-2.886579864025407e-17,-0.03727794315098097,-0.057895481332854076,-0.045613461538119876,-0.047719902012036505,-1.0898116843023997,-0.7548298727469396,0.23925440363848088,-0.6822346509480217,-0.6971334927234067,-0.7143218454798558,-0.7212978833275615,1.0445789288330078,0.6851432835341871,-0.10002797044853652,0.5646259394181774,0.5704738549724523,0.6385159441890789,0.6580300010846489,0.49261112605663976,0.32319961650671825,0.10100291803409359,0.35979034526175685,0.33909348862389443,0.31277716983489284,0.3088621617960386
598,0.9583333333333333,0.9583333333333333,2,2,2,False,-0.03235238063781519,0.016747063694692164,-2.886579864025407e-17,-0.038824738377604334,-0.05826611218506244,-0.046706519876363865,-0.048388158195241476,-1.0452933328929412,-0.7239953882086174,0.23925440363848088,-0.6680208299984828,-0.6761881036488312,-0.7100872255737875,-0.7177315209667197,1.0570789288330078,0.6933420809709161,-0.10002797044853652,0.5608383181996438,0.5694221344358529,0.638752052644584,0.6568253927122026,0.48878327079392847,0.32068818043166447,0.10100291803409359,0.3614747901936285,0.34217800751123717,0.3124607284312556,0.30880693479429916
599,1.0,0.9583333333333333,2,2,2,False,-3.0354244400313206e-17,0.03711817781307569,-2.886579864025407e-17,-0.04316296331509749,-0.05837724322105319,-0.04767330331435056,-0.0489996711709462,-1.0,-0.692624132792368,0.23925440363848088,-0.6583034408871905,-0.6575264413621724,-0.7067459520799847,-0.714691420367195,1.0695789288330078,0.7015408784076452,-0.10002797044853652,0.5622955248909539,0.5693929797329628,0.6391684892316569,0.6558688833875588,0.4875,0.3198462330891591,0.10100291803409359,0.3579905583483069,0.34426840679879683,0.3120864615058374,0.30872402708299507
600,0.0,1.0,1,1,1,False,0.0,0.08734174555842238,-2.886579864025407e-17,0.008975720989754661,-0.013714865933505377,-0.008292376661881491,-0.006908790694206655,1.1,0.7618865460716049,0.23925440363848088,0.6515332101760992,0.6428960846309731,0.6934192098320862,0.6933430791421372,-0.95,-0.6231086051914149,-0.10002797044853652,-0.6010579405173339,-0.6265637915012954,-0.5045083633570391,-0.5035083496227386,0.8,0.524875869684774,0.10100291803409359,0.5164401616336283,0.5198875189406782,0.4929592804777161,0.489701599906774
601,0.041666666666666664,1.0,1,1,1,False,-0.03263154805501289,0.06583746095185254,-2.886579864025407e-17,0.005173881189172637,-0.01587187641938282,-0.009371766760357718,-0.007953961016534786,1.054315832722982,0.7302445893290188,0.23925440363848088,0.6369838284545689,0.6389979031269171,0.6921598373321052,0.6920798495057938,-0.9375,-0.6149098077546856,-0.10002797044853652,-0.5868970967916604,-0.6172272938212378,-0.5042190614680732,-0.5032263231913139,0.7987167292060715,0.5240339223422686,0.10100291803409359,0.5240319270970228,0.5280188439593614,0.4945728168012007,0.4912202577547823
602,0.08333333333333333,1.0,1,1,1,False,-0.06470476127563018,0.044651080688750684,-2.886579864025407e-17,0.004606731195211227,-0.018245358907732465,-0.010478845695899547,-0.009025400502959451,1.0094133342141178,0.6991440352391061,0.23925440363848088,0.6219480791308153,0.6323894201433422,0.6908275903120349,0.6907440506667593,-0.925,-0.6067110103179565,-0.10002797044853652,-0.5769509873351581,-0.6077329334357671,-0.5039382075115818,-0.5029548189615348,0.7948888739433603,0.5215224862672149,0.10100291803409359,0.535946479059444,0.5384541230613136,0.4962535796565153,0.49280191155957953
603,0.125,1.0,1,1,1,False,-0.09567085809127245,0.024137315620445708,-2.886579864025407e-17,0.001063255834892021,-0.020757083680904467,-0.011612777143147422,-0.010122275715432085,0.9660607986722187,0.6691170229050478,0.23925440363848088,0.6036287472286159,0.6253881100171754,0.6894179621934259,0.6893312506527965,-0.9125,-0.5985122128812274,-0.10002797044853652,-0.5632967710684949,-0.5850785907902136,-0.503668027191418,-0.5026962299108931,0.788581929876693,0.5173845328271582,0.10100291803409359,0.5487228575034672,0.5510016120904475,0.4980036336540346,0.49444844679220523
604,0.16666666666666666,1.0,1,1,1,False,-0.12499999999999999,0.0046393679657994544,-2.886579864025407e-17,-0.008792613633654921,-0.02323167622313588,-0.012772351574318108,-0.01124340098837387,0.9250000000000002,0.6406773228329405,0.23925440363848088,0.5776522308393207,0.6114219031945682,0.6879262474081282,0.6878368308814284,-0.9,-0.5903134154444982,-0.10002797044853652,-0.54540445380212,-0.5640958083598523,-0.5034110356441744,-0.5024532376661488,0.7799038105676658,0.511690863552716,0.10100291803409359,0.5641645739257123,0.5650244208181926,0.4998248323143024,0.4961615405323451
605,0.20833333333333331,1.0,1,1,1,False,-0.15219035725218014,-0.013516940973911816,-2.886579864025407e-17,-0.027545092332969937,-0.02606040335425121,-0.013955918442491867,-0.012387176198962034,0.8869334998469479,0.6143115461759922,0.23925440363848088,0.5401009624992489,0.5889188815237834,0.6863475607518403,0.6862560074591472,-0.8875000000000001,-0.5821146180077691,-0.10002797044853652,-0.524058513716458,-0.5357101471708057,-0.5031700634770713,-0.5022288344913111,0.7690030010436852,0.5045388987037568,0.10100291803409359,0.5826530244203443,0.5757932486038015,0.5017187421462359,0.49794258868039265
606,0.25,1.0,1,1,1,False,-0.17677669529663687,-0.030028745707796862,-2.886579864025407e-17,-0.05266181246889251,-0.029205355321464208,-0.013549826964163505,-0.011823942839293534,0.8525126265847085,0.5904708186827775,0.23925440363848088,0.4917733879008306,0.5405698015863639,0.6869317726012324,0.6868312937809421,-0.875,-0.57391582057104,-0.10002797044853652,-0.4990532480371505,-0.5140922526875276,-0.5025078346132836,-0.5014046158855852,0.756066017177982,0.4960510103817457,0.10100291803409359,0.5988728634379277,0.5816275320458243,0.5021556055475453,0.49809451945665834
607,0.29166666666666663,1.0,1,1,1,False,-0.19833833507280876,-0.044621318667868844,-2.886579864025407e-17,-0.08370571849193406,-0.032409699965981004,-0.013067556661905944,-0.01118627397691694,0.8223263308980678,0.5695630618106041,0.23925440363848088,0.4201483429642479,0.44685110231977354,0.6875684565282827,0.6874579474499918,-0.8625,-0.5657170231343108,-0.10002797044853652,-0.470841946405109,-0.5081260350799375,-0.5018670538496357,-0.5006007375323623,0.7413142143513081,0.4863724287091597,0.10100291803409359,0.6111571927573407,0.580538063841964,0.5025389064495374,0.4981966045022945
608,0.3333333333333333,1.0,1,1,1,False,-0.21650635094610965,-0.05705277087390241,-2.886579864025407e-17,-0.11856088333707947,-0.03653533893872521,-0.012520324565484223,-0.010485940546680063,0.7968911086754467,0.5519460130762799,0.23925440363848088,0.2914810018686963,0.30846653723683487,0.6882487419565078,0.6881270475549222,-0.85,-0.5575182256975817,-0.10002797044853652,-0.4117932522028596,-0.5037635551185016,-0.5012471450271903,-0.4998172970021204,0.725,0.47566875690182636,0.10100291803409359,0.6011718079254454,0.5634692668543289,0.5028731102199797,0.49825393530187334
609,0.375,1.0,1,1,1,False,-0.23096988312782168,-0.06711819072094974,-2.886579864025407e-17,-0.13053816657426234,-0.04015805403017094,-0.011918087826550426,-0.009733351589005491,0.7766421636210498,0.5379211050680179,0.23925440363848088,0.09424277479023037,0.09948392961777508,0.6889648158247783,0.688830761719359,-0.8375,-0.5493194282608526,-0.10002797044853652,-0.3215422926148812,-0.4609533073323623,-0.5006475568262676,-0.49905431521700017,0.7074025148547635,0.46412313775198777,0.10100291803409359,0.5664803636156517,0.5342604164389222,0.5031623746582545,0.49827116763830165
610,0.41666666666666663,1.0,1,1,1,True,-0.24148145657226705,-0.07465315007371326,-2.886579864025407e-17,-0.0956198332835849,-0.04361772039702642,-0.01126966147434444,-0.00893768393119439,0.7619259607988262,0.5277283078502788,0.23925440363848088,-0.17956270248518982,-0.18183061470651676,0.6897098153226193,0.689562233103766,-0.8250000000000001,-0.5411206308241234,-0.10002797044853652,-0.20594766035559295,-0.3595834097979347,-0.5000677522395216,-0.49831173927700734,0.6888228567653781,0.4519331200043479,0.10100291803409359,0.5242626038934362,0.49288390177262054,0.5034105594456131,0.49825254926458257
611,0.4583333333333333,1.0,2,1,2,True,-0.2478612153434526,-0.11297041331739013,-2.886579864025407e-17,-0.028019663793192123,-0.047347985796036794,-0.04761804149099643,-0.04930873485653088,-1.3470057014808337,-0.9329686558545377,0.23925440363848088,-0.46793408271323533,-0.46406672917134206,-0.7714292290374021,-0.7648679695221285,0.8875000000000001,0.5821146180077691,-0.10002797044853652,-0.08721306806718272,-0.18403795225463088,0.71372961623661,0.7002832413268395,0.6695789288330077,0.4393072782422804,0.10100291803409359,0.47885616675191583,0.44606231478762615,0.307641393385754,0.3062922144595039
612,0.5,1.0,2,2,2,False,-0.25,-0.11512642738757839,-2.886579864025407e-17,0.007621045698161761,-0.04990859317702891,-0.04707065904608589,-0.04864045874138519,-1.35,-0.9350425792696969,0.23925440363848088,-0.6522568804821246,-0.6530033147868033,-0.769482901718011,-0.7636985281508281,0.9,0.5903134154444982,-0.10002797044853652,0.05434717314209467,0.043986468724518904,0.70928738739206,0.6976309078161751,0.65,0.4264616441188788,0.10100291803409359,0.4360658670638221,0.4030343613559778,0.3074851827403249,0.30634116155161134
613,0.5416666666666666,1.0,2,2,2,False,-0.24786121534345262,-0.11452599191458544,-2.886579864025407e-17,-0.009638942512649237,-0.05106738226709019,-0.04648685186954936,-0.0479143832463694,-1.3470057014808337,-0.9329686558545377,0.23925440363848088,-0.7151543097481738,-0.7530144481289058,-0.767168695891476,-0.7622240135655062,0.9125,0.5985122128812274,-0.10002797044853652,0.226605697026809,0.28711085341242715,0.7041721508652103,0.6944074574951979,0.6304210711669923,0.4136160099954773,0.10100291803409359,0.3848314935603659,0.3676127845666078,0.3073433033850016,0.306421545058044
614,0.5833333333333333,1.0,2,2,2,False,-0.2414814565722671,-0.11118717450477336,-2.886579864025407e-17,-0.0381110775118497,-0.052049994932870554,-0.045869688491092894,-0.04713092923042162,-1.3380740392011738,-0.9267823710136941,0.23925440363848088,-0.7359250336884586,-0.804961616877209,-0.7643932344657453,-0.7603479547335047,0.925,0.6067110103179565,-0.10002797044853652,0.4034987730389609,0.49660207813046264,0.6982491603408539,0.6904548383254648,0.6111771432346219,0.40099016823340977,0.10100291803409359,0.33067102891103795,0.34046620867670274,0.30723313785056133,0.3065468769503029
615,0.625,1.0,2,2,2,False,-0.23096988312782168,-0.10517489723866619,-2.886579864025407e-17,-0.05232706924235192,-0.053371394574922244,-0.0452268666393175,-0.04629642828130039,-1.3233578363789502,-0.9165895737959547,0.23925440363848088,-0.7564271789277071,-0.8158565640619206,-0.7610355681519492,-0.757939025320169,0.9375,0.6149098077546856,-0.10002797044853652,0.5428482847328271,0.621988222163798,0.691357594514321,0.68556592168355,0.5925974851452366,0.38880015048577,0.10100291803409359,0.29474467108805064,0.3199874726918979,0.3071848112644362,0.30673738195144246
616,0.6666666666666666,1.0,2,2,2,False,-0.21650635094610968,-0.09659982583615227,-2.886579864025407e-17,-0.05396471346783377,-0.05452393260164608,-0.04457379586392081,-0.04542833344333007,-1.3031088913245537,-0.9025646657876931,0.23925440363848088,-0.7710347905027434,-0.8049545769093842,-0.75693978215527,-0.7548188374423965,0.9500000000000001,0.6231086051914149,-0.10002797044853652,0.6321474509702348,0.6500979747081508,0.6833122388619529,0.6794720069303978,0.5750000000000001,0.3772545313359313,0.10100291803409359,0.2758373658160587,0.3059199136181674,0.307250916958843,0.3070240008120888
617,0.7083333333333333,1.0,2,2,2,False,-0.19833833507280885,-0.08561647613533471,-2.886579864025407e-17,-0.0526372741470399,-0.05552189786182211,-0.04393839038203388,-0.044564353959692195,-1.2776736691019324,-0.8849476170533689,0.23925440363848088,-0.7720513913294418,-0.7841032699013206,-0.7519080695127344,-0.7507482904854732,0.9625,0.631307402628144,-0.10002797044853652,0.6575495784543219,0.6213073664427393,0.6739153809098175,0.6718336488775821,0.558685785648692,0.36655085952859795,0.10100291803409359,0.2712463317636653,0.30042621899953426,0.30752417658619263,0.3074551318157027
618,0.75,1.0,2,2,2,False,-0.1767766952966369,-0.07242057028370127,-2.886579864025407e-17,-0.054443197258091616,-0.05660627582823586,-0.04336822193278821,-0.04450054608403245,-1.2474873734152916,-0.8640398601811953,0.23925440363848088,-0.7609007804752405,-0.7655479784110516,-0.74569878050578,-0.7444258551551378,0.9750000000000001,0.6395062000648731,-0.10002797044853652,0.636101595758979,0.5940579168787453,0.6629918175316698,0.6653678960544067,0.5439339828220179,0.3568722778560119,0.10100291803409359,0.2866923886823832,0.3040519961530106,0.30816936309750725,0.30793207652898397
619,0.7916666666666666,1.0,2,2,2,False,-0.15219035725218022,-0.057245687877916916,-2.886579864025407e-17,-0.05150500671081367,-0.057340790562041964,-0.04294067279801384,-0.04521381080803408,-1.2130665001530523,-0.8401991326879809,0.23925440363848088,-0.7442476190181555,-0.7498430728098326,-0.7380410263207807,-0.7376347783778646,0.9875,0.6477049975016023,-0.10002797044853652,0.613069135842821,0.5763720348720844,0.6504717417279633,0.6622146533696461,0.5309969989563148,0.34838438953400097,0.10100291803409359,0.3056698653664839,0.3102720954646726,0.3094789848873936,0.3081948502367442
620,0.8333333333333333,1.0,2,2,2,False,-0.12500000000000008,-0.040359269352163836,-2.886579864025407e-17,-0.04547440639813545,-0.05789790103407293,-0.043181775912937585,-0.04592870857481025,-1.175,-0.8138333560310325,0.23925440363848088,-0.7245510468562799,-0.7319730368618785,-0.7294333626707624,-0.7318874144787375,1.0,0.6559037949383314,-0.10002797044853652,0.5909013444000243,0.563823094162185,0.6412371907306337,0.6598157650366763,0.5200961894323343,0.3412324246850417,0.10100291803409359,0.3255451668220624,0.318904504774033,0.3110077972360648,0.3083496282022692
621,0.875,1.0,2,2,2,False,-0.09567085809127247,-0.02205803999816446,-2.886579864025407e-17,-0.03999743462834643,-0.05810236641123733,-0.04405430100472486,-0.046622438383081465,-1.1339392013277814,-0.7853936559589249,0.23925440363848088,-0.7046802779972962,-0.7140960143649195,-0.7221861349467912,-0.7270180009225754,1.0125,0.6641025923750605,-0.10002797044853652,0.5745825607037194,0.56504735819454,0.6381680463388213,0.6579702072187689,0.511418070123307,0.3355387554105993,0.10100291803409359,0.34153535795947293,0.32621974327837744,0.3116353088834195,0.3084268733617428
622,0.9166666666666666,1.0,2,2,2,False,-0.06470476127563025,-0.002662932913172257,-2.886579864025407e-17,-0.03710929247585231,-0.058440007623317906,-0.04495515681128226,-0.04728177209293647,-1.0905866657858823,-0.7553666436248668,0.23925440363848088,-0.6874275006736921,-0.6967213102932659,-0.7161023620345204,-0.722875490663176,1.025,0.6723013898117896,-0.10002797044853652,0.5666029609273086,0.5649843945749307,0.6360056784046648,0.6565340828079046,0.5051111260566398,0.3314008019705429,0.10100291803409359,0.3496418934409613,0.3318524740092847,0.3120645729909989,0.30844859677919084
623,0.9583333333333333,1.0,2,2,2,False,-0.032631548055013,0.017486402254301946,-2.886579864025407e-17,-0.03760350672219766,-0.05867041929163455,-0.04595671938147684,-0.04790018884880322,-1.0456841672770183,-0.7242660895349542,0.23925440363848088,-0.6738943811356294,-0.6797317775979185,-0.7117154852525076,-0.7193315233108338,1.0375,0.6805001872485189,-0.10002797044853652,0.5623148275330546,0.5659956613464102,0.6361502194811542,0.6554042279562535,0.5012832707939284,0.32888936589548906,0.10100291803409359,0.3532015429785477,0.33645383750340074,0.31191335919697094,0.30843082314366405
624,1.0,1.0,2,2,2,False,-3.061616997868383e-17,0.03803741080414456,-2.886579864025407e-17,-0.03862000115695423,-0.05871150544344545,-0.04687421008801842,-0.04847548990763295,-1.0,-0.692624132792368,0.23925440363848088,-0.6611820735200167,-0.6633471279115722,-0.7082134840083706,-0.7162804711701745,1.05,0.6886989846852479,-0.10002797044853652,0.557124620107328,0.5663110816709185,0.63653500074228,0.6545061466582869,0.5,0.3280474185529837,0.10100291803409359,0.3565053578023379,0.33752392439591744,0.3116729396503302,0.3083852520904131
