delta,noise_sigma,seed,gwr_bandwidth,mgwr_bw_intercept,mgwr_bw_x1,mgwr_bw_x2,mgwr_bw_x3,mgwr_error,initial_ari,refined_ari,initial_boundary_f1,refined_boundary_f1,initial_boundary_edges,refined_boundary_edges,refinement_iterations,refinement_stop,gwr_fit_rmse,mgwr_fit_rmse,grgwr_fit_rmse,oracle_fit_rmse,gwr_coef_rmse,mgwr_coef_rmse,grgwr_coef_rmse,oracle_coef_rmse,gwr_jump_ratio,mgwr_jump_ratio,grgwr_jump_ratio,oracle_jump_ratio,gr_minus_gwr_fit_rmse,gr_minus_mgwr_fit_rmse,gr_minus_gwr_coef_rmse,gr_minus_mgwr_coef_rmse,gr_fit_better_than_gwr,gr_fit_better_than_mgwr,gr_coef_better_than_gwr,gr_coef_better_than_mgwr,runtime_gwr_seconds,runtime_gr_after_pilot_seconds,runtime_gr_total_seconds,runtime_mgwr_seconds,runtime_oracle_seconds,scenario,source_file
1.5,2.0,20300000,152,398.0,74.0,146.0,212.0,,0.8126432865587517,0.8692244069378993,0.1908713692946058,0.3849372384937238,128,126,6,no_label_changes,0.7290205511133439,0.7144344144369804,0.7050388544538844,0.7116289455315851,0.1556220074650851,0.1516157674909721,0.151112047901509,0.0834317553165886,0.134607750483052,0.1685219118309056,0.4990481317517189,1.0393327396189107,-0.0239816966594594,-0.009395559983096,-0.004509959563576,-0.0005037195894631,1,1,1,1,2.781821745000002,0.8936683379999977,3.675490083,24.136147804000004,0.071958366000004,high_noise_failure,mc_high_noise_failure_chunk00.csv
1.5,2.0,20300001,137,152.0,63.0,58.0,148.0,,0.7746873062935561,0.8485783030435589,0.1538461538461538,0.4793388429752066,121,129,5,no_label_changes,0.7181111066156803,0.6769034839263364,0.7143479167764617,0.7196312627627426,0.1706854355323744,0.1811933968414316,0.147275196236066,0.0761505593074069,0.1414038571729357,0.1837645837734827,0.5546171943005056,0.9936012383001048,-0.0037631898392186,0.0374444328501253,-0.0234102392963083,-0.0339182006053656,1,0,1,1,1.4999788830000114,0.7676105729999847,2.267589455999996,24.551155526,0.0715741019999995,high_noise_failure,mc_high_noise_failure_chunk00.csv
1.5,2.0,20300002,192,622.0,113.0,203.0,166.0,,0.8312407936275454,0.8938273612121993,0.3056768558951964,0.4180327868852459,116,131,4,no_label_changes,0.7450538584460865,0.7408199276254883,0.7241800540300537,0.7362802305780365,0.1742723701875406,0.1744640518389247,0.1420307089719132,0.0670101409554213,0.1254000618861102,0.1354703952181349,0.4819617154188179,0.998835816010595,-0.0208738044160328,-0.0166398735954346,-0.0322416612156274,-0.0324333428670114,1,1,1,1,1.4372405189999995,0.629979684999995,2.0672202039999945,18.52829124599998,0.0740076159999887,high_noise_failure,mc_high_noise_failure_chunk00.csv
1.5,2.0,20300003,238,624.0,85.0,143.0,238.0,,0.7525258426175702,0.8701253278583514,0.1233480176211453,0.5560165975103735,114,128,5,no_label_changes,0.7686700863430392,0.7400893190744352,0.7319550053367057,0.7362233210524283,0.1782570751458224,0.160960060237917,0.1295499859702412,0.0541837985424263,0.102506567911671,0.1551363054102106,0.6453003417863202,1.0076138469553657,-0.0367150810063335,-0.0081343137377295,-0.0487070891755811,-0.0314100742676757,1,1,1,1,1.5640325460000213,0.7527649719999943,2.3167975180000155,24.47832291100002,0.0711505769999973,high_noise_failure,mc_high_noise_failure_chunk00.csv
1.5,2.0,20300004,178,624.0,120.0,134.0,146.0,,0.7261221760412073,0.7441655187670788,0.0611353711790393,0.1787234042553191,116,122,2,no_label_changes,0.7236025105161611,0.7129991365748497,0.7142862446533871,0.7101574257245495,0.15194872588974,0.1502412705360218,0.1755921666148706,0.0606451778475697,0.120788208694345,0.1383906529487682,0.2125632501798325,1.017734265264246,-0.009316265862774,0.0012871080785373,0.0236434407251305,0.0253508960788487,1,0,0,0,1.509059069000017,0.3801819100000045,1.8892409790000213,18.367295778,0.0711091449999798,high_noise_failure,mc_high_noise_failure_chunk00.csv
1.5,2.0,20300005,147,624.0,98.0,212.0,100.0,,0.7298742735757476,0.7387020029343682,0.3257575757575757,0.3695652173913044,151,163,3,no_label_changes,0.7240460176487482,0.7158090308065229,0.7110427381672605,0.7182947546744912,0.1582067198669876,0.1616714057846976,0.1608153248957013,0.0391413465141993,0.1229085397057149,0.1286015834218492,0.4263713297388076,0.9641536914504266,-0.0130032794814877,-0.0047662926392624,0.0026086050287136,-0.0008560808889962,1,1,0,1,1.5083604790000038,0.5599455699999965,2.0683060490000003,23.95321590399999,0.0755973980000135,high_noise_failure,mc_high_noise_failure_chunk00.csv
1.5,2.0,20300006,191,624.0,114.0,176.0,194.0,,0.7412566915930076,0.7801940050174319,0.3508771929824561,0.4117647058823529,115,125,3,global_objective_guard_rejected_sweep,0.764802449672649,0.7595415900019509,0.7446732008181745,0.7452311665641204,0.1613562664750805,0.1573330844730507,0.1596214992715999,0.0582974668585058,0.1226373589728444,0.1353881112746121,0.4982628187324694,0.9864016164643038,-0.0201292488544745,-0.0148683891837764,-0.0017347672034806,0.0022884147985492,1,1,1,0,1.5176070090000169,0.5815278929999863,2.099134902000003,18.491819556,0.071003045999987,high_noise_failure,mc_high_noise_failure_chunk00.csv
1.5,2.0,20300007,131,120.0,101.0,212.0,134.0,,0.8923847792657661,0.9757034547751644,0.3930131004366812,0.8571428571428572,116,118,3,no_label_changes,0.7376149786807067,0.7344180142652421,0.7367360873453171,0.738963584666165,0.156444355242094,0.1543570035049166,0.0869770000125579,0.0608794283898378,0.1555202402346519,0.1586171349129979,0.8903901862940213,1.0226129614717263,-0.0008788913353895,0.002318073080075,-0.069467355229536,-0.0673800034923587,1,0,1,1,1.393533852000019,0.4924842369999851,1.886018089000004,18.34875922799995,0.0707238549999829,high_noise_failure,mc_high_noise_failure_chunk00.csv
1.5,2.0,20300008,216,624.0,111.0,175.0,173.0,,0.7079859402672144,0.7752313340213947,0.0789473684210526,0.2068965517241379,115,148,5,no_label_changes,0.7307394481315613,0.718963803835338,0.6958052904939643,0.70212253385486,0.1545683318825848,0.1470806772500989,0.1834389402091866,0.0429704172596082,0.1214411090117734,0.1469572488152941,0.2940306919274919,1.0496017568823044,-0.0349341576375969,-0.0231585133413736,0.0288706083266018,0.0363582629590876,1,1,0,0,1.4107478750000269,0.8066260209999996,2.2173738960000264,18.474693855,0.0709070550000205,high_noise_failure,mc_high_noise_failure_chunk00.csv
1.5,2.0,20300009,150,256.0,102.0,121.0,163.0,,0.8378272928318062,0.9223592448715658,0.2347826086956522,0.5822784810126581,117,124,5,no_label_changes,0.7467329482344817,0.738259850336037,0.7526495856706983,0.755816054282592,0.1708618478029171,0.1697921394093051,0.1185220350961036,0.0687201198215117,0.1142963770322297,0.1332449045060073,0.5565705859511197,0.8906481886232634,0.0059166374362166,0.0143897353346612,-0.0523398127068134,-0.0512701043132014,0,0,1,1,1.512059143999977,0.7325558699999988,2.244615013999976,18.61248766,0.0724225099999671,high_noise_failure,mc_high_noise_failure_chunk00.csv
1.5,2.0,20300010,231,624.0,85.0,130.0,213.0,,0.5763394143383633,0.6911857749071104,0.1376518218623481,0.2055335968379446,134,140,4,no_label_changes,0.7846145523119382,0.7577387974239769,0.7687304294860198,0.770277921250603,0.1886337149117,0.1861597914963094,0.2042102035362821,0.0799164470221945,0.0886787252106281,0.1168401054832095,0.206492177415715,0.8555907191299549,-0.0158841228259184,0.0109916320620429,0.0155764886245821,0.0180504120399727,1,0,0,0,2.661238571999988,0.5493267120000098,3.2105652839999976,26.259435282999988,0.0605074099999995,high_noise_failure,mc_high_noise_failure_chunk01.csv
1.5,2.0,20300011,176,414.0,148.0,90.0,195.0,,0.7299140647230183,0.8631894681559504,0.1478260869565217,0.4957264957264957,117,121,3,no_label_changes,0.7070010786716541,0.6990585178308137,0.6901989034427513,0.6832137997093661,0.1404087928823546,0.140932220017964,0.1465988383807811,0.0592692016100354,0.1345962149263752,0.157315136061852,0.5576434316812837,1.1128196708309392,-0.0168021752289028,-0.0088596143880624,0.0061900454984265,0.0056666183628171,1,1,0,0,1.2986410870000211,0.3977088409999965,1.6963499280000178,16.452234351000016,0.0544686899999931,high_noise_failure,mc_high_noise_failure_chunk01.csv
1.5,2.0,20300012,147,623.0,54.0,147.0,161.0,,0.7664025054225716,0.8207921426066902,0.1610169491525424,0.4333333333333333,123,127,5,no_label_changes,0.7275026765080284,0.7060911399260222,0.7345547836949807,0.7342315620584797,0.1577985598641976,0.1700504467860193,0.1676172304691384,0.0541122524906082,0.1512136173032163,0.1948280652134952,0.4615307033637597,1.009523207734484,0.0070521071869523,0.0284636437689584,0.0098186706049407,-0.0024332163168808,0,0,0,1,1.394927781000007,0.6083116890000042,2.003239470000011,21.807182532000013,0.0551744320000011,high_noise_failure,mc_high_noise_failure_chunk01.csv
1.5,2.0,20300013,169,416.0,169.0,185.0,172.0,,0.8353807173375841,0.9095200749186404,0.4907063197026022,0.6416666666666666,156,127,10,no_label_changes,0.7262294626381334,0.7343020339007957,0.7040445500748911,0.7124732579422406,0.1551098241322688,0.1597924332622848,0.1199735938734209,0.0574943696659649,0.1384592549171055,0.1328873158948482,0.7718220950967914,1.0264130771698134,-0.0221849125632422,-0.0302574838259046,-0.0351362302588478,-0.0398188393888638,1,1,1,1,1.3457406139999932,1.110841292999993,2.456581906999986,16.458667754999993,0.0538179650000074,high_noise_failure,mc_high_noise_failure_chunk01.csv
1.5,2.0,20300014,200,589.0,152.0,226.0,171.0,,0.7357452870588587,0.8917965174457917,0.0177777777777777,0.4416666666666666,112,127,6,no_label_changes,0.7446779387960313,0.7450815774661472,0.713554439428535,0.725027831051705,0.1644376036052753,0.1713189428878554,0.1353618072928697,0.0541039027297362,0.1154738905680074,0.104521042660658,0.4821315693934431,0.9787762717090028,-0.0311234993674962,-0.0315271380376122,-0.0290757963124056,-0.0359571355949857,1,1,1,1,1.3959092480000097,0.7136008559999993,2.109510104000009,17.061262190999997,0.0536418719999858,high_noise_failure,mc_high_noise_failure_chunk01.csv
1.5,2.0,20300015,236,624.0,206.0,202.0,160.0,,0.7045152088100537,0.7700818395419199,0.054054054054054,0.4649122807017544,109,115,2,no_label_changes,0.7468565986302014,0.7454542892682124,0.7304697622292106,0.7210341578009976,0.1861677070337204,0.1825869258935894,0.1672525138168245,0.0667211642319836,0.0980295561674579,0.1008116352379265,0.4579134445747795,0.930298957094561,-0.0163868364009908,-0.0149845270390018,-0.0189151932168958,-0.0153344120767648,1,1,1,1,1.3071282319999966,0.2978639419999922,1.6049921739999888,16.514484329999988,0.0541098500000032,high_noise_failure,mc_high_noise_failure_chunk01.csv
1.5,2.0,20300016,180,624.0,122.0,79.0,184.0,,0.7407449880174545,0.7769182142760935,0.0869565217391304,0.3175965665236051,117,120,2,no_label_changes,0.7329981595818162,0.7135609370749691,0.725621982931175,0.7224791859585659,0.1747204229634292,0.1810572119566294,0.1786234580802826,0.0745432064162799,0.1247892617442767,0.1509637957192438,0.3511801891185828,1.010125851959227,-0.0073761766506412,0.0120610458562058,0.0039030351168533,-0.0024337538763468,1,0,0,1,1.3996682220000023,0.3001909620000162,1.6998591840000188,21.25656913200001,0.0550267319999875,high_noise_failure,mc_high_noise_failure_chunk01.csv
1.5,2.0,20300017,177,623.0,121.0,208.0,208.0,,0.7922163447846453,0.8875276615898743,0.1038961038961038,0.446215139442231,118,138,4,no_label_changes,0.7147418399726592,0.7197080144200457,0.685074251958262,0.6984789154406318,0.1522066350729465,0.1498795522482024,0.1507474892940973,0.0647258564572559,0.1426405215277811,0.1385647933922892,0.5500917883013438,1.0691952689386115,-0.0296675880143971,-0.0346337624617837,-0.0014591457788492,0.0008679370458948,1,1,1,0,1.377844227999958,0.5234608889999777,1.901305116999936,16.355787232999944,0.0542158640000138,high_noise_failure,mc_high_noise_failure_chunk01.csv
1.5,2.0,20300018,177,621.0,169.0,182.0,101.0,,0.7187492348305901,0.7315041770688653,0.1794871794871794,0.2928870292887029,121,126,5,no_label_changes,0.7489975494316742,0.7464629885167655,0.7535606924341712,0.745712290045442,0.1660140139101449,0.1683834384678284,0.1950643699791144,0.0607124143419498,0.1203594937250325,0.1268334298083224,0.295297798293492,1.0643090732981877,0.004563143002497,0.0070977039174057,0.0290503560689695,0.026680931511286,0,0,0,0,1.4055566939999835,0.6046090209999875,2.010165714999971,21.74611243000004,0.0548080819999654,high_noise_failure,mc_high_noise_failure_chunk01.csv
1.5,2.0,20300019,177,624.0,52.0,211.0,234.0,,0.7698596347940103,0.9065520526697294,0.0179372197309417,0.6382978723404256,110,122,3,no_label_changes,0.7703071398932761,0.742311589830048,0.744122558772379,0.7447069515954983,0.1640111348732404,0.1638634050889067,0.1146824094855161,0.065237959424913,0.1285244333602321,0.1686273497691586,0.7326831631631325,1.0339192324649995,-0.0261845811208971,0.001810968942331,-0.0493287253877243,-0.0491809956033906,1,0,1,1,1.4178479889999949,0.417135367999947,1.8349833569999416,21.370192591999967,0.0604478839999842,high_noise_failure,mc_high_noise_failure_chunk01.csv
1.5,2.0,20300020,160,624.0,136.0,147.0,105.0,,0.7656341431215925,0.8059553386809349,0.2390438247011952,0.3813229571984435,138,144,4,global_objective_guard_rejected_sweep,0.7370555686369888,0.7326658116085786,0.7205810694481694,0.7293945223740014,0.1584550100832092,0.1608350223718462,0.1467276725001631,0.0581602843212371,0.1332512401567877,0.140928927261062,0.4824471632576496,0.9296532075879932,-0.0164744991888194,-0.0120847421604092,-0.011727337583046,-0.014107349871683,1,1,1,1,2.4351293080000005,0.5673358980000103,3.0024652060000108,19.469364006000006,0.0536509410000007,high_noise_failure,mc_high_noise_failure_chunk02.csv
1.5,2.0,20300021,172,207.0,89.0,211.0,196.0,,0.7948861340517381,0.8705119868549871,0.445414847161572,0.5772357723577235,116,133,7,no_label_changes,0.7651385623715709,0.7579630886336416,0.7347740090949808,0.745448968870921,0.1655942164524423,0.1651310792117529,0.1424415719924225,0.0610620114394928,0.1244870866872717,0.1437778953391522,0.6253717596642246,0.968380738370225,-0.03036455327659,-0.0231890795386607,-0.0231526444600198,-0.0226895072193304,1,1,1,1,1.1341862579999995,0.772250489000001,1.9064367470000008,19.841600231,0.0496460409999883,high_noise_failure,mc_high_noise_failure_chunk02.csv
1.5,2.0,20300022,172,617.0,155.0,136.0,112.0,,0.8462279646910036,0.8432081583450046,0.376068376068376,0.3252032520325203,121,133,4,no_label_changes,0.7187756926213156,0.7116000128121259,0.7002971840971999,0.7159836333744461,0.1458601482875084,0.1444988637720791,0.1537440108118265,0.0556321701999441,0.151755580930976,0.1678550554686048,0.4158571746561669,1.0813013158621176,-0.0184785085241157,-0.011302828714926,0.007883862524318,0.0092451470397473,1,1,0,0,1.1538645460000083,0.4836334069999992,1.6374979530000076,19.218978121000006,0.0502761310000039,high_noise_failure,mc_high_noise_failure_chunk02.csv
1.5,2.0,20300023,198,377.0,85.0,177.0,178.0,,0.9250410792723448,0.9243807865503716,0.5502183406113538,0.5726495726495728,116,121,2,no_label_changes,0.7480227482683215,0.73347191772873,0.7263085969170349,0.7304996075967961,0.1465295861807196,0.1412615485137412,0.1100040833518454,0.0484865864083689,0.1365024890408146,0.1563074442607779,0.6199741389127239,1.0157596533743862,-0.0217141513512866,-0.0071633208116951,-0.0365255028288742,-0.0312574651618957,1,1,1,1,1.2856803909999996,0.2947437180000065,1.5804241090000062,15.052559379000002,0.0501783050000028,high_noise_failure,mc_high_noise_failure_chunk02.csv
1.5,2.0,20300024,172,620.0,89.0,152.0,184.0,,0.8072666349381926,0.9631182076020788,0.4140969162995594,0.7739130434782607,114,117,7,no_label_changes,0.7411529240918695,0.7305339621679526,0.7265233657398283,0.7329991715817336,0.1640295456261375,0.1589739022677815,0.0917370036309276,0.0601025717676478,0.1152715637914782,0.1473113343183094,0.7679829123753633,0.9408555764023232,-0.0146295583520411,-0.0040105964281242,-0.0722925419952099,-0.0672368986368538,1,1,1,1,1.1711547609999968,0.7168180449999966,1.8879728059999932,19.646522180999995,0.0506677230000036,high_noise_failure,mc_high_noise_failure_chunk02.csv
1.5,2.0,20300025,228,289.0,179.0,222.0,248.0,,0.5781610981322628,0.6398016172226817,0.0689655172413793,0.091254752851711,119,150,3,no_label_changes,0.7925215850994989,0.7906931986885909,0.7841115344878656,0.770249555654854,0.198490308061726,0.1927712403937281,0.2362006390258911,0.0959097254184014,0.0921781149676694,0.1012503359471261,0.097086423352342,0.9957807355622036,-0.0084100506116332,-0.0065816642007252,0.037710330964165,0.043429398632163,1,1,0,0,1.1582166729999983,0.4013810099999944,1.559597682999993,15.214521426000005,0.0501089189999959,high_noise_failure,mc_high_noise_failure_chunk02.csv
1.5,2.0,20300026,186,549.0,81.0,93.0,170.0,,0.8959632493917918,0.9426615403402696,0.4406779661016949,0.6581196581196581,123,121,3,no_label_changes,0.7631130187984141,0.7298292256715079,0.735628655905769,0.7435305403357748,0.1686189915892105,0.1637084176402263,0.0960486430194276,0.0391693856099959,0.1163433494494511,0.1662017492230993,0.6746202902064824,0.956868243956758,-0.0274843628926451,0.0057994302342611,-0.0725703485697829,-0.0676597746207987,1,0,1,1,1.2218180319999874,0.3695858829999849,1.5914039149999724,19.54195305799999,0.0503436730000146,high_noise_failure,mc_high_noise_failure_chunk02.csv
1.5,2.0,20300027,226,624.0,51.0,200.0,275.0,,0.6546829684299099,0.7657373991238127,0.0672268907563025,0.2880658436213991,125,130,5,no_label_changes,0.7497248722812249,0.7131202259367888,0.7366480840668369,0.7279292892437944,0.1754256155332686,0.174090728970911,0.1793796476707937,0.0622251129189798,0.1006949377488118,0.1710679497482598,0.3150452365166,0.9461675866182908,-0.0130767882143879,0.023527858130048,0.003954032137525,0.0052889186998826,1,0,0,0,1.240362542000014,0.5606447100000196,1.8010072520000335,19.519693794000005,0.0507940819999817,high_noise_failure,mc_high_noise_failure_chunk02.csv
1.5,2.0,20300028,179,222.0,167.0,114.0,96.0,,0.6552169536892118,0.682320257670471,0.3851851851851851,0.4609665427509293,157,156,3,no_label_changes,0.7514681544909214,0.7330647975306737,0.7455825960645923,0.7388045570500503,0.1628685632751269,0.1660973638431254,0.1430910861153698,0.0636388546468608,0.1196884832806117,0.1488646109063758,0.5284829679653475,1.0212054531103965,-0.005885558426329,0.0125177985339186,-0.0197774771597571,-0.0230062777277555,1,0,1,1,1.2361437879999926,0.4211158870000133,1.657259675000006,19.636807057999988,0.0510520350000263,high_noise_failure,mc_high_noise_failure_chunk02.csv
1.5,2.0,20300029,141,135.0,80.0,174.0,155.0,,0.8330199299742794,0.8722144212777573,0.1558441558441558,0.2991452991452991,118,121,5,no_label_changes,0.7767848958041599,0.7669998049356391,0.7698385136059083,0.7827676204830368,0.1603253594078064,0.1588588440704671,0.1402492338752967,0.07099790674213,0.146295450529883,0.1587794022987978,0.3236743278398967,0.9586441790535384,-0.0069463821982516,0.0028387086702691,-0.0200761255325097,-0.0186096101951704,1,0,1,1,1.1588626170000111,0.5540646389999893,1.7129272560000004,19.70796804500003,0.0505538250000086,high_noise_failure,mc_high_noise_failure_chunk02.csv
1.5,2.0,20300030,167,624.0,70.0,98.0,76.0,,0.7762198720661898,0.8439076119187512,0.2377049180327869,0.401673640167364,131,126,3,no_label_changes,0.7300828280799082,0.690207818792613,0.7122595712139127,0.7205638248186067,0.1651523904823913,0.1743945825875346,0.1576719106199178,0.0691998509869874,0.1367938685791722,0.1993082513351846,0.4176240380190701,0.9774720674162684,-0.0178232568659955,0.0220517524212997,-0.0074804798624734,-0.0167226719676167,1,0,1,1,3.019708948000016,0.5317315530000997,3.5514405010001155,30.49650724499997,0.0709132040000213,high_noise_failure,mc_high_noise_failure_chunk03.csv
1.5,2.0,20300031,128,624.0,87.0,205.0,151.0,,0.8084987650371607,0.8613644666482974,0.2488888888888888,0.4549356223175965,112,120,3,no_label_changes,0.6928065416802087,0.7009661181201546,0.6944921673767941,0.6987300802954931,0.1484142805759991,0.152567778852772,0.146766448120409,0.0582488057181597,0.1703816628306114,0.16405516604182,0.5813159674481427,1.1405387455089568,0.0016856256965853,-0.0064739507433605,-0.00164783245559,-0.005801330732363,0,1,1,1,1.4409803379999175,0.5094593279999344,1.950439665999852,25.38148483800001,0.0707043119999752,high_noise_failure,mc_high_noise_failure_chunk03.csv
1.5,2.0,20300032,176,624.0,135.0,160.0,139.0,,0.7292669955314218,0.7572250701989113,0.0843881856540084,0.139917695473251,124,130,3,no_label_changes,0.7664140615756591,0.7683560803211683,0.7638888858986578,0.7666759080446163,0.146494297797133,0.1481794237099147,0.1735567756357876,0.0423383609708112,0.1481044853047589,0.147265920444209,0.1702781400732568,1.0062479711340817,-0.0025251756770012,-0.0044671944225105,0.0270624778386545,0.0253773519258728,1,1,0,0,1.431736194999985,0.562152689999948,1.993888884999933,18.981487248000008,0.0716315869999562,high_noise_failure,mc_high_noise_failure_chunk03.csv
1.5,2.0,20300033,163,624.0,184.0,130.0,209.0,,0.8600647723537764,0.8854782694504487,0.2382978723404255,0.4032921810699588,122,130,5,no_label_changes,0.7515439998704574,0.7632636717598935,0.7424796537003964,0.7556172498637057,0.1673403942384432,0.1701787490812208,0.1562276199311305,0.0819348735827458,0.139504959032995,0.1320814687649243,0.4508626827437824,0.9913679785583998,-0.009064346170061,-0.0207840180594971,-0.0111127743073126,-0.0139511291500903,1,1,1,1,1.648042974999953,0.7655866159999505,2.4136295909999035,19.90281230400001,0.0708949329999768,high_noise_failure,mc_high_noise_failure_chunk03.csv
1.5,2.0,20300034,132,237.0,172.0,196.0,70.0,,0.7322213549608132,0.8450242892175487,0.1666666666666666,0.4959349593495934,139,133,6,no_label_changes,0.7263575701451307,0.7197794361214997,0.7259728844054508,0.7335574588266506,0.1490597741220377,0.1627340235614346,0.1435214289166174,0.062154152969779,0.1731747864849367,0.1639814380091797,0.592894064154033,1.0518949884105009,-0.0003846857396798,0.006193448283951,-0.0055383452054202,-0.0192125946448172,1,0,1,1,1.494500751999908,0.9264251890000424,2.4209259409999504,25.623616284999912,0.0709836149999318,high_noise_failure,mc_high_noise_failure_chunk03.csv
1.5,2.0,20300035,177,340.0,137.0,163.0,143.0,,0.7597102846850674,0.8450846516599714,0.0714285714285714,0.4655172413793104,111,119,4,no_label_changes,0.7608107275095961,0.7569949904969561,0.7350427452832818,0.7389918946047552,0.1659853322425305,0.1608498952977286,0.1560412934223163,0.0815043040317468,0.1309213035358703,0.1423037581243229,0.5656840003560193,1.0526582202063892,-0.0257679822263142,-0.0219522452136742,-0.0099440388202142,-0.0048086018754123,1,1,1,1,1.672488447999967,0.6140325970000049,2.286521044999972,19.483410411000023,0.0706951969999636,high_noise_failure,mc_high_noise_failure_chunk03.csv
1.5,2.0,20300036,136,222.0,92.0,184.0,86.0,,0.7703254379734611,0.890758200258677,0.34375,0.5966386554621849,143,125,5,no_label_changes,0.6850582590149804,0.6741099686151151,0.6755389337855137,0.6830181998038188,0.1515962853515061,0.1546993868357404,0.1282595111166559,0.0748583839591032,0.1680892990361,0.1777968432614695,0.7358896837928399,1.1009763606726208,-0.0095193252294667,0.0014289651703985,-0.0233367742348502,-0.0264398757190844,1,0,1,1,1.595406869000044,0.7760004209999352,2.371407289999979,26.15422873,0.0705950400000574,high_noise_failure,mc_high_noise_failure_chunk03.csv
1.5,2.0,20300037,176,526.0,176.0,201.0,258.0,,0.7817562046420763,0.8668345394361058,0.2831858407079646,0.5232067510548523,113,124,2,no_label_changes,0.7146069866626108,0.728511562990246,0.7087772914465461,0.7089559459113867,0.1539884654367464,0.1609976575952167,0.1523261096700303,0.0635486489957585,0.1347444559990639,0.1197420108519455,0.5268248955777833,1.0039085863304318,-0.0058296952160646,-0.0197342715436998,-0.0016623557667161,-0.0086715479251864,1,1,1,1,1.4638105199999245,0.3827672009999787,1.8465777209999032,19.56443819399999,0.0713258640000731,high_noise_failure,mc_high_noise_failure_chunk03.csv
1.5,2.0,20300038,183,624.0,101.0,162.0,146.0,,0.8040149102347565,0.797921472505465,0.2300884955752212,0.1888412017167382,113,120,3,no_label_changes,0.7372925485510397,0.7280255482670868,0.7278646526783462,0.7299794404510014,0.1579107904963471,0.1538180488965536,0.1690676715333765,0.0568604344649334,0.132710142213599,0.1603046011199026,0.2182128799387772,1.0005892394459055,-0.0094278958726934,-0.0001608955887405,0.0111568810370294,0.0152496226368228,1,1,0,0,1.5635572539999885,0.4987843239999847,2.062341577999973,25.547429663999992,0.0704548129999693,high_noise_failure,mc_high_noise_failure_chunk03.csv
1.5,2.0,20300039,177,623.0,109.0,193.0,173.0,,0.7138260737826728,0.8612096068536026,0.0595744680851063,0.3544303797468354,122,124,10,no_label_changes,0.720306145754893,0.7214719128562896,0.7044184260405996,0.715889598926696,0.1570781554447049,0.1552442236554917,0.159123891742264,0.0718046514490996,0.1401801592255668,0.1474396429785048,0.4237598099106288,1.0483207868918718,-0.0158877197142934,-0.01705348681569,0.0020457362975591,0.0038796680867722,1,1,0,0,1.5373139280000032,1.364696434999928,2.902010362999931,19.274868506000075,0.0715313599999944,high_noise_failure,mc_high_noise_failure_chunk03.csv
1.5,2.0,20300040,172,549.0,109.0,210.0,172.0,,0.7492015332667454,0.83792351794809,0.1391304347826087,0.3770491803278688,117,131,5,global_objective_guard_rejected_sweep,0.7479559734956687,0.7456526638477335,0.7315509079902976,0.7319546211748778,0.1524009293430829,0.1531000371837034,0.1407926731338928,0.0516810444708904,0.1282925698607493,0.1297153917782124,0.4813278292411836,1.0730811631810333,-0.016405065505371,-0.0141017558574358,-0.01160825620919,-0.0123073640498106,1,1,1,1,2.8465441379999987,0.8754085820000057,3.721952720000005,24.33547809700002,0.0704348379999828,high_noise_failure,mc_high_noise_failure_chunk04.csv
1.5,2.0,20300041,132,330.0,64.0,165.0,84.0,,0.8700679479326697,0.9233379269068808,0.3508771929824561,0.6068376068376069,115,121,2,no_label_changes,0.7191497263388035,0.70206460366485,0.7196847502114264,0.7322454143883496,0.1503956795633622,0.1617097600032102,0.1203799975833019,0.0471875878747922,0.1726786750759844,0.1867541392020339,0.6750171576826196,1.035105015453109,0.0005350238726229,0.0176201465465764,-0.0300156819800603,-0.0413297624199082,0,0,1,1,1.4202289180000207,0.3799170019999849,1.8001459200000056,24.802271832999992,0.0703989939999871,high_noise_failure,mc_high_noise_failure_chunk04.csv
1.5,2.0,20300042,209,624.0,136.0,234.0,137.0,,0.7851210933403134,0.832914279091357,0.0695652173913043,0.2510822510822511,117,118,3,no_label_changes,0.732942411511536,0.7283560972486548,0.7136232598232405,0.7223655482032627,0.1475201916050203,0.1533259069973223,0.1376924342836674,0.0580153138851394,0.1196309680127774,0.1219611942321004,0.301427819245394,0.9353173481954268,-0.0193191516882955,-0.0147328374254143,-0.0098277573213528,-0.0156334727136548,1,1,1,1,1.5257103140000083,0.4954613050000205,2.021171619000029,24.004223500999984,0.0707076589999928,high_noise_failure,mc_high_noise_failure_chunk04.csv
1.5,2.0,20300043,169,193.0,137.0,86.0,131.0,,0.7225752210134866,0.8208505600675066,0.017391304347826,0.3275862068965516,117,119,3,no_label_changes,0.740329889122027,0.7204801763472766,0.7169261305198225,0.7128934146998362,0.1546292463894971,0.1528237029083724,0.1626413176114214,0.0513013049165888,0.133686061233485,0.1714432643300733,0.4050592156119956,1.0759345290947109,-0.0234037586022045,-0.0035540458274541,0.0080120712219242,0.0098176147030489,1,1,0,0,1.5344471319999968,0.4949008730000059,2.029348005000003,24.25090671000001,0.0706990789999792,high_noise_failure,mc_high_noise_failure_chunk04.csv
1.5,2.0,20300044,167,356.0,61.0,188.0,206.0,,0.771370295056644,0.8834138672375319,0.2938775510204081,0.4297520661157025,132,129,5,no_label_changes,0.7596794584256497,0.7386502315221837,0.7485343235383464,0.7577888839598682,0.1746200637382063,0.17363015100507,0.1332904048640071,0.0560589138566398,0.1165813174519759,0.1520520007794311,0.4423274246565401,0.9400553572899774,-0.0111451348873032,0.0098840920161626,-0.0413296588741992,-0.0403397461410629,1,0,1,1,1.5313148219999846,0.7598712840000132,2.291186105999998,24.762924757000008,0.0702001289999998,high_noise_failure,mc_high_noise_failure_chunk04.csv
1.5,2.0,20300045,132,622.0,85.0,50.0,115.0,,0.7990193024027673,0.8061111155761217,0.5263157894736842,0.5086206896551724,115,119,2,no_label_changes,0.728634100279012,0.6913375201209496,0.7229019871634909,0.7256224374537935,0.156051988725244,0.1637108989436536,0.1476592159329503,0.0688961738677519,0.1462896415442219,0.2149417278896108,0.539359445124385,0.9606726258855626,-0.0057321131155211,0.0315644670425412,-0.0083927727922936,-0.0160516830107033,1,0,1,1,1.4381488370000284,0.373425520000012,1.8115743570000404,24.61929993900003,0.0706958019999888,high_noise_failure,mc_high_noise_failure_chunk04.csv
1.5,2.0,20300046,239,624.0,149.0,276.0,247.0,,0.608027420728598,0.6663729033297374,0.0869565217391304,0.2835249042145593,140,148,3,no_label_changes,0.7739723679181516,0.7713531986790989,0.7614693098893106,0.7521526308576918,0.1585734210434347,0.1543253626523525,0.168464375152932,0.0385255761680358,0.1079484663667635,0.1116352986606923,0.3082735142063991,1.011455967338512,-0.0125030580288409,-0.0098838887897882,0.0098909541094973,0.0141390125005795,1,1,0,0,1.4658089750000158,0.5460360209999635,2.01184499599998,18.444496334000007,0.0736119349999739,high_noise_failure,mc_high_noise_failure_chunk04.csv
1.5,2.0,20300047,188,624.0,101.0,214.0,200.0,,0.7391631931051139,0.8078283218168207,0.1411764705882353,0.3684210526315789,142,153,4,no_label_changes,0.7886731564432953,0.7811120792248059,0.7754469559427137,0.7718157250737384,0.1777042207670105,0.1776508489655023,0.1507484738551184,0.0630269030350843,0.1064434996509297,0.1152230085820335,0.3847214861932497,0.9525407549884984,-0.0132262005005815,-0.0056651232820921,-0.0269557469118921,-0.0269023751103839,1,1,1,1,1.4191331369999602,0.6836924739999972,2.102825610999957,23.97058195900001,0.0703216800000063,high_noise_failure,mc_high_noise_failure_chunk04.csv
1.5,2.0,20300048,209,624.0,117.0,176.0,310.0,,0.7740943518189805,0.80709821135568,0.2248062015503876,0.3396226415094339,145,152,4,no_label_changes,0.7589878292416873,0.7546506626515104,0.7349873797262788,0.7421093286191218,0.1364045591076729,0.1380940013334259,0.1315987652222533,0.0424875994228977,0.1428614196285082,0.1508022372288948,0.4044856640745663,1.063499253809553,-0.0240004495154084,-0.0196632829252315,-0.0048057938854196,-0.0064952361111726,1,1,1,1,1.4905639049999877,0.6583632329999887,2.1489271379999764,18.66991163800003,0.07004399799996,high_noise_failure,mc_high_noise_failure_chunk04.csv
1.5,2.0,20300049,202,624.0,80.0,163.0,152.0,,0.6956741394784541,0.817131090175208,0.1078838174273858,0.3127572016460905,128,130,7,no_label_changes,0.7534999965827768,0.7333407840396965,0.7286465079664133,0.7234095139095864,0.1608189134139448,0.1563155275667817,0.1689572724923327,0.0544135661597528,0.1183835543526731,0.1385833326707954,0.3557521439672588,1.01819535282909,-0.0248534886163634,-0.0046942760732832,0.0081383590783879,0.012641744925551,1,1,0,0,1.5654949649999708,1.029672741000013,2.595167705999984,19.200943655000003,0.0705534879999731,high_noise_failure,mc_high_noise_failure_chunk04.csv
1.5,2.0,20300050,143,624.0,121.0,160.0,87.0,,0.7258855660416998,0.8263199169551549,0.2281368821292775,0.5239852398523984,150,158,4,global_objective_guard_rejected_sweep,0.7360492153789755,0.7253591896975693,0.7233757257027355,0.7191195257300989,0.1551080203243251,0.1567554657703992,0.1387456036101059,0.0701158145003655,0.156513735520335,0.1890100166578911,0.6858425317265165,1.1394858407871922,-0.01267348967624,-0.0019834639948338,-0.0163624167142192,-0.0180098621602933,1,1,1,1,2.0949936829999984,0.4828103199999987,2.577804002999997,17.137424307999993,0.0440804600000035,high_noise_failure,mc_high_noise_failure_chunk05.csv
1.5,2.0,20300051,186,186.0,159.0,238.0,198.0,,0.4511321255959769,0.6051489428223562,0.0,0.0588235294117647,144,159,7,no_label_changes,0.765230360172508,0.768649359946712,0.7582789808331507,0.7500283411537497,0.1727698367993952,0.1790283271025216,0.1968993692783038,0.0599906374575377,0.1154778811369344,0.1041862147434576,0.0686767968905072,0.9795276084281044,-0.0069513793393573,-0.0103703791135613,0.0241295324789086,0.0178710421757821,1,1,0,0,1.1353649590000003,0.7156749420000068,1.8510399010000071,13.567047697000008,0.0412897099999867,high_noise_failure,mc_high_noise_failure_chunk05.csv
1.5,2.0,20300052,164,224.0,111.0,100.0,190.0,,0.7997665701932033,0.8470636340940101,0.1680672268907563,0.3206751054852321,125,124,3,no_label_changes,0.761527323488075,0.7454666311206355,0.7308797246679808,0.735690188804515,0.1608806048365494,0.1603073037222543,0.1419903794471959,0.0484986868593863,0.1384603468020555,0.151298427089247,0.3986090996412836,1.0295672907808016,-0.0306475988200941,-0.0145869064526547,-0.0188902253893535,-0.0183169242750584,1,1,1,1,1.0199062519999984,0.3128664179999987,1.332772669999997,17.347699405,0.0411091360000028,high_noise_failure,mc_high_noise_failure_chunk05.csv
1.5,2.0,20300053,203,577.0,175.0,86.0,172.0,,0.7074764774632961,0.8131663802886454,0.0334728033472803,0.2583333333333333,126,127,4,global_objective_guard_rejected_sweep,0.7642735093427573,0.7464976476244939,0.7410949155664462,0.7491307415860179,0.1615222471851841,0.1593775468879649,0.1742565136280858,0.0471384054865772,0.1234335038652108,0.1547338203331136,0.2968518330729277,1.0286082951680982,-0.023178593776311,-0.0054027320580476,0.0127342664429017,0.0148789667401209,1,1,0,0,1.0609269690000076,0.4258537169999954,1.486780686000003,18.140109812999995,0.0412281890000088,high_noise_failure,mc_high_noise_failure_chunk05.csv
1.5,2.0,20300054,157,624.0,157.0,85.0,227.0,,0.7097104482385813,0.8197776771200208,0.05,0.3445378151260504,127,125,5,global_objective_guard_rejected_sweep,0.7361254268807801,0.7358600444150981,0.7375811590280231,0.7417848154913441,0.1682068549543017,0.1716478820375443,0.1634247269400542,0.0748769143086556,0.1279027602635418,0.1354855247480636,0.3763227253069169,0.9774831101233356,0.001455732147243,0.001721114612925,-0.0047821280142475,-0.0082231550974901,0,0,1,1,1.0653825299999935,0.5195336669999904,1.584916196999984,17.313834736000018,0.0413702619999867,high_noise_failure,mc_high_noise_failure_chunk05.csv
1.5,2.0,20300055,205,582.0,152.0,198.0,197.0,,0.6900426228304921,0.7248486041023646,0.2532751091703057,0.2689075630252101,116,125,2,no_label_changes,0.7488305221623052,0.7498471407568486,0.7329362345150832,0.7358778482726736,0.1506013376677335,0.1500359068799248,0.1908049103758714,0.042050921293446,0.1226523683226905,0.1185319466628764,0.3206165047871788,1.0131258454991598,-0.015894287647222,-0.0169109062417653,0.0402035727081379,0.0407690034959466,1,1,0,0,1.074584026000025,0.2384602699999902,1.3130442960000153,13.286041273999984,0.0414968999999985,high_noise_failure,mc_high_noise_failure_chunk05.csv
1.5,2.0,20300056,145,565.0,156.0,136.0,163.0,,0.8090771680001292,0.8781483303774805,0.4137931034482758,0.547008547008547,119,121,4,no_label_changes,0.7360627977231753,0.7472526853988473,0.730817627931982,0.7261571969011136,0.1719844198003208,0.1734578279479996,0.1350677899464598,0.0701998423630375,0.137820678606869,0.1306091493789266,0.5927194176676487,0.9651398101433382,-0.0052451697911932,-0.0164350574668652,-0.0369166298538609,-0.0383900380015397,1,1,1,1,1.0928795349999805,0.3760280649999856,1.468907599999966,13.291987235999985,0.0412042490000033,high_noise_failure,mc_high_noise_failure_chunk05.csv
1.5,2.0,20300057,192,620.0,107.0,243.0,152.0,,0.5792676121878028,0.7524328832379983,0.20817843866171,0.5808823529411764,156,159,6,no_label_changes,0.7887477347211148,0.779375033131735,0.7650180106829948,0.7575063408997527,0.1626784295384409,0.1642237917749613,0.1630691006798091,0.0460564999998952,0.1211335731683127,0.1444396001582467,0.6884798095307878,0.9949068319447804,-0.02372972403812,-0.0143570224487401,0.0003906711413682,-0.0011546910951521,1,1,0,1,1.0262488070000018,0.6002545180000141,1.6265033250000158,17.570835252999984,0.0419866229999854,high_noise_failure,mc_high_noise_failure_chunk05.csv
1.5,2.0,20300058,176,624.0,136.0,87.0,131.0,,0.8254126948950201,0.9161293722493844,0.2307692307692307,0.6129032258064516,121,135,4,no_label_changes,0.7529691110817858,0.7336351278210866,0.7124363586183091,0.7291737570899358,0.1562327930056258,0.1540876090874356,0.1065322495015937,0.0398351767967391,0.1231787166876036,0.1626162470722963,0.7510519879799886,0.9916462261521312,-0.0405327524634766,-0.0211987692027775,-0.049700543504032,-0.0475553595858418,1,1,1,1,1.027984788000026,0.3865317560000108,1.414516544000037,17.515034595000003,0.0414616200000068,high_noise_failure,mc_high_noise_failure_chunk05.csv
1.5,2.0,20300059,156,624.0,96.0,129.0,111.0,,0.7403607289064081,0.8318590884873308,0.0884955752212389,0.3304347826086957,113,117,3,no_label_changes,0.7483555870727295,0.7331306832486609,0.741666705366058,0.7333893015050483,0.153681122738622,0.1533349676039863,0.1579098209895926,0.0489139290833637,0.1377169730193382,0.1785296503663432,0.3564666690098754,1.015159556258956,-0.0066888817066714,0.0085360221173971,0.0042286982509705,0.0045748533856062,1,0,0,0,1.0001889289999897,0.3010422139999775,1.301231142999967,17.198190571999987,0.0417931499999895,high_noise_failure,mc_high_noise_failure_chunk05.csv
1.5,2.0,20300060,186,603.0,166.0,131.0,169.0,,0.8283730874889437,0.8681788189457917,0.2978723404255319,0.5583333333333333,122,127,2,no_label_changes,0.7467060909173366,0.7440484037949135,0.7205022880815095,0.7239850721245724,0.1510388864128883,0.1522210283736143,0.1166206435271492,0.0404058187987856,0.1153706503811513,0.1345527022244604,0.6608463817996157,1.010505356817701,-0.0262038028358271,-0.023546115713404,-0.034418242885739,-0.035600384846465,1,1,1,1,2.7043392249999982,0.3812271870000003,3.0855664119999986,21.924880406000007,0.0678412769999994,high_noise_failure,mc_high_noise_failure_chunk06.csv
1.5,2.0,20300061,194,623.0,146.0,146.0,119.0,,0.860181158735861,0.9308594406726846,0.2956521739130434,0.6160337552742616,117,124,3,no_label_changes,0.7915284645889512,0.7791868583957723,0.7701794353761138,0.7770118401597472,0.1847488160354491,0.1803138730393614,0.1223650295291286,0.0684324114198424,0.1083547858389762,0.1336320904107596,0.6069726912361685,0.9475371527570904,-0.0213490292128374,-0.0090074230196585,-0.0623837865063205,-0.0579488435102328,1,1,1,1,1.380063531999994,0.4759886289999997,1.8560521609999936,21.659354455,0.0652617370000001,high_noise_failure,mc_high_noise_failure_chunk06.csv
1.5,2.0,20300062,230,624.0,194.0,199.0,230.0,,0.7782050008322501,0.8930432236829577,0.2689075630252101,0.576271186440678,125,123,4,no_label_changes,0.8073193599575892,0.8093968204754091,0.7839702839524424,0.7852069727546659,0.178360469365209,0.1790909518839624,0.114646815804943,0.0666641870325541,0.1042928771075014,0.0961035618087476,0.5536834929118284,0.8674473801111509,-0.0233490760051467,-0.0254265365229666,-0.063713653560266,-0.0644441360790194,1,1,1,1,1.3901660309999926,0.6070862149999954,1.997252245999988,16.679732025000007,0.0643234430000063,high_noise_failure,mc_high_noise_failure_chunk06.csv
1.5,2.0,20300063,176,624.0,134.0,173.0,269.0,,0.838354822497392,0.9489864660355368,0.1864406779661017,0.6638297872340425,123,122,4,no_label_changes,0.709341571328925,0.7137474320337198,0.6801970741031116,0.6869891272394624,0.1564096657051844,0.1584281172339853,0.0985309355900455,0.0622085878565124,0.1267874160850153,0.1181729639842506,0.7540222613709562,1.016635578065168,-0.0291444972258133,-0.0335503579306082,-0.0578787301151388,-0.0598971816439397,1,1,1,1,1.300809333999993,0.5766040879999963,1.8774134219999892,16.853656111000006,0.0639180869999904,high_noise_failure,mc_high_noise_failure_chunk06.csv
1.5,2.0,20300064,172,624.0,89.0,191.0,170.0,,0.6402134135642714,0.7935719046738043,0.2151394422310757,0.392156862745098,138,142,8,no_label_changes,0.7507607218500588,0.7409179753514247,0.7245166710648002,0.728761627325639,0.145125187746888,0.140582171822126,0.1568053510628976,0.0455147788964626,0.1379239314938417,0.171193700785644,0.5416003520430583,1.0638105320693303,-0.0262440507852586,-0.0164013042866244,0.0116801633160095,0.0162231792407715,1,1,0,0,1.2748602849999884,1.145951076000017,2.420811361000005,22.007632962,0.0643396609999911,high_noise_failure,mc_high_noise_failure_chunk06.csv
1.5,2.0,20300065,174,624.0,89.0,206.0,273.0,,0.7727306357844868,0.8489680568770249,0.2136752136752137,0.4489795918367347,121,132,4,no_label_changes,0.791558488318721,0.7887018127843072,0.7749029940581739,0.7687081454446317,0.1608500561689156,0.158867600541473,0.1438094872581024,0.0651508601419941,0.1116166992820626,0.1328867277503595,0.5117731704557379,0.9976111910717768,-0.0166554942605471,-0.0137988187261333,-0.0170405689108132,-0.0150581132833706,1,1,1,1,1.413675588999979,0.597723445000014,2.011399033999993,27.843997770000016,0.0641934250000133,high_noise_failure,mc_high_noise_failure_chunk06.csv
1.5,2.0,20300066,176,378.0,37.0,101.0,286.0,,0.743037050908882,0.8396469598982237,0.1525423728813559,0.5833333333333334,123,127,7,no_label_changes,0.717207254797862,0.6585793626646809,0.6942084526242305,0.6919335421776706,0.1489126232852346,0.1679525519144135,0.1423320177920511,0.0656427651380256,0.1414907295083887,0.2613613085300056,0.7191578930352993,1.105899965368356,-0.0229988021736314,0.0356290899595496,-0.0065806054931835,-0.0256205341223624,1,0,1,1,1.2790674600000216,0.9541267170000084,2.23319417700003,26.87543651200002,0.0636757640000098,high_noise_failure,mc_high_noise_failure_chunk06.csv
1.5,2.0,20300067,184,622.0,191.0,136.0,240.0,,0.7794636914272138,0.8396992827040467,0.3809523809523809,0.4453781512605042,118,125,6,no_label_changes,0.75920864058086,0.7676656693441187,0.7348733172577468,0.7456298275580004,0.1598529112273918,0.1666168850607512,0.1371786973849217,0.0498876387722521,0.1258437894535816,0.1104876516171477,0.5061389298480695,0.9178031641332484,-0.0243353233231131,-0.0327923520863718,-0.02267421384247,-0.0294381876758295,1,1,1,1,1.288043459999983,0.806977264000011,2.095020723999994,16.77325678400001,0.0643400019999944,high_noise_failure,mc_high_noise_failure_chunk06.csv
1.5,2.0,20300068,225,624.0,71.0,202.0,152.0,,0.7717631268807311,0.8607302129175041,0.4279475982532751,0.396551724137931,116,119,4,global_objective_guard_rejected_sweep,0.7430022472555421,0.7215315270726201,0.7117294032974563,0.7209378824621093,0.171757117507235,0.1693098665608121,0.1447053628914742,0.0566864397983721,0.1035615254546126,0.1344021117768156,0.441665231431033,0.9857971514209488,-0.0312728439580858,-0.0098021237751638,-0.0270517546157607,-0.0246045036693378,1,1,1,1,1.305118096000001,0.6411138680000192,1.9462319640000203,26.84796862099998,0.0634473979999938,high_noise_failure,mc_high_noise_failure_chunk06.csv
1.5,2.0,20300069,196,537.0,172.0,223.0,167.0,,0.6164456852400967,0.7331648859310091,0.0178571428571428,0.2510121457489878,111,134,10,no_label_changes,0.7561136831289971,0.7584395318182293,0.7374241621870393,0.7291506913646664,0.1559383824385976,0.1576562565831155,0.2020556906035709,0.066918375224838,0.1296356418700004,0.1282536502522168,0.3455216456869903,1.129993121266788,-0.0186895209419577,-0.0210153696311899,0.0461173081649733,0.0443994340204553,1,1,0,0,1.2919161730000042,1.3539999150000313,2.6459160880000354,16.80528534800004,0.0642055750000167,high_noise_failure,mc_high_noise_failure_chunk06.csv
1.5,2.0,20300070,175,616.0,89.0,190.0,233.0,,0.6891672946308848,0.7202120985419536,0.043859649122807,0.1157024793388429,115,129,4,global_objective_guard_rejected_sweep,0.7371580595718408,0.7359491444541472,0.7278755232508455,0.7401983193137052,0.1629156922528582,0.1667408349297743,0.2152665955238549,0.0928002845369488,0.1479235715321322,0.1577583912559901,0.179539743278016,1.129493243042468,-0.0092825363209952,-0.0080736212033016,0.0523509032709966,0.0485257605940805,1,1,0,0,2.855834945999959,0.7618726809999998,3.617707626999959,19.008520433,0.0773236050000036,high_noise_failure,mc_high_noise_failure_chunk07.csv
1.5,2.0,20300071,177,624.0,114.0,101.0,237.0,,0.8410292204976076,0.9419393990777498,0.2943722943722944,0.6835443037974683,118,124,3,no_label_changes,0.724014572802527,0.7145370112506996,0.6949832348816537,0.706219633777291,0.1524476852711578,0.1513720533891411,0.1287001344575373,0.0741310035002554,0.130601110284739,0.1550835670508534,0.7731318048946142,1.082818787831947,-0.0290313379208733,-0.0195537763690458,-0.0237475508136204,-0.0226719189316038,1,1,1,1,1.5675934589999656,0.5738461349999966,2.141439593999962,24.751540798000008,0.0772978169999873,high_noise_failure,mc_high_noise_failure_chunk07.csv
1.5,2.0,20300072,174,620.0,123.0,189.0,151.0,,0.8128956080852746,0.8599321393476341,0.2566371681415929,0.4166666666666667,113,127,5,no_label_changes,0.74021577349997,0.7405632413343439,0.7068209742921028,0.7146700239537965,0.1525770706545636,0.1485746323291421,0.1602314463027847,0.0646553179245619,0.1298252463529476,0.1336552721506342,0.4511566559965557,1.042173646226375,-0.0333947992078672,-0.0337422670422411,0.007654375648221,0.0116568139736425,1,1,0,0,1.5556503409999891,0.7619389120000051,2.317589252999994,19.68658117199999,0.0715183859999797,high_noise_failure,mc_high_noise_failure_chunk07.csv
1.5,2.0,20300073,204,459.0,149.0,148.0,172.0,,0.7725260733575467,0.8523042869850594,0.1338912133891213,0.3902439024390244,126,133,2,no_label_changes,0.7875637690257978,0.782098588407631,0.7437458028744645,0.7523271988898934,0.1777976565006465,0.1732114682729061,0.1573575209640245,0.0693161596141854,0.1063528427418848,0.1124231055116786,0.4511538400660647,1.0032292494143804,-0.0438179661513333,-0.0383527855331665,-0.0204401355366219,-0.0158539473088815,1,1,1,1,1.5277683749999935,0.4030450879999989,1.930813462999993,25.12077885100001,0.0723834010000246,high_noise_failure,mc_high_noise_failure_chunk07.csv
1.5,2.0,20300074,209,624.0,137.0,89.0,196.0,,0.6974355294705088,0.8594002679927986,0.0267857142857142,0.4878048780487805,111,133,10,no_label_changes,0.7691787594237172,0.7474777901420127,0.7202851702934112,0.7250535070931325,0.1578133411943323,0.1543422468819258,0.1509327598565643,0.0615453433490386,0.1181746131043935,0.1425323248334507,0.5806097913702185,1.0416245331708416,-0.0488935891303059,-0.0271926198486014,-0.0068805813377679,-0.0034094870253615,1,1,1,1,1.604500389000009,1.4758994879999818,3.0803998769999907,24.82584096300002,0.0742098670000359,high_noise_failure,mc_high_noise_failure_chunk07.csv
1.5,2.0,20300075,160,177.0,93.0,208.0,163.0,,0.7776325907201661,0.9001102212870642,0.4170212765957446,0.6244725738396625,122,124,4,global_objective_guard_rejected_sweep,0.7397436746721163,0.7284368303808004,0.7070317868215097,0.7159613162081571,0.1398867231377788,0.1405052757830649,0.1152363433795791,0.0496367566559954,0.1491956492166113,0.1716167935842395,0.7741766423667626,1.1239006651756316,-0.0327118878506066,-0.0214050435592907,-0.0246503797581996,-0.0252689324034857,1,1,1,1,1.4983337009999786,0.7020157289999815,2.20034942999996,24.39729479300001,0.0715811809999991,high_noise_failure,mc_high_noise_failure_chunk07.csv
1.5,2.0,20300076,177,624.0,96.0,136.0,129.0,,0.7937399439153349,0.8968770281662518,0.0973451327433628,0.4489795918367347,113,132,4,no_label_changes,0.7547876586925021,0.7394886523076025,0.7123982756738931,0.7330256438793818,0.1406719243653428,0.134485048176919,0.1314490504376026,0.0442403188496102,0.1327196307962086,0.1699602525207523,0.5647656258361162,1.0723178399938202,-0.0423893830186089,-0.0270903766337093,-0.0092228739277402,-0.0030359977393163,1,1,1,1,1.5832583269999532,0.6360198600000331,2.2192781869999862,18.986712426,0.0726555640000015,high_noise_failure,mc_high_noise_failure_chunk07.csv
1.5,2.0,20300077,204,624.0,123.0,133.0,294.0,,0.7042686663330215,0.8439042252538118,0.1249999999999999,0.3375527426160337,111,124,6,no_label_changes,0.7649784319197817,0.7580069422148886,0.7408959294263034,0.7506057729785417,0.1609810201480534,0.163566672463423,0.1451906831930468,0.0462408553910445,0.1052384585255004,0.1168644024665506,0.3835362171955849,0.961628692830818,-0.0240825024934782,-0.0171110127885851,-0.0157903369550066,-0.0183759892703761,1,1,1,1,1.446527967999998,0.8901845110000295,2.3367124790000275,25.09282060700002,0.0708450590000211,high_noise_failure,mc_high_noise_failure_chunk07.csv
1.5,2.0,20300078,172,623.0,173.0,125.0,237.0,,0.7984080174421304,0.7794635006003728,0.4015748031496063,0.3282442748091603,141,149,3,no_label_changes,0.7462674271813652,0.7565217059357267,0.7460721507668274,0.7366456566942999,0.1684912886227009,0.1752315255488468,0.1623988736922797,0.0746431139182831,0.1282714545361152,0.1226409379791759,0.3465656328290757,1.024993234127483,-0.0001952764145377,-0.0104495551688992,-0.0060924149304211,-0.012832651856567,1,1,1,1,1.5117014180000297,0.5515046080000161,2.0632060260000458,19.032574523999983,0.0723080980000077,high_noise_failure,mc_high_noise_failure_chunk07.csv
1.5,2.0,20300079,160,624.0,89.0,194.0,203.0,,0.7349343532530739,0.8657366297368353,0.131578947368421,0.347457627118644,115,123,4,no_label_changes,0.7097889266149329,0.7051394888423546,0.6977890287422466,0.707115049967523,0.1597896168448198,0.1685200356811631,0.1470114251072559,0.0724467575440627,0.1418209780788605,0.1432955450368057,0.4344201404011524,1.0478947731179664,-0.0119998978726862,-0.0073504601001079,-0.0127781917375639,-0.0215086105739071,1,1,1,1,1.4737206400000105,0.6202682239999149,2.0939888639999253,24.814063154999985,0.0728639010000051,high_noise_failure,mc_high_noise_failure_chunk07.csv
1.5,2.0,20300080,177,513.0,177.0,221.0,177.0,,0.7486667523304493,0.8099584023375533,0.0680851063829787,0.3416666666666667,122,127,2,no_label_changes,0.7076389789522455,0.7150510396141035,0.6942153414170259,0.69986735432771,0.156267834775913,0.154475134721837,0.1706458834098484,0.0716443548784248,0.1465521036062353,0.1311604635348623,0.4691404977719096,1.093020568751709,-0.0134236375352195,-0.0208356981970776,0.0143780486339353,0.0161707486880114,1,1,0,0,3.121559359999992,0.4037745130000019,3.525333872999994,19.268604526999997,0.0758541790000038,high_noise_failure,mc_high_noise_failure_chunk08.csv
1.5,2.0,20300081,237,624.0,194.0,213.0,190.0,,0.7008787394259371,0.8174503877686429,0.0349344978165938,0.3416666666666667,116,127,5,no_label_changes,0.7720038178607183,0.7701063072901252,0.7419380898220248,0.7402121534453254,0.1539820305685598,0.1505032221940359,0.1521426800147518,0.0482118047139956,0.1096430582858865,0.1143688092779412,0.3997673300974885,1.027211511240948,-0.0300657280386934,-0.0281682174681003,-0.0018393505538079,0.0016394578207159,1,1,1,0,1.512491005000015,0.8689234450000072,2.3814144500000225,19.030567115000025,0.0712998150000032,high_noise_failure,mc_high_noise_failure_chunk08.csv
1.5,2.0,20300082,194,178.0,71.0,226.0,296.0,,0.7542762345971328,0.8525508550840566,0.0683760683760683,0.4873949579831932,121,125,3,no_label_changes,0.7859776404255906,0.7689390355879526,0.7673614227476604,0.7705283288925145,0.1561638544868947,0.1591913698750474,0.1309675618662981,0.0410000580151422,0.1157060121060924,0.1359294145750755,0.555225222207327,0.9919506693241268,-0.0186162176779302,-0.0015776128402922,-0.0251962926205965,-0.0282238080087492,1,1,1,1,1.6194891700000085,0.5163824489999911,2.135871619,24.854860505999994,0.0708665790000111,high_noise_failure,mc_high_noise_failure_chunk08.csv
1.5,2.0,20300083,144,624.0,89.0,155.0,96.0,,0.7030618466267482,0.7577556924744387,0.0423728813559322,0.2716049382716049,123,130,5,no_label_changes,0.7480613403728459,0.73316826159169,0.7463868458071492,0.7408353351184407,0.1540162567701125,0.1556462617451042,0.1774576050549475,0.0591810746014148,0.1516088430314141,0.1993200910661058,0.3585846869426232,1.088477736851088,-0.0016744945656966,0.0132185842154591,0.0234413482848349,0.0218113433098433,1,0,0,0,1.4890919630000212,0.7841434070000162,2.2732353700000374,19.411582088999975,0.0719553849999954,high_noise_failure,mc_high_noise_failure_chunk08.csv
1.5,2.0,20300084,139,142.0,112.0,133.0,184.0,,0.6963342835478737,0.7973422777976777,0.1558441558441558,0.5258620689655172,118,119,5,no_label_changes,0.718928324605986,0.7175241118815251,0.7225137687064171,0.7174676482073363,0.1664262886903201,0.1622406137164712,0.1728491693568363,0.0781111935770769,0.1363154984074097,0.1429706463926434,0.5395156880444595,0.955147060798565,0.0035854441004311,0.004989656824892,0.0064228806665161,0.010608555640365,0,0,0,0,1.5598682309999958,0.7867150859999867,2.3465833169999826,24.71055031399999,0.0701303529999961,high_noise_failure,mc_high_noise_failure_chunk08.csv
1.5,2.0,20300085,212,624.0,137.0,217.0,236.0,,0.8379983307396685,0.8861101179921204,0.3391304347826086,0.4841269841269841,117,139,5,no_label_changes,0.7678301157067842,0.770320624128069,0.7271165069552927,0.7448841618854651,0.1648027520882916,0.1636694544613785,0.146000413101163,0.0557731672147855,0.1162068854322711,0.1164981245435941,0.5721766493291536,1.0117179437105537,-0.0407136087514914,-0.0432041171727762,-0.0188023389871286,-0.0176690413602155,1,1,1,1,1.44423705600002,0.7775259960000085,2.2217630520000284,24.944254787999995,0.0715628380000055,high_noise_failure,mc_high_noise_failure_chunk08.csv
1.5,2.0,20300086,228,622.0,111.0,219.0,232.0,,0.7268565856076902,0.8503450050781272,0.0236220472440944,0.493723849372385,141,126,9,no_label_changes,0.7719493830048119,0.7616526948230491,0.7374559390624345,0.7434520107193183,0.1777153409795863,0.1740569572006978,0.156610141845385,0.0780850008789417,0.0972560700182438,0.1117546506694974,0.5086675710095113,0.9967369722546804,-0.0344934439423774,-0.0241967557606146,-0.0211051991342013,-0.0174468153553128,1,1,1,1,1.494212599999969,1.2598580890000337,2.7540706890000024,18.647181184000036,0.0698896730000342,high_noise_failure,mc_high_noise_failure_chunk08.csv
1.5,2.0,20300087,169,624.0,120.0,181.0,252.0,,0.8079710043597077,0.907978142716143,0.4244897959183674,0.5064377682403434,132,120,5,no_label_changes,0.7555930405661767,0.767106655250485,0.7398093721815205,0.7448408552163459,0.1762256049876726,0.1755672649613179,0.1329017450888402,0.0755331012337988,0.1329733349515486,0.1222629784230912,0.5174786102752448,0.9483116117631792,-0.0157836683846561,-0.0272972830689645,-0.0433238598988323,-0.0426655198724777,1,1,1,1,1.546355951999999,0.7471668109999996,2.2935227629999986,24.95352010800002,0.0706023410000398,high_noise_failure,mc_high_noise_failure_chunk08.csv
1.5,2.0,20300088,171,197.0,147.0,177.0,133.0,,0.7987301548793952,0.8658197810158259,0.1136363636363636,0.4671532846715328,151,161,5,no_label_changes,0.742341290492878,0.7401093753479856,0.7352008624864025,0.7411343199122962,0.1534535618609719,0.1559642466761281,0.120862484448158,0.0454381678280305,0.1475012646567485,0.1462999868527536,0.5518917750321993,1.0279084560032337,-0.0071404280064755,-0.0049085128615831,-0.0325910774128138,-0.0351017622279701,1,1,1,1,1.5825908719999688,0.8205181440000047,2.403109015999973,18.879896340000016,0.075194611000029,high_noise_failure,mc_high_noise_failure_chunk08.csv
1.5,2.0,20300089,126,624.0,89.0,103.0,203.0,,0.7555625908545676,0.8290991845815202,0.1757322175732217,0.4351464435146444,126,126,4,no_label_changes,0.7293185115389524,0.7267192001517457,0.7399376037895161,0.7377031380645543,0.1637646560353185,0.1682871784944262,0.1576261864902151,0.0512296934245011,0.1496924454319789,0.1547653490929152,0.4733766048283291,1.0047698307943869,0.0106190922505636,0.0132184036377703,-0.0061384695451034,-0.010660992004211,0,0,1,1,1.552746214000024,0.6393176870000161,2.19206390100004,24.501342289999968,0.0704755099999943,high_noise_failure,mc_high_noise_failure_chunk08.csv
1.5,2.0,20300090,198,624.0,101.0,147.0,223.0,,0.8445779669354808,0.960283543022671,0.3817427385892116,0.8086956521739128,128,117,3,global_objective_guard_rejected_sweep,0.7570577918464688,0.7513363257388911,0.7203947473401308,0.7182945765402274,0.1734205097956986,0.1671592460592882,0.0962711553690508,0.0500982741670955,0.1006891686202357,0.1167905410391551,0.7978595317315664,0.993003222407152,-0.036663044506338,-0.0309415783987603,-0.0771493544266478,-0.0708880906902374,1,1,1,1,2.9497874209999964,0.5830147889999893,3.5328022099999856,18.73422174599999,0.0728242090000037,high_noise_failure,mc_high_noise_failure_chunk09.csv
1.5,2.0,20300091,153,387.0,125.0,228.0,216.0,,0.6633921407771537,0.7187659577834723,0.0686695278969957,0.1999999999999999,120,117,6,no_label_changes,0.7490775050064787,0.7613644578145891,0.7653567594615556,0.7423259178581681,0.172501201275515,0.1713198751631829,0.1856766670578682,0.0662047378388439,0.1227688148789745,0.1167515027790123,0.249395378566676,1.020341943712204,0.0162792544550768,0.0039923016469665,0.0131754657823532,0.0143567918946853,0,0,0,0,1.4761023770000037,0.910414161999995,2.3865165389999987,24.781074851,0.0731867220000026,high_noise_failure,mc_high_noise_failure_chunk09.csv
1.5,2.0,20300092,177,492.0,172.0,109.0,187.0,,0.7034003207203515,0.8510510465016147,0.314410480349345,0.4453781512605042,116,125,7,global_objective_guard_rejected_sweep,0.7318180803373266,0.7278229786932116,0.70613959770166,0.7140102845228681,0.1560204671409573,0.1536378305790622,0.1477052166477244,0.0505855489588988,0.1284667336729951,0.1320672062045718,0.5093249753284124,1.0042179850671693,-0.0256784826356666,-0.0216833809915515,-0.0083152504932328,-0.0059326139313377,1,1,1,1,1.5455872130000046,1.1001285379999928,2.6457157509999973,24.880240167999983,0.0720119540000041,high_noise_failure,mc_high_noise_failure_chunk09.csv
1.5,2.0,20300093,213,624.0,135.0,191.0,89.0,,0.8328429091847361,0.9445218971818752,0.1696428571428571,0.6581196581196581,111,121,3,no_label_changes,0.7514532641631894,0.727864966181563,0.7005210220684317,0.708520611068521,0.1474621680723541,0.1479003661163888,0.1077852441449407,0.0538166086559298,0.125454538050701,0.1625284922582,0.7712085753219106,1.1010871584961626,-0.0509322420947576,-0.0273439441131313,-0.0396769239274134,-0.040115121971448,1,1,1,1,1.42659689300001,0.5049582880000116,1.931555181000021,24.259146929,0.0722988180000072,high_noise_failure,mc_high_noise_failure_chunk09.csv
1.5,2.0,20300094,167,374.0,129.0,136.0,171.0,,0.8238340111994863,0.8236611947899489,0.3876651982378854,0.3489361702127659,114,122,5,no_label_changes,0.7426319061217584,0.7432200574257053,0.7345275908778187,0.740070862186788,0.170127513765012,0.1726733081529898,0.1756847905336062,0.0871654144428032,0.1296518337830037,0.1285282424533403,0.3797780008905955,0.9631581674308134,-0.0081043152439397,-0.0086924665478865,0.0055572767685942,0.0030114823806164,1,1,0,0,1.5556009569999958,0.7636209519999966,2.3192219089999924,19.16528925900002,0.0718637630000103,high_noise_failure,mc_high_noise_failure_chunk09.csv
1.5,2.0,20300095,205,206.0,142.0,261.0,231.0,,0.7280103803963055,0.739668115864933,0.3371647509578544,0.2897526501766784,148,170,5,no_label_changes,0.7394889753124861,0.7362859319069924,0.7137362780951134,0.719259750689854,0.1634148523812451,0.1647058584064662,0.1606192800536557,0.0665556315014667,0.1064187788608246,0.1073926809062462,0.3051716549119096,0.9246294901695904,-0.0257526972173727,-0.022549653811879,-0.0027955723275894,-0.0040865783528104,1,1,1,1,1.456667058999983,0.895291909000008,2.351958967999991,18.984796797,0.072351980999997,high_noise_failure,mc_high_noise_failure_chunk09.csv
1.5,2.0,20300096,216,624.0,173.0,146.0,248.0,,0.8395059004166844,0.9434861105564544,0.329004329004329,0.6752136752136753,118,121,7,no_label_changes,0.7599447248881726,0.7570830216736847,0.722209193589603,0.7325477674225291,0.15785838394125,0.1575437178043821,0.1029437922382937,0.0553306513005663,0.1111519648937261,0.1191782508585986,0.777216546341154,1.0514894940872466,-0.0377355312985695,-0.0348738280840816,-0.0549145917029563,-0.0545999255660884,1,1,1,1,1.4086038089999988,0.9789250100000118,2.3875288190000106,24.36093243900001,0.0724342859999751,high_noise_failure,mc_high_noise_failure_chunk09.csv
1.5,2.0,20300097,188,612.0,85.0,146.0,174.0,,0.8620845392217038,0.8878502406546688,0.4188034188034187,0.5726495726495728,121,121,4,no_label_changes,0.7382089832718265,0.7253997867234525,0.7206185634716195,0.7242642002798091,0.1663369202666084,0.164017815212343,0.1412148383213984,0.0721845457479949,0.1340157486345938,0.1378876495347363,0.642525600776196,1.0273961738374833,-0.017590419800207,-0.004781223251833,-0.02512208194521,-0.0228029768909446,1,1,1,1,1.5376889280000228,0.6192293759999927,2.1569183040000155,18.930454965,0.0719631770000148,high_noise_failure,mc_high_noise_failure_chunk09.csv
1.5,2.0,20300098,171,620.0,85.0,136.0,167.0,,0.9035816396660096,0.9391544634114644,0.6200873362445414,0.7088607594936708,116,124,4,no_label_changes,0.7445684495537008,0.7309853358211961,0.7222196704891045,0.736334798301101,0.1565920383764632,0.1544323012556921,0.1031461573476956,0.049706091380183,0.1230133260029785,0.153840298616576,0.8218802072157034,1.0414603177805692,-0.0223487790645963,-0.0087656653320915,-0.0534458810287676,-0.0512861439079964,1,1,1,1,1.5533939099999827,0.6340983979999919,2.187492307999974,24.16170592000003,0.0729117029999883,high_noise_failure,mc_high_noise_failure_chunk09.csv
1.5,2.0,20300099,184,623.0,82.0,253.0,192.0,,0.6117699860440862,0.7039441034869688,0.2661596958174905,0.3037037037037037,150,157,4,no_label_changes,0.7319234501243371,0.7273662751553931,0.7200104239126347,0.7226076963961291,0.1618815205575203,0.1629474961241904,0.1664917812052377,0.0648558646117776,0.1363185599641734,0.1533174753806001,0.360458843030989,0.9897624167854036,-0.0119130262117024,-0.0073558512427583,0.0046102606477173,0.0035442850810472,1,1,0,0,1.43043979600003,0.6912409920000187,2.121680788000049,18.874951364000022,0.0715055050000046,high_noise_failure,mc_high_noise_failure_chunk09.csv
1.0,0.75,20300000,88,297.0,47.0,69.0,144.0,,0.7465897298600984,0.9382083294017912,0.0991735537190082,0.62882096069869,129,116,5,no_label_changes,0.5003240381212289,0.4850782714492745,0.474482047474873,0.4761189539995021,0.1653433819187563,0.1561416298430735,0.1057536066388847,0.0558204388974134,0.1612028646232683,0.2091421661939518,0.707341388285776,1.0221246660356371,-0.0258419906463559,-0.0105962239744015,-0.0595897752798716,-0.0503880232041887,1,1,1,1,2.8257536320000014,0.7842178809999965,3.609971512999998,24.598680497000004,0.0719842889999995,moderate,mc_moderate_chunk00.csv
1.0,0.75,20300001,89,152.0,58.0,58.0,97.0,,0.8582546884785042,0.9820732442719882,0.3130434782608695,0.8810572687224669,117,114,2,no_label_changes,0.4921236350154819,0.4782248125220576,0.4847231567694763,0.4847753698064537,0.1719226263011766,0.1739158460973918,0.0775674841072992,0.0512983766262353,0.1722605754586878,0.1890687757420876,0.8876183211486707,0.9964006965438093,-0.0074004782460056,0.0064983442474186,-0.0943551421938774,-0.0963483619900926,1,0,1,1,1.4576505089999898,0.3716420540000058,1.829292562999996,24.14873915,0.0721597220000092,moderate,mc_moderate_chunk00.csv
1.0,0.75,20300002,123,622.0,63.0,111.0,133.0,,0.8025040188272698,0.866168115784048,0.0616740088105726,0.4695652173913044,114,117,5,no_label_changes,0.5111795994415584,0.5011844565563771,0.524015615317499,0.4906174745548336,0.1788944478005032,0.1711874516826971,0.1583299683632874,0.0446519473968515,0.1509834355677584,0.1717253559119485,0.4980769884926702,0.9993451465059596,0.0128360158759405,0.0228311587611218,-0.0205644794372158,-0.0128574833194097,0,0,1,1,1.420824624000005,0.7307062290000061,2.1515308530000112,19.023132526,0.0708778469999913,moderate,mc_moderate_chunk00.csv
1.0,0.75,20300003,101,624.0,69.0,79.0,79.0,,0.7845663084881599,0.918495871282106,0.0865800865800865,0.6812227074235808,118,116,5,no_label_changes,0.5163106116341853,0.5013187109542407,0.4994768412331506,0.4975412427501905,0.1684617004983247,0.1579991852826792,0.1151091482262623,0.0366175230977299,0.1731974463663361,0.2034606679955127,0.7246880303765072,1.0042827889123933,-0.0168337704010346,-0.00184186972109,-0.0533525522720623,-0.0428900370564168,1,1,1,1,1.470875193000012,0.7309069920000013,2.201782185000013,24.352998359,0.0711481829999911,moderate,mc_moderate_chunk00.csv
1.0,0.75,20300004,101,624.0,73.0,68.0,101.0,,0.7717599858989168,0.8705844594245649,0.3259259259259259,0.5714285714285714,157,160,3,no_label_changes,0.4855704423205887,0.4787966207737317,0.4782829207137378,0.4724002069842786,0.1591273506910086,0.1529227131140898,0.1268976864312861,0.0403414701163773,0.1627007765785474,0.1808786596278105,0.6772031828453603,1.0099755242111383,-0.0072875216068509,-0.0005137000599939,-0.0322296642597225,-0.0260250266828037,1,1,1,1,1.4455659529999991,0.5413012870000102,1.9868672400000091,18.66913332300001,0.0712790449999829,moderate,mc_moderate_chunk00.csv
1.0,0.75,20300005,100,624.0,50.0,63.0,96.0,,0.8720652979192267,0.9436400230013782,0.3529411764705883,0.6923076923076923,125,121,2,no_label_changes,0.4864296760715653,0.4690837041032831,0.4697889819683391,0.4718208522048957,0.1599978890261874,0.1563929192327203,0.093394021980771,0.0257104807582029,0.156139888878544,0.1792770805389404,0.7141274584620009,0.9798364514408648,-0.0166406941032261,0.000705277865056,-0.0666038670454164,-0.0629988972519492,1,0,1,1,1.478010834999992,0.380408937999988,1.85841977299998,24.112444538000005,0.0720011349999936,moderate,mc_moderate_chunk00.csv
1.0,0.75,20300006,126,274.0,47.0,129.0,69.0,,0.8069966084622388,0.9005319167868391,0.3056768558951964,0.6329113924050633,116,124,7,no_label_changes,0.5402231505542568,0.5055941790095098,0.505050362660627,0.5073263953811169,0.1676400646826486,0.1634255776475113,0.1354878491829582,0.0396868046428264,0.1528265523552371,0.2095193738942121,0.7022824242650798,0.9923509092611712,-0.0351727878936298,-0.0005438163488827,-0.0321522154996903,-0.027937728464553,1,1,1,1,1.5263467540000022,0.9823104339999986,2.508657188000001,30.624674215,0.0715586280000195,moderate,mc_moderate_chunk00.csv
1.0,0.75,20300007,97,120.0,55.0,152.0,61.0,,0.8276679404586984,0.9627901831540716,0.2042553191489361,0.7598253275109169,122,116,5,no_label_changes,0.5183503124045814,0.5006991974394289,0.5017422568332948,0.5003537852454779,0.159222344720338,0.1641197852577483,0.08523803883291,0.0412215880058522,0.1776629275071626,0.1974339588896975,0.8075792692193123,1.0127197908278462,-0.0166080555712866,0.0010430593938658,-0.073984305887428,-0.0788817464248383,1,0,1,1,1.5269505249999895,0.7114988699999856,2.238449394999975,23.94173903700002,0.0710005169999874,moderate,mc_moderate_chunk00.csv
1.0,0.75,20300008,132,624.0,65.0,88.0,135.0,,0.7831395489640978,0.9434186485233432,0.0858369098712446,0.7931034482758621,120,119,5,no_label_changes,0.5007428691581678,0.4840895719854314,0.4673400322158689,0.4637168504545784,0.160034721112106,0.151135908418523,0.0934564398531603,0.0283798134848975,0.152764699572837,0.1854976002890104,0.8396274919268513,1.0279009882462962,-0.0334028369422988,-0.0167495397695625,-0.0665782812589456,-0.0576794685653626,1,1,1,1,1.4167128079999998,0.728682311,2.145395119,31.15321709699998,0.0718026220000069,moderate,mc_moderate_chunk00.csv
1.0,0.75,20300009,92,227.0,61.0,85.0,135.0,,0.8423520277846551,0.9850991410967552,0.2638297872340426,0.912280701754386,122,115,3,no_label_changes,0.5037771087116095,0.5021396580178739,0.5089718462525054,0.5098979799210448,0.1677508950658386,0.1670648568446174,0.062440078123706,0.0463608176597685,0.1677626609062874,0.1730168506752848,0.8729557663192558,0.9384896061005856,0.0051947375408958,0.0068321882346314,-0.1053108169421326,-0.1046247787209113,0,0,1,1,1.4161014360000197,0.482239619999973,1.8983410559999925,25.12040406799997,0.0706571579999604,moderate,mc_moderate_chunk00.csv
1.0,0.75,20300010,144,624.0,58.0,45.0,134.0,,0.7602343153119911,0.8602477660407051,0.1974248927038626,0.540084388185654,120,124,4,no_label_changes,0.5456043332489893,0.4989823255268802,0.5238318519881551,0.5172080601036615,0.1864531460485319,0.1837973007698239,0.1663702086592177,0.0536604119038208,0.1217185785784424,0.184888820006866,0.5127628402010981,0.9187697795105996,-0.0217724812608341,0.0248495264612748,-0.0200829373893141,-0.0174270921106061,1,0,1,1,1.932973928000003,0.4013865960000018,2.3343605240000045,23.600189578999995,0.0463886210000055,moderate,mc_moderate_chunk01.csv
1.0,0.75,20300011,101,409.0,93.0,85.0,149.0,,0.7673511301479088,0.9830829442044976,0.1709401709401709,0.8908296943231441,121,116,9,no_label_changes,0.4795506083305595,0.4901128839470541,0.4532837544083228,0.4555009307415794,0.1487815566914566,0.1492415395727195,0.0682792244448679,0.0395149754135028,0.1741266746263914,0.1701317331192402,0.9670659503407664,1.063461064842403,-0.0262668539222367,-0.0368291295387313,-0.0805023322465886,-0.0809623151278515,1,1,1,1,0.9136394880000012,0.7319184880000051,1.6455579760000063,15.861400318999998,0.0417232199999944,moderate,mc_moderate_chunk01.csv
1.0,0.75,20300012,101,623.0,51.0,101.0,120.0,,0.8322271432565722,0.9184796433731393,0.3304347826086957,0.6519823788546256,117,114,3,no_label_changes,0.5014611291461581,0.495322939042667,0.5035691358839081,0.4982519505281343,0.1613464291763611,0.1626813850995468,0.1400141773093009,0.0367207523404844,0.1803565278898373,0.1999819522778428,0.6602732323355136,1.0053568043506476,0.0021080067377499,0.008246196841241,-0.0213322518670602,-0.0226672077902459,0,0,1,1,0.959516769000004,0.2991919650000056,1.2587087340000096,12.227122941999994,0.0413848720000089,moderate,mc_moderate_chunk01.csv
1.0,0.75,20300013,121,97.0,89.0,101.0,96.0,,0.8294510890997772,0.9448335809523644,0.2882882882882883,0.7136563876651983,109,114,4,no_label_changes,0.4980396221454237,0.4834366402246975,0.4726716634657719,0.4720971270098657,0.1582095652030546,0.1558656101100039,0.1133663018777604,0.0380967656483545,0.1644086516386377,0.1787272443332823,0.7124571998268218,1.0148573559080205,-0.0253679586796518,-0.0107649767589256,-0.0448432633252941,-0.0424993082322434,1,1,1,1,0.9546124789999908,0.3666899069999942,1.321302385999985,12.411761473,0.0415359950000038,moderate,mc_moderate_chunk01.csv
1.0,0.75,20300014,96,563.0,56.0,76.0,86.0,,0.9319092801748836,0.9807326680768328,0.6026200873362445,0.8782608695652174,116,117,3,no_label_changes,0.4887978030782736,0.4836567290348343,0.4753184314016946,0.4783800641685143,0.1563347510148998,0.1573266745211838,0.0783855068728413,0.0356982550891518,0.1697220019487465,0.178530388800469,0.8775150534560429,0.9880616528363142,-0.0134793716765789,-0.0083382976331396,-0.0779492441420585,-0.0789411676483424,1,1,1,1,0.9582643239999982,0.303625457999999,1.2618897819999972,12.307689205999992,0.0414309650000035,moderate,mc_moderate_chunk01.csv
1.0,0.75,20300015,134,624.0,76.0,64.0,97.0,,0.6857229191169155,0.8283455014561432,0.0178571428571428,0.4017467248908297,111,116,5,no_label_changes,0.5096078691651301,0.4875958016570959,0.486701801312223,0.4710796582585247,0.1749131549544459,0.1627894677481893,0.1924981938764214,0.0435915315591589,0.1403037552748115,0.1815524351596342,0.378174042268883,0.9607931633656908,-0.022906067852907,-0.0008940003448728,0.0175850389219754,0.029708726128232,1,1,0,0,1.0166545969999845,0.4584562050000045,1.475110801999989,15.935802977999998,0.042197275999996,moderate,mc_moderate_chunk01.csv
1.0,0.75,20300016,101,624.0,73.0,73.0,53.0,,0.8124166307378574,0.9252778507470124,0.1038961038961038,0.6403508771929824,118,115,3,no_label_changes,0.4991500027454237,0.4826510134919923,0.4956122972588831,0.4904671832983269,0.1775813249150279,0.1808955639488278,0.1361457914544592,0.0506049131872365,0.1669921089147398,0.18167533387467,0.6313092262780291,1.0056957917270652,-0.0035377054865405,0.0129612837668908,-0.0414355334605686,-0.0447497724943685,1,0,1,1,0.9452252069999928,0.2994728779999889,1.2446980849999818,15.885569583999995,0.0415405440000142,moderate,mc_moderate_chunk01.csv
1.0,0.75,20300017,117,617.0,56.0,58.0,152.0,,0.8684845982691232,0.915063367759146,0.4736842105263158,0.6842105263157895,115,115,2,no_label_changes,0.4884247540378635,0.4708024125601701,0.4751186421964786,0.4627311055959946,0.1577075933681297,0.1484019249368892,0.1515821249329242,0.04287984426877,0.1742336274982123,0.211637054497361,0.6983606334059309,1.0389223387779691,-0.0133061118413848,0.0043162296363085,-0.0061254684352055,0.0031801999960349,1,0,1,0,1.013443811000002,0.2242124070000102,1.237656218000012,15.870161792000005,0.041682733000016,moderate,mc_moderate_chunk01.csv
1.0,0.75,20300018,137,613.0,87.0,149.0,89.0,,0.7912699870492425,0.9519275782847608,0.1908713692946058,0.7186147186147187,128,118,14,no_label_changes,0.5303378028986585,0.524792311737037,0.5014940978648271,0.5060302242145519,0.1780087232679621,0.1740030154407205,0.1011392828965418,0.0411986191620785,0.1395282211468727,0.1479266271798025,0.7844600639243572,1.0361738537302307,-0.0288437050338313,-0.0232982138722098,-0.0768694403714202,-0.0728637325441786,1,1,1,1,1.0047001939999802,1.0989585629999965,2.1036587569999767,16.101364340000003,0.0415876759999775,moderate,mc_moderate_chunk01.csv
1.0,0.75,20300019,89,624.0,42.0,45.0,89.0,,0.8780551169878448,0.981124937846604,0.4377682403433476,0.8908296943231441,120,116,3,no_label_changes,0.5239658654156492,0.4861985339352911,0.5072719057923503,0.50835611830189,0.166413025981137,0.1644251952866969,0.0659579274163171,0.0445331089606891,0.178814667203174,0.231779469468685,0.9183005697966726,1.0190795682615623,-0.0166939596232988,0.0210733718570591,-0.1004550985648199,-0.0984672678703798,1,0,1,1,0.9295751020000012,0.2967457000000024,1.2263208020000036,16.11183566699998,0.0417210969999928,moderate,mc_moderate_chunk01.csv
1.0,0.75,20300020,97,624.0,61.0,101.0,90.0,,0.8798812824068992,0.9260708328179376,0.4242424242424242,0.6,118,117,3,no_label_changes,0.5010530798715669,0.4951072080380476,0.4840440452240708,0.4842943050003744,0.1599391962829882,0.1598220631442019,0.1169095846898234,0.0386165423648946,0.1808433286182802,0.1863005944644033,0.6436034491725381,0.960429929268246,-0.017009034647496,-0.0110631628139768,-0.0430296115931648,-0.0429124784543785,1,1,1,1,2.6816932159999998,0.409617757999996,3.0913109739999958,16.378009538,0.0546528229999978,moderate,mc_moderate_chunk02.csv
1.0,0.75,20300021,136,207.0,42.0,129.0,136.0,,0.7733869731519615,0.9622352102390692,0.1578947368421052,0.788135593220339,115,123,7,no_label_changes,0.5388885791694656,0.5098363178407472,0.4878282146032405,0.4961733901780155,0.1721399066847624,0.1625175884599412,0.0926979076919233,0.0406430842246803,0.1410309151369841,0.2029882566294319,0.8167674781919199,0.9822141653332518,-0.051060364566225,-0.0220081032375066,-0.0794419989928391,-0.0698196807680179,1,1,1,1,1.396103955000001,0.7951802850000007,2.1912842400000017,16.519530192000005,0.0551109799999949,moderate,mc_moderate_chunk02.csv
1.0,0.75,20300022,100,569.0,97.0,88.0,79.0,,0.7115915353914146,0.9100936605922764,0.1181434599156118,0.6724137931034482,124,119,5,no_label_changes,0.4926844946249736,0.4897093338952468,0.4854978993313701,0.486097125614569,0.1555237601556239,0.1508289847677634,0.1538702283454383,0.0377699108825167,0.1804603280656705,0.1925192091318396,0.692505156643452,1.0457319901724411,-0.0071865952936034,-0.0042114345638766,-0.0016535318101855,0.0030412435776749,1,1,1,0,1.2808842029999994,0.5974059190000105,1.8782901220000097,16.52670642999999,0.0545500350000054,moderate,mc_moderate_chunk02.csv
1.0,0.75,20300023,123,624.0,35.0,26.0,123.0,,0.8631178150848292,0.9462488747190904,0.2212389380530973,0.6810344827586208,113,119,3,no_label_changes,0.5222378727758594,0.4465037019418376,0.4933187448428389,0.4970505661366057,0.1560532473926455,0.1664473668624614,0.098028992420446,0.0329915101578173,0.1725989075758065,0.2618365908081119,0.7338223434174646,1.0088648050230922,-0.0289191279330204,0.0468150429010013,-0.0580242549721994,-0.0684183744420154,1,0,1,1,1.283534087999996,0.3857688840000008,1.669302971999997,26.831034453,0.0616686119999911,moderate,mc_moderate_chunk02.csv
1.0,0.75,20300024,109,611.0,61.0,88.0,86.0,,0.7654983254906238,0.8903496758697301,0.2638297872340426,0.7148936170212765,122,122,4,no_label_changes,0.5128993446745639,0.4964403883425367,0.5019670303873689,0.4939737112181586,0.1686832686168517,0.1574281210938987,0.1168855262354261,0.0405035797868022,0.1520913629243572,0.1982101420542431,0.7348787664409435,0.9667312617263067,-0.0109323142871949,0.0055266420448322,-0.0517977423814255,-0.0405425948584726,1,0,1,1,1.3849520770000083,0.4877481489999979,1.8727002260000063,21.673201042999978,0.0543304120000129,moderate,mc_moderate_chunk02.csv
1.0,0.75,20300025,139,289.0,75.0,101.0,129.0,,0.7981879711874248,0.9732440048425518,0.3102040816326531,0.8658008658008658,132,118,6,no_label_changes,0.5716297955904381,0.5532288784879345,0.5356402539849264,0.5379469401713886,0.2005307777323791,0.1818162590941688,0.0889564797615119,0.066983931302164,0.1209942053126588,0.1606218666191054,0.8828861166362756,0.9976266637537397,-0.0359895416055117,-0.017588624503008,-0.1115742979708672,-0.0928597793326569,1,1,1,1,1.404562004000013,0.6780403260000014,2.0826023300000145,26.19672184300001,0.0543694170000037,moderate,mc_moderate_chunk02.csv
1.0,0.75,20300026,88,534.0,29.0,81.0,114.0,,0.8265503638923705,0.9820732442719882,0.3261802575107296,0.8810572687224669,120,114,5,no_label_changes,0.5053048137739311,0.4735082251203825,0.4960707166277927,0.4979800820853235,0.1705801236391734,0.1698520830328732,0.0661929146106776,0.0262337224944235,0.1647554930616906,0.2344381591007469,0.8708647288328412,0.9757383872256764,-0.0092340971461383,0.0225624915074102,-0.1043872090284957,-0.1036591684221956,1,0,1,1,1.2834857940000006,0.5732548320000035,1.856740626000004,26.108523244,0.055053464999986,moderate,mc_moderate_chunk02.csv
1.0,0.75,20300027,137,624.0,38.0,56.0,149.0,,0.7924886141644326,0.9355788063956268,0.1739130434782608,0.7753303964757708,117,114,3,no_label_changes,0.5124574766098294,0.4617006065140007,0.4956701479333478,0.4794409106985672,0.1762238776867045,0.1648438563555128,0.1139179487448498,0.04098374010639,0.1289012182607407,0.2207103267260675,0.731254855400508,0.9697192674727886,-0.0167873286764816,0.033969541419347,-0.0623059289418546,-0.0509259076106629,1,0,1,1,1.361630539999993,0.3854917129999933,1.7471222529999864,26.438934413,0.0548653610000258,moderate,mc_moderate_chunk02.csv
1.0,0.75,20300028,121,220.0,45.0,71.0,79.0,,0.6565130648182388,0.783618633883292,0.096,0.4862745098039215,137,142,6,no_label_changes,0.5265837482039032,0.4846149817222727,0.5204500686309979,0.4996141575776009,0.1657502263409589,0.1595996275484499,0.1581808541826555,0.0430355666464044,0.1479714812956339,0.2132024694457464,0.5458649555158329,1.011928067374598,-0.0061336795729053,0.0358350869087251,-0.0075693721583034,-0.0014187733657944,1,0,1,1,1.2745558809999975,0.7398222680000117,2.014378149000009,21.51552999500001,0.0541580160000307,moderate,mc_moderate_chunk02.csv
1.0,0.75,20300029,102,120.0,61.0,111.0,110.0,,0.8883729329991922,0.9235826921601586,0.5327510917030568,0.6026200873362445,116,116,5,no_label_changes,0.5433735357781193,0.5328842026188324,0.534149655961446,0.5397465898807902,0.1651388895715336,0.1588882755690037,0.1200399341657164,0.048955624951747,0.1725029035317844,0.1923576684199102,0.6048688007130698,0.976737350717615,-0.0092238798166732,0.0012654533426136,-0.0450989554058171,-0.0388483414032873,1,0,1,1,1.401311746000033,0.5837855560000094,1.9850973020000424,21.550165617000005,0.0550178280000182,moderate,mc_moderate_chunk02.csv
1.0,0.75,20300030,101,624.0,55.0,85.0,79.0,,0.7816513998812696,0.8845309965425685,0.35,0.6218487394957983,127,125,4,no_label_changes,0.4877332603082722,0.4676003114848098,0.4750123997469108,0.4727113739419618,0.1583274493426219,0.160335023110786,0.1488439575026063,0.0453971674818294,0.1792052853555389,0.2087209092472954,0.6419531583263188,0.9873280379216512,-0.0127208605613614,0.0074120882621009,-0.0094834918400156,-0.0114910656081797,1,0,1,1,2.867885233999999,0.6516892130000045,3.519574447000004,18.908487466000004,0.0712636290000006,moderate,mc_moderate_chunk03.csv
1.0,0.75,20300031,92,386.0,69.0,112.0,89.0,,0.9567998768665854,0.9750569444670436,0.7400881057268723,0.8849557522123894,114,113,1,no_label_changes,0.4834926635746595,0.4869884406143754,0.4695843738531183,0.4725489385684788,0.1562436788164326,0.1555322424504022,0.0723653981466952,0.0393934826784005,0.1873687130742193,0.1873774155816527,0.9628844013967096,1.0790530443487882,-0.0139082897215411,-0.0174040667612571,-0.0838782806697374,-0.0831668443037069,1,1,1,1,1.4383989280000122,0.2500118939999964,1.6884108220000087,18.747524670000004,0.0708168470000032,moderate,mc_moderate_chunk03.csv
1.0,0.75,20300032,145,457.0,64.0,113.0,119.0,,0.8032240332317995,0.9065697855077232,0.1201716738197424,0.4957264957264957,120,121,7,no_label_changes,0.5443212381177153,0.5320243135641268,0.527904545187505,0.526840874251708,0.1585898887234461,0.1517779376366515,0.1378247152635347,0.0290938829226241,0.1608555633298955,0.1852163043141437,0.5198671945818422,1.003514483762921,-0.0164166929302103,-0.0041197683766218,-0.0207651734599114,-0.0139532223731168,1,1,1,1,1.5769960620000063,1.0105397880000029,2.587535850000009,25.263165519999987,0.0717576020000052,moderate,mc_moderate_chunk03.csv
1.0,0.75,20300033,124,624.0,76.0,103.0,131.0,,0.7341951782391279,0.9532440445408732,0.1038961038961038,0.7099567099567099,118,118,9,no_label_changes,0.5270557747225363,0.5256033756802171,0.5092935213992592,0.5126009939521747,0.1718587858641394,0.1646902495942342,0.1129295789216679,0.055583561181851,0.1576701070283953,0.1747221492248463,0.7262569030088016,0.9951444879390998,-0.017762253323277,-0.0163098542809578,-0.0589292069424715,-0.0517606706725663,1,1,1,1,1.606570817000005,1.2718381850000071,2.878409002000012,18.777550698,0.0709958529999994,moderate,mc_moderate_chunk03.csv
1.0,0.75,20300034,97,237.0,89.0,97.0,62.0,,0.7872348048594652,0.9340033337339914,0.3555555555555555,0.6465517241379312,157,119,11,global_objective_guard_rejected_sweep,0.5037935733550551,0.4981444447619201,0.5029445721459916,0.5031733877239987,0.1548276536057371,0.1610362515163445,0.1211365003031887,0.0426337641783967,0.2086242584726359,0.1976754650835109,0.6921949687579244,1.029190930980907,-0.0008490012090635,0.0048001273840714,-0.0336911533025483,-0.0398997512131557,1,0,1,1,1.5633316959999777,1.6004200350000133,3.1637517309999907,25.58713493800002,0.0716048980000039,moderate,mc_moderate_chunk03.csv
1.0,0.75,20300035,121,623.0,89.0,69.0,96.0,,0.7071824209495103,0.931665275117986,0.090566037735849,0.703862660944206,152,120,14,no_label_changes,0.5370595852504516,0.520616152035661,0.4953531778832164,0.4997523458931556,0.1705801768753276,0.1573343631816213,0.1289013842125728,0.0551182867330902,0.1570382075847297,0.1895898094694137,0.7489551659908736,1.0296202488660935,-0.0417064073672351,-0.0252629741524446,-0.0416787926627547,-0.0284329789690484,1,1,1,1,1.448042791000006,1.9096343870000112,3.357677178000017,24.734270331999998,0.070908653999993,moderate,mc_moderate_chunk03.csv
1.0,0.75,20300036,92,128.0,65.0,97.0,67.0,,0.7124759083409827,0.9091035392203406,0.0161943319838056,0.6753246753246753,134,118,8,no_label_changes,0.4666775792939081,0.4557918886858403,0.4652224845743183,0.4547134436799406,0.1525441056362137,0.1508300726293423,0.1154915110760314,0.0498363199811307,0.1977906954968684,0.202337720529609,0.7640827356999947,1.056799202878349,-0.0014550947195898,0.009430595888478,-0.0370525945601822,-0.0353385615533108,1,0,1,1,1.4586757050000188,1.097626066999993,2.556301772000012,18.831507303999985,0.0716515789999903,moderate,mc_moderate_chunk03.csv
1.0,0.75,20300037,137,241.0,85.0,78.0,101.0,,0.816441936043695,0.9220932069407498,0.3493449781659389,0.6206896551724138,116,119,5,no_label_changes,0.4932505070610127,0.4793623613551468,0.4744257148127865,0.4700214436646132,0.1609590603337554,0.1530783562930336,0.1135454217744506,0.042131288856777,0.1522720657505759,0.1770206665591663,0.6867781111953811,1.0021985798108677,-0.0188247922482262,-0.0049366465423603,-0.0474136385593047,-0.039532934518583,1,1,1,1,1.574684168999994,0.8559280289999833,2.4306121979999773,24.99539331400001,0.071751909999989,moderate,mc_moderate_chunk03.csv
1.0,0.75,20300038,104,414.0,61.0,69.0,114.0,,0.749767602294825,0.8860709606279213,0.311787072243346,0.7251908396946564,150,149,3,no_label_changes,0.4964092600945314,0.4807755533715471,0.493427631016487,0.4862854498033751,0.1597522830064899,0.1533432053948942,0.119578690568985,0.0378783297413312,0.165490571107947,0.2014925150775159,0.7350330392385638,1.000331447188322,-0.0029816290780444,0.0126520776449398,-0.0401735924375048,-0.0337645148259091,1,0,1,1,1.49786573800003,0.5258233529999643,2.0236890909999943,19.01813561,0.0708643359999996,moderate,mc_moderate_chunk03.csv
1.0,0.75,20300039,121,623.0,88.0,144.0,109.0,,0.8584395624847203,0.9606728366622412,0.5309734513274337,0.7685589519650654,113,116,3,no_label_changes,0.5000375802253416,0.5047829082863118,0.4726905757770744,0.481212332788386,0.1586579272579144,0.1582184466802162,0.113731633910385,0.0482662185352078,0.1714419685027959,0.1743530309202356,0.7929411171720733,1.027180442626678,-0.0273470044482672,-0.0320923325092373,-0.0449262933475293,-0.0444868127698312,1,1,1,1,1.47872018999999,0.4846179020000249,1.963338092000015,18.804365534999988,0.0712235940000027,moderate,mc_moderate_chunk03.csv
1.0,0.75,20300040,121,481.0,42.0,101.0,97.0,,0.772189682911101,0.9400262415101238,0.1478260869565217,0.7155172413793103,117,119,5,no_label_changes,0.531598734289387,0.4975146225228118,0.4971011555152116,0.4940183077245982,0.1619459536996543,0.1512495516111038,0.092164229470749,0.0348810997189525,0.147552277770078,0.2042591314591575,0.7872816041297168,1.0411081542893312,-0.0344975787741753,-0.0004134670076001,-0.0697817242289053,-0.0590853221403548,1,1,1,1,2.7833445830000016,0.6298527050000047,3.4131972880000063,22.635821471,0.057259645000002,moderate,mc_moderate_chunk04.csv
1.0,0.75,20300041,85,330.0,45.0,87.0,89.0,,0.8619446146398556,0.9425832711696924,0.3448275862068966,0.7413793103448276,119,119,3,no_label_changes,0.47959790778303,0.4748118893672206,0.484882308797868,0.494005392512759,0.1531583509702991,0.1568731520007804,0.101947801678361,0.0318348499174813,0.215671408213833,0.2117061684799146,0.8085946725552109,1.0197465711923737,0.005284401014838,0.0100704194306474,-0.0512105492919381,-0.0549253503224194,0,0,1,1,1.4314667439999766,0.3968699440000023,1.828336687999979,23.066328545000005,0.0546866119999833,moderate,mc_moderate_chunk04.csv
1.0,0.75,20300042,136,624.0,71.0,132.0,101.0,,0.9464715296443644,0.9569882672656612,0.7606837606837605,0.7758620689655173,121,119,2,no_label_changes,0.4956808885974061,0.4906049511851612,0.4704863504570925,0.4765075001379005,0.1513387586305846,0.1521653727472542,0.0870470724941452,0.038269726813362,0.1517222989256891,0.1525449208828027,0.7792870615059685,0.9636160083599274,-0.0251945381403136,-0.0201186007280687,-0.0642916861364394,-0.065118300253109,1,1,1,1,1.472259151000003,0.3058271940000168,1.7780863450000195,17.43957209199999,0.0580088730000056,moderate,mc_moderate_chunk04.csv
1.0,0.75,20300043,121,213.0,61.0,68.0,86.0,,0.7002444516928145,0.9756372138805308,0.0266666666666666,0.8384279475982533,112,116,9,no_label_changes,0.5228219681176273,0.4919182982224213,0.4723526832836143,0.4767952547248772,0.1623790958496219,0.1502454083194704,0.0753448959132153,0.0343111862742098,0.1603316559096022,0.2172681877688415,0.9052844294308348,1.0427131726157746,-0.0504692848340129,-0.0195656149388069,-0.0870341999364066,-0.0749005124062551,1,1,1,1,1.3425699979999877,0.9762943279999944,2.318864325999982,22.514790455999982,0.0551718090000008,moderate,mc_moderate_chunk04.csv
1.0,0.75,20300044,89,357.0,57.0,80.0,160.0,,0.8368113927849689,0.9681845494111588,0.2521008403361344,0.8070175438596492,125,115,4,no_label_changes,0.5140090391157813,0.5131384130332979,0.5177296313781631,0.5176901047659512,0.1772617114774071,0.171461206777209,0.0907369842993542,0.0382971373713714,0.163822813549043,0.1824389581720581,0.7874633257674176,0.9662811384756124,0.0037205922623817,0.0045912183448652,-0.0865247271780529,-0.0807242224778548,0,0,1,1,1.3640115100000116,0.4838934039999856,1.8479049139999968,22.892163531999984,0.0550422950000211,moderate,mc_moderate_chunk04.csv
1.0,0.75,20300045,89,622.0,57.0,50.0,79.0,,0.7635339947440813,0.8707422339805575,0.188235294117647,0.5042735042735043,142,121,7,no_label_changes,0.4952715924890455,0.4697792682633622,0.4984954675224191,0.487011832440871,0.1566522358270197,0.1548350190823604,0.1407159128851274,0.0462406482374456,0.1920464600064317,0.2360915631782108,0.5454723198273128,0.9778783520606292,0.0032238750333736,0.0287161992590569,-0.0159363229418922,-0.014119106197233,0,0,1,1,1.4212212389999763,0.8159472249999737,2.23716846399995,22.621296323999985,0.0550872400000059,moderate,mc_moderate_chunk04.csv
1.0,0.75,20300046,121,620.0,101.0,150.0,159.0,,0.8385893367000035,0.935673406036761,0.4132231404958678,0.635593220338983,129,123,4,no_label_changes,0.5296377861407422,0.5406856117253592,0.5000933691754249,0.5099801302272663,0.1621221966400775,0.1630877970579536,0.119244504839606,0.0261213981646933,0.1632882458572791,0.1390864379564825,0.6825884073144012,1.0064439816279132,-0.0295444169653172,-0.0405922425499343,-0.0428776918004715,-0.0438432922183476,1,1,1,1,1.4029872240000143,0.5027704149999863,1.9057576390000008,18.04644281200001,0.0551600059999941,moderate,mc_moderate_chunk04.csv
1.0,0.75,20300047,119,624.0,69.0,137.0,146.0,,0.8229672315048541,0.9258167828324224,0.1434977578475336,0.6752136752136753,110,121,3,no_label_changes,0.5511059572602505,0.5503530439305505,0.5263403637379298,0.5288526677931447,0.1828345056028169,0.1822936135200169,0.143914962550908,0.0431864041247147,0.1446608468354996,0.1451107628263251,0.6881466844343128,0.9733041746810304,-0.0247655935223206,-0.0240126801926207,-0.0389195430519088,-0.0383786509691089,1,1,1,1,1.4580296580000436,0.3927521150000075,1.850781773000051,23.00791097300004,0.0546547069999974,moderate,mc_moderate_chunk04.csv
1.0,0.75,20300048,121,624.0,89.0,133.0,123.0,,0.8470541316367659,0.9745521474557742,0.3261802575107296,0.8434782608695652,120,117,4,no_label_changes,0.5211886229894308,0.5279559591034183,0.5085012711429733,0.5090001252231019,0.1412977030111579,0.1452684951991812,0.0679355738494933,0.0291415194401677,0.2002374860298651,0.1801615089578997,0.8902465035506149,1.0357183302678734,-0.0126873518464575,-0.019454687960445,-0.0733621291616646,-0.0773329213496879,1,1,1,1,1.3858613570000102,0.5370634860000223,1.9229248430000323,23.044306300000017,0.0546531570000183,moderate,mc_moderate_chunk04.csv
1.0,0.75,20300049,115,624.0,48.0,123.0,115.0,,0.7912641322481484,0.9532728156034777,0.0357142857142857,0.7074235807860262,111,116,4,no_label_changes,0.5180870327717557,0.5032829540781789,0.4835149726202679,0.485164798563689,0.16408104652673,0.1605724736879082,0.0973815288999058,0.0364932259770196,0.1585229534783845,0.1695090347343223,0.7382210519682388,1.0102348859663632,-0.0345720601514878,-0.019767981457911,-0.0666995176268242,-0.0631909447880024,1,1,1,1,1.4537461939999616,0.4744338600000333,1.928180053999995,23.265223177,0.0544594339999662,moderate,mc_moderate_chunk04.csv
1.0,0.75,20300050,121,612.0,60.0,97.0,86.0,,0.6608322870435959,0.8965980947774559,0.1106719367588932,0.5922746781115878,140,120,10,no_label_changes,0.5412283802173707,0.5251002710911937,0.5240121292028602,0.5200008505817857,0.1698683844761726,0.1736021257225737,0.1378696912491609,0.0510280276775817,0.1672879014143093,0.1951452050428195,0.6482392037140577,1.031202684780896,-0.0172162510145105,-0.0010881418883335,-0.0319986932270116,-0.0357324344734127,1,1,1,1,2.810423708000002,1.4199882439999951,4.230411951999997,18.96207180099998,0.0750558519999913,moderate,mc_moderate_chunk05.csv
1.0,0.75,20300051,89,136.0,55.0,56.0,187.0,,0.7559341069176435,0.9195969200059008,0.0178571428571428,0.5579399141630901,111,120,4,no_label_changes,0.512467678153384,0.4972112328794935,0.4969398397283781,0.4972707520883406,0.1675472974136527,0.1701124515658279,0.1246934644209577,0.0397995079433189,0.179090599475061,0.1921877286446673,0.5880815928640218,0.9856307485108284,-0.0155278384250058,-0.0002713931511154,-0.0428538329926949,-0.0454189871448701,1,1,1,1,1.4324117669999907,0.623787789000005,2.056199555999996,24.391932035999982,0.0704985700000122,moderate,mc_moderate_chunk05.csv
1.0,0.75,20300052,112,620.0,64.0,73.0,93.0,,0.757821605864189,0.884025841512291,0.0775862068965517,0.5826086956521739,119,117,6,no_label_changes,0.5292579624029161,0.5120363977007915,0.5088441038652266,0.4853169879104358,0.159880273660252,0.1526323113328296,0.136716131884497,0.0320830488989594,0.1750507807680062,0.1980410840167288,0.6431614922197646,1.0421294154703846,-0.0204138585376895,-0.0031922938355648,-0.023164141775755,-0.0159161794483326,1,1,1,1,1.447430905999994,0.8500502019999772,2.297481107999971,23.801014676000023,0.0723701480000045,moderate,mc_moderate_chunk05.csv
1.0,0.75,20300053,109,457.0,50.0,85.0,156.0,,0.9073420863433376,0.9859597582514666,0.4695652173913044,0.9170305676855894,117,116,2,no_label_changes,0.5415247548030205,0.5323372834280398,0.5165066768159166,0.5214920295444335,0.165102184672505,0.1616347683974167,0.0646122760101903,0.0328450848523816,0.1658134362041093,0.1868533312923925,0.9224079458148596,0.9877519465201626,-0.0250180779871039,-0.0158306066121232,-0.1004899086623146,-0.0970224923872264,1,1,1,1,1.3990515690000225,0.3652864750000049,1.7643380440000271,23.706130445000014,0.0717515999999989,moderate,mc_moderate_chunk05.csv
1.0,0.75,20300054,118,624.0,61.0,68.0,129.0,,0.8583504646802389,0.9861506144448254,0.3421052631578947,0.9170305676855894,115,116,4,no_label_changes,0.5172675445115044,0.4998851643516316,0.4921729219272258,0.4942845962058338,0.1670400271104343,0.1692809847987919,0.0666394005147956,0.0496512316254882,0.163636975973819,0.1781174149918181,1.0081169013073232,1.069962118544731,-0.0250946225842785,-0.0077122424244057,-0.1004006265956387,-0.1026415842839963,1,1,1,1,1.5084022199999936,0.5869880649999857,2.0953902849999797,23.832769987999995,0.07059060200001,moderate,mc_moderate_chunk05.csv
1.0,0.75,20300055,121,621.0,80.0,146.0,61.0,,0.8581251604564833,0.9565525923816746,0.3070175438596491,0.7598253275109169,115,116,5,no_label_changes,0.5319042466828944,0.5183440080166414,0.498949002501779,0.5025527848895984,0.1559080983134413,0.1530723165297599,0.1143878062730797,0.0290702488020323,0.1641540131932198,0.1916786054229488,0.786078050757786,1.0376539447029864,-0.0329552441811153,-0.0193950055148623,-0.0415202920403615,-0.0386845102566802,1,1,1,1,1.4673634449999895,0.7171132309999848,2.1844766759999743,24.416764062000027,0.0718958219999876,moderate,mc_moderate_chunk05.csv
1.0,0.75,20300056,88,106.0,22.0,61.0,74.0,,0.8070542847809545,0.9175774384981522,0.3433476394849785,0.7043478260869565,120,117,6,no_label_changes,0.4889393671224196,0.4318639198876902,0.4824293141109787,0.4689147683655255,0.159565874698641,0.1549360137731439,0.1150269641155667,0.0459066371076586,0.1985628488746754,0.2997193487767986,0.7545459729187504,1.0129870614806198,-0.0065100530114409,0.0505653942232885,-0.0445389105830743,-0.0399090496575772,1,0,1,1,1.38483098100005,0.8433010769999782,2.2281320580000283,29.51448236799996,0.0710174750000192,moderate,mc_moderate_chunk05.csv
1.0,0.75,20300057,132,623.0,58.0,69.0,88.0,,0.7736295998972121,0.9871864980365816,0.1818181818181818,0.9043478260869564,118,117,4,no_label_changes,0.5526599641822413,0.5157344647919964,0.507137591130183,0.5099687008187109,0.1723603765882962,0.1655192719272819,0.0556045897189191,0.0312293984183808,0.1461558505345744,0.1994017094893668,0.9355680741597434,1.0030566715467877,-0.0455223730520583,-0.0085968736618133,-0.1167557868693771,-0.1099146822083628,1,1,1,1,1.429498140000021,0.6348083120000183,2.06430645200004,29.95249657400001,0.0763707319999866,moderate,mc_moderate_chunk05.csv
1.0,0.75,20300058,136,624.0,45.0,69.0,136.0,,0.8789162214549349,0.9710539074201354,0.3097345132743362,0.8384279475982533,113,116,4,no_label_changes,0.5210123980011715,0.4776149016344429,0.4813089353308486,0.4818069444607739,0.1596382741289776,0.1493887339031816,0.0788328442219732,0.0264938201037486,0.1464121487318994,0.2199343811715991,0.8503885798681861,0.9928078964517096,-0.0397034626703228,0.0036940336964056,-0.0808054299070044,-0.0705558896812083,1,0,1,1,1.538988647999986,0.5982470630000307,2.1372357110000166,23.969327937000003,0.070705480000015,moderate,mc_moderate_chunk05.csv
1.0,0.75,20300059,100,623.0,66.0,89.0,85.0,,0.8591648830374552,0.9655141972813728,0.303030303030303,0.7844827586206896,118,119,3,no_label_changes,0.5070554270842034,0.4978803866285496,0.4796192738998415,0.4819123880635755,0.154831985032169,0.1500096294471394,0.0871774648751301,0.0322295676276941,0.1935731319297252,0.218456915497742,0.8534591172490812,1.0347450752942953,-0.0274361531843618,-0.018261112728708,-0.0676545201570388,-0.0628321645720093,1,1,1,1,1.454476408000005,0.4834406029999627,1.937917010999968,18.644271134000007,0.0707441380000091,moderate,mc_moderate_chunk05.csv
1.0,0.75,20300060,100,605.0,70.0,113.0,121.0,,0.8618929644994336,0.988259762404223,0.4581497797356828,0.912280701754386,114,115,5,no_label_changes,0.4907634228862269,0.5004075995855037,0.4723901846180177,0.4724356758204626,0.1502343262205026,0.1493598646237782,0.0496463483325495,0.0265101421884214,0.1738430886506948,0.16567039884595,0.9590197981048796,1.0360292343808666,-0.0183732382682091,-0.028017414967486,-0.100587977887953,-0.0997135162912286,1,1,1,1,2.3593962980000924,0.5503239670001676,2.90972026500026,14.587215824000168,0.0507643930000085,moderate,mc_moderate_chunk06.csv
1.0,0.75,20300061,102,623.0,77.0,115.0,100.0,,0.8652659238806247,0.959576219297294,0.3620689655172414,0.8311688311688311,119,118,4,no_label_changes,0.5497629757361588,0.5503988230183493,0.5301199780834843,0.5312797004944702,0.1841420279257654,0.1782595569078759,0.1137563291987882,0.0466570838269055,0.1497984161075832,0.1634769560390237,0.8202563215556079,0.9788194285300982,-0.0196429976526745,-0.0202788449348649,-0.0703856987269772,-0.0645032277090877,1,1,1,1,1.2090243739999096,0.4478114720000121,1.6568358459999215,19.67240796600004,0.0505058830001416,moderate,mc_moderate_chunk06.csv
1.0,0.75,20300062,144,624.0,73.0,130.0,169.0,,0.7570777085124638,0.8733273662938795,0.0526315789473684,0.463519313304721,115,120,4,no_label_changes,0.5434086861736773,0.5405643809070183,0.5313674625090469,0.5260896288035296,0.1621041139341528,0.1627039197620342,0.1440701147532379,0.0446078395553213,0.1624256870111551,0.1601235225985011,0.5013804084548914,0.9726607548883448,-0.0120412236646304,-0.0091969183979714,-0.0180339991809148,-0.0186338050087962,1,1,1,1,1.1128277870000147,0.4620813069998348,1.5749090939998496,14.58728834500016,0.0499144190000606,moderate,mc_moderate_chunk06.csv
1.0,0.75,20300063,145,605.0,101.0,115.0,174.0,,0.7826258230416288,0.9098177996800184,0.0176991150442477,0.6060606060606061,113,118,3,no_label_changes,0.4895956163960343,0.4902310864638204,0.4647240939156922,0.4488408515865612,0.1550989370143276,0.1509951393600524,0.1101564143577812,0.0410230412748773,0.1459800206749923,0.150741060595339,0.6618213074673885,1.0079909109002585,-0.024871522480342,-0.0255069925481281,-0.0449425226565464,-0.0408387250022711,1,1,1,1,1.1630734389998452,0.3656894289999854,1.5287628679998306,19.246746341000065,0.0499284080001416,moderate,mc_moderate_chunk06.csv
1.0,0.75,20300064,121,624.0,57.0,61.0,127.0,,0.8200863642825906,0.9754666474919214,0.1206896551724138,0.8384279475982533,119,116,3,no_label_changes,0.5329134092720381,0.5027008161828534,0.492395009069691,0.4919788273397923,0.1501766091861333,0.1350267104504121,0.0747997818537326,0.030963642859678,0.177838894246603,0.2415433791472055,0.8973588943752929,1.0491012345714208,-0.040518400202347,-0.0103058071131624,-0.0753768273324006,-0.0602269285966795,1,1,1,1,1.1992044980001992,0.3543866600000456,1.5535911580002448,19.502602690000003,0.0499347749998833,moderate,mc_moderate_chunk06.csv
1.0,0.75,20300065,121,624.0,60.0,105.0,136.0,,0.7994322449020081,0.9812353602626668,0.3589743589743589,0.908296943231441,121,116,4,no_label_changes,0.5767846254113665,0.5643985410250929,0.5332112453933389,0.5409517314559737,0.172350658891759,0.1610998911537879,0.0704465740054875,0.0461877293731723,0.1513728255720985,0.1663545715559636,0.9289638363790448,0.9731462041744356,-0.0435733800180276,-0.031187295631754,-0.1019040848862715,-0.0906533171483003,1,1,1,1,1.1579301190001845,0.4436674099999891,1.6015975290001734,19.354566229000056,0.0502209280000442,moderate,mc_moderate_chunk06.csv
1.0,0.75,20300066,107,622.0,37.0,101.0,85.0,,0.6580009766027685,0.8383949120381596,0.1428571428571428,0.6523605150214592,139,120,6,no_label_changes,0.5026878578954992,0.4654348537330653,0.4981886565783948,0.4719755480960265,0.1555551828747478,0.1462343852057053,0.126847865212513,0.0442350222886688,0.1544897556752177,0.2522312676133791,0.7827767797434436,1.076613108349776,-0.0044992013171044,0.0327538028453294,-0.0287073176622348,-0.0193865199931923,1,0,1,1,1.213675715999898,0.674299149999797,1.8879748659996949,14.543585202000031,0.0496158539999669,moderate,mc_moderate_chunk06.csv
1.0,0.75,20300067,128,114.0,113.0,105.0,114.0,,0.8000731594928384,0.952070856700492,0.0701754385964912,0.7280701754385965,115,115,4,no_label_changes,0.5193704786911166,0.5153427943508628,0.4901163149277756,0.4895800262737867,0.163549741052847,0.1636162538522768,0.0863691307195243,0.0328228649320417,0.1523359618866574,0.1492923031309659,0.7552201357325825,1.000589621068027,-0.029254163763341,-0.0252264794230872,-0.0771806103333227,-0.0772471231327525,1,1,1,1,1.046197183000004,0.4464222490000793,1.4926194320000832,14.943512778000011,0.0491256630000407,moderate,mc_moderate_chunk06.csv
1.0,0.75,20300068,132,624.0,85.0,130.0,61.0,,0.6543616553249235,0.9315265283271288,0.0526315789473684,0.6753246753246753,115,118,7,no_label_changes,0.5135909786200498,0.4946982629814188,0.4771608336623816,0.475820289446347,0.1681183904158815,0.1719558271308039,0.107680042226563,0.0373631451844697,0.1400549649012871,0.170442044744697,0.7269647294562274,1.0268351564879123,-0.0364301449576681,-0.0175374293190372,-0.0604383481893185,-0.0642757849042409,1,1,1,1,1.120836016999874,0.7145599230000244,1.8353959399998985,14.967690076000054,0.049176062000015,moderate,mc_moderate_chunk06.csv
1.0,0.75,20300069,157,574.0,149.0,136.0,100.0,,0.8965520549083696,0.9532639562821168,0.6872246696035241,0.6893617021276596,114,122,5,no_label_changes,0.5506445070898582,0.5466457211981928,0.4991283939628814,0.5074345921116279,0.173985320203575,0.1755309362699444,0.0979676623953985,0.0467487335004756,0.1328214423910449,0.1394487427123851,0.7491791646871104,1.0042760160650526,-0.0515161131269767,-0.0475173272353113,-0.0760176578081764,-0.0775632738745458,1,1,1,1,1.2135803419998863,0.5539619240000775,1.767542265999964,14.671856031999823,0.0558520509998743,moderate,mc_moderate_chunk06.csv
1.0,0.75,20300070,121,598.0,45.0,122.0,89.0,,0.8683445953265322,0.9454546188214946,0.3451327433628318,0.6810344827586208,113,119,3,no_label_changes,0.5178055270657947,0.4983489691505929,0.5026923742437039,0.5078011160205496,0.1692884621086825,0.169600224530787,0.1332879444639583,0.0636641381441929,0.1667347845487576,0.203705966558399,0.7351996834117941,1.072839949211388,-0.0151131528220908,0.004343405093111,-0.0360005176447242,-0.0363122800668286,1,0,1,1,2.6384375009999985,0.415881684999988,3.0543191859999865,16.545868119000033,0.0545562350000068,moderate,mc_moderate_chunk07.csv
1.0,0.75,20300071,96,624.0,75.0,85.0,176.0,,0.8001168850000672,0.9603465053248972,0.175438596491228,0.7543859649122807,115,115,4,no_label_changes,0.4955023118527365,0.5033734936637246,0.4769050237019946,0.4790910528396717,0.1541319778558138,0.1528411160593246,0.1027178424383284,0.0502895966302159,0.188011867284243,0.1807186491991357,0.7963352269430092,1.04658556815547,-0.0185972881507419,-0.02646846996173,-0.0514141354174853,-0.0501232736209961,1,1,1,1,1.405160942000009,0.5251157949999765,1.9302767369999856,16.42200479799999,0.0550134169999978,moderate,mc_moderate_chunk07.csv
1.0,0.75,20300072,121,457.0,73.0,119.0,101.0,,0.8346527503991328,0.9850991410967552,0.1140350877192982,0.912280701754386,115,115,4,no_label_changes,0.5178255564207961,0.5119263837235727,0.4764521932735584,0.4785256695407653,0.1533153472235991,0.148472028295773,0.0592146711348949,0.0432916286708875,0.1714779382272833,0.1783518185178839,0.9562827943413228,1.023722676002336,-0.0413733631472376,-0.0354741904500142,-0.0941006760887042,-0.089257357160878,1,1,1,1,1.2816026240000156,0.4804667130000553,1.7620693370000708,16.399668696999925,0.0549491059999809,moderate,mc_moderate_chunk07.csv
1.0,0.75,20300073,109,401.0,45.0,100.0,107.0,,0.8707795036070398,0.9140020775518722,0.3217391304347826,0.5384615384615384,117,121,2,no_label_changes,0.5523812730517709,0.5297068460035299,0.5087886856778009,0.51173437897414,0.1790420979082766,0.1701940168816701,0.1391967768055512,0.0471489824445772,0.1461760644406569,0.1815249606888844,0.5819261594779432,1.0018164527955888,-0.0435925873739699,-0.020918160325729,-0.0398453211027253,-0.0309972400761188,1,1,1,1,1.3102556629999071,0.3032800780000571,1.6135357409999642,21.475761680000005,0.0587994860001117,moderate,mc_moderate_chunk07.csv
1.0,0.75,20300074,97,622.0,57.0,60.0,89.0,,0.8632408770233555,0.9833198214562566,0.2026431718061674,0.8782608695652174,114,117,3,no_label_changes,0.5286968850520819,0.5103520823136334,0.4868526135574945,0.4880649620370734,0.1560762290844804,0.1541764718661838,0.0657961169027215,0.0414288399012582,0.1807333773122473,0.2104939635060239,0.9267368262699012,1.0234137999085982,-0.0418442714945874,-0.0234994687561388,-0.0902801121817589,-0.0883803549634623,1,1,1,1,1.4220292249999602,0.3854777760000161,1.8075070009999763,27.06332346399995,0.0548573390000228,moderate,mc_moderate_chunk07.csv
1.0,0.75,20300075,97,177.0,58.0,74.0,130.0,,0.8947632217698445,0.9522850244395556,0.6982758620689655,0.8571428571428572,119,118,3,no_label_changes,0.519929587731291,0.5080410488952968,0.4936663540646698,0.4935889918881991,0.1487931184088112,0.1468449359170644,0.085835065312321,0.0342199447425306,0.1967740301542566,0.2226532506577396,0.9518200569531168,1.069694124161293,-0.0262632336666212,-0.0143746948306269,-0.0629580530964901,-0.0610098706047433,1,1,1,1,1.3745564870000635,0.3856480609999835,1.760204548000047,21.518117381000025,0.0544933520000086,moderate,mc_moderate_chunk07.csv
1.0,0.75,20300076,121,623.0,60.0,115.0,101.0,,0.820155047201996,0.9441390323316544,0.3706896551724138,0.7118644067796611,119,123,5,no_label_changes,0.5353980920388877,0.5187627935262631,0.4877875601872643,0.4960212451250684,0.1574085378944686,0.144380496905769,0.105036800881429,0.0299363852052692,0.1495102282192875,0.1954227477368,0.7954956953665935,1.0406787849965238,-0.0476105318516233,-0.0309752333389987,-0.0523717370130396,-0.03934369602434,1,1,1,1,1.2630800050000062,0.6026342470000827,1.865714252000089,16.814398579999988,0.0549299350000183,moderate,mc_moderate_chunk07.csv
1.0,0.75,20300077,97,624.0,53.0,88.0,112.0,,0.8729252683067085,0.8831104969688865,0.4533333333333333,0.4192139737991266,112,116,3,global_objective_guard_rejected_sweep,0.5150756532259211,0.5105092256849147,0.5050640283426994,0.5068118738548961,0.160837294021094,0.1628011835385747,0.148647925435949,0.0312220014993923,0.1624488820050515,0.1700060361421806,0.4325981363207013,0.9784161397173352,-0.0100116248832217,-0.0054451973422153,-0.0121893685851449,-0.0141532581026256,1,1,1,1,1.3653343750000886,0.4457320290000552,1.811066404000144,21.339703620000023,0.0550263000000086,moderate,mc_moderate_chunk07.csv
1.0,0.75,20300078,121,624.0,87.0,89.0,137.0,,0.7590429440157785,0.9193272379594832,0.1176470588235294,0.696969696969697,142,151,6,global_objective_guard_rejected_sweep,0.5289876127411207,0.5323332123122693,0.504323231135401,0.5027546086025043,0.1718515965668857,0.1729540166433791,0.1248056399781356,0.0509433120005918,0.1561617777099374,0.163602413821066,0.7305822309582551,1.0140586941967091,-0.0246643816057197,-0.0280099811768682,-0.0470459565887501,-0.0481483766652434,1,1,1,1,1.2728239430000483,0.7719991769999979,2.0448231200000464,16.517234581000025,0.055166649000057,moderate,mc_moderate_chunk07.csv
1.0,0.75,20300079,97,624.0,57.0,70.0,136.0,,0.6162796112754639,0.7899611542241977,0.0381679389312977,0.3682008368200836,149,126,11,no_label_changes,0.4831339408648891,0.4765837329732253,0.5032505225284402,0.4779760348101589,0.1599255638541249,0.1659882068274735,0.1680817199894477,0.048970551407942,0.1844187666182968,0.1843295465984319,0.4529064270836528,1.0269408098788564,0.020116581663551,0.0266667895552148,0.0081561561353228,0.0020935131619742,0,0,0,0,1.3588872679999895,1.2300690609999947,2.588956328999984,21.42462517800004,0.0612170029999106,moderate,mc_moderate_chunk07.csv
1.0,0.75,20300080,136,505.0,89.0,49.0,137.0,,0.6738634401458986,0.8322348318701296,0.0502092050209205,0.4806866952789699,126,120,5,no_label_changes,0.4996610194382558,0.4770059205497431,0.4755416861137804,0.4718849111667265,0.1620065099014108,0.1569210816224478,0.1644979805316769,0.0483061394825004,0.1617483694115659,0.1826942250728438,0.565954384230673,1.0523240699228364,-0.0241193333244754,-0.0014642344359627,0.0024914706302661,0.0075768989092291,1,1,0,0,2.1202142549999934,0.4954178469999988,2.615632101999992,17.058943853000002,0.0436069160000016,moderate,mc_moderate_chunk08.csv
1.0,0.75,20300081,143,624.0,57.0,137.0,163.0,,0.6838726914724389,0.8748768499229,0.2695652173913043,0.6842105263157895,117,115,6,no_label_changes,0.5484333497069445,0.5341270511679789,0.5270987699143891,0.504101779545189,0.1588702940352025,0.1561539710075572,0.1204089625140999,0.0328333659995836,0.1450271694760036,0.164021062437011,0.7456590373886557,1.0153064750730334,-0.0213345797925553,-0.0070282812535897,-0.0384613315211026,-0.0357450084934572,1,1,1,1,0.9857126959999932,0.550162897000007,1.535875593,16.951931141999992,0.0459279760000015,moderate,mc_moderate_chunk08.csv
1.0,0.75,20300082,144,178.0,61.0,170.0,223.0,,0.832059567472299,0.9796507523546836,0.1940928270042194,0.8859649122807017,124,115,4,global_objective_guard_rejected_sweep,0.5684225153154093,0.5527713923996647,0.5326543682934927,0.5337613927714221,0.1700942996975561,0.1680729508607337,0.0776558754068247,0.0284016138658079,0.1332622370595563,0.1543769077348656,0.8836515334688504,0.9954722514948214,-0.0357681470219166,-0.020117024106172,-0.0924384242907313,-0.0904170754539089,1,1,1,1,0.9916108390000034,0.4315911529999994,1.4232019920000027,12.98015402,0.0433499760000017,moderate,mc_moderate_chunk08.csv
1.0,0.75,20300083,89,624.0,54.0,121.0,80.0,,0.8304009360757717,0.965125548606114,0.5056603773584907,0.8034934497816595,152,116,10,no_label_changes,0.5145431571812221,0.5109271835516231,0.5057936470852595,0.5068220633071886,0.1605458657174897,0.1609265613939721,0.0998395744889175,0.0404871000563578,0.204125603215073,0.2135262741493137,0.8406047805007671,1.049768726978737,-0.0087495100959625,-0.0051335364663636,-0.0607062912285722,-0.0610869869050546,1,1,1,1,0.9632637570000072,0.8699873999999994,1.8332511570000063,17.10618115599999,0.0437721919999916,moderate,mc_moderate_chunk08.csv
1.0,0.75,20300084,101,170.0,96.0,88.0,82.0,,0.8047046996312327,0.9604651726118716,0.25,0.8471615720524018,151,116,10,no_label_changes,0.4919428418791109,0.4882996479233061,0.4662492994975494,0.4703813434389771,0.1603271937196325,0.1556993996987854,0.0903641122487257,0.0512107385806329,0.169120061492203,0.1853914911673553,0.8548837166349857,0.974770221699193,-0.0256935423815614,-0.0220503484257566,-0.0699630814709068,-0.0653352874500596,1,1,1,1,0.9886467770000138,0.8630711520000034,1.8517179290000167,13.14356128999998,0.0433823909999944,moderate,mc_moderate_chunk08.csv
1.0,0.75,20300085,121,618.0,69.0,67.0,89.0,,0.7641753793171684,0.90538182904709,0.0338983050847457,0.6553191489361702,123,122,3,no_label_changes,0.5345561713249334,0.5148945967493231,0.5058259386759355,0.5056379496445201,0.170124550777501,0.1628468017782228,0.1224089483479576,0.037859618124088,0.1533368488601818,0.1941725429880697,0.706751259515116,1.0065913433371865,-0.0287302326489978,-0.0090686580733876,-0.0477156024295434,-0.0404378534302651,1,1,1,1,0.955648683999982,0.3473779239999999,1.303026607999982,13.340790466000016,0.0433767899999963,moderate,mc_moderate_chunk08.csv
1.0,0.75,20300086,145,624.0,56.0,134.0,196.0,,0.7318161587224675,0.9796693541139244,0.2689075630252101,0.8810572687224669,125,114,6,no_label_changes,0.5440633109093845,0.5257006354501781,0.4980221583152221,0.501511574692684,0.17714796137597,0.1726448040745654,0.0900214689351989,0.0526739200191124,0.1310747390771058,0.1489790517425255,0.8720181586429022,0.9981645468932578,-0.0460411525941624,-0.0276784771349559,-0.0871264924407711,-0.0826233351393665,1,1,1,1,1.003076971000013,0.5407178460000068,1.5437948170000195,16.976990999999998,0.0440718910000157,moderate,mc_moderate_chunk08.csv
1.0,0.75,20300087,121,622.0,69.0,136.0,85.0,,0.7623586950083914,0.9600114537748754,0.1087866108786611,0.7598253275109169,126,116,3,no_label_changes,0.5333757371598753,0.5264519279400004,0.5025908439305444,0.5032694142365898,0.1784392784218975,0.1716633933876054,0.0926015707834281,0.0510357338043246,0.1598882349343224,0.1718731622934812,0.7718009814816257,0.9709252816167884,-0.0307848932293308,-0.0238610840094559,-0.0858377076384693,-0.0790618226041772,1,1,1,1,0.9873512620000042,0.3473921640000128,1.334743426000017,12.972827934000009,0.0445761980000156,moderate,mc_moderate_chunk08.csv
1.0,0.75,20300088,121,93.0,37.0,97.0,71.0,,0.7464863623012721,0.9447295437271076,0.0175438596491228,0.7148936170212765,115,122,4,no_label_changes,0.5135420678429753,0.4622289066780174,0.495363823016442,0.4974135775874561,0.1585789311162606,0.1543659142060608,0.0893973569916264,0.0304959047383401,0.1728886667047066,0.2512734144626697,0.7953262550878193,1.0156985065018194,-0.0181782448265332,0.0331349163384245,-0.0691815741246342,-0.0649685572144343,1,0,1,1,0.9582549400000177,0.4023267899999894,1.360581730000007,16.90088960899999,0.0434661840000103,moderate,mc_moderate_chunk08.csv
1.0,0.75,20300089,97,624.0,51.0,101.0,109.0,,0.8347095825530816,0.9531151738229916,0.4312267657992565,0.7155172413793103,156,119,9,no_label_changes,0.5079419097387042,0.5018246885145123,0.4896818897549057,0.4982212591440361,0.1683489563027889,0.1675045554338128,0.1072734852735814,0.0345989071301529,0.1814717885135955,0.1940187951231449,0.7415991221131616,1.0026830298218423,-0.0182600199837985,-0.0121427987596066,-0.0610754710292075,-0.0602310701602314,1,1,1,1,1.028949522000005,0.7923624320000044,1.8213119540000091,13.021145545999984,0.0430875630000002,moderate,mc_moderate_chunk08.csv
1.0,0.75,20300090,121,624.0,101.0,134.0,89.0,,0.8695902812777342,0.9386362036130173,0.3478260869565217,0.7619047619047619,117,118,2,no_label_changes,0.5366211187838134,0.5369666365250372,0.4870560701809527,0.4857722824238671,0.1690410046511722,0.1706646673645895,0.1057802438064121,0.0339680309223177,0.1499003215605752,0.1566248640895431,0.8294026697960543,1.0253246184161393,-0.0495650486028605,-0.0499105663440844,-0.06326076084476,-0.0648844235581774,1,1,1,1,2.070263783999991,0.2479946290000043,2.3182584129999952,13.158741210999992,0.0449315759999962,moderate,mc_moderate_chunk09.csv
1.0,0.75,20300091,125,620.0,73.0,109.0,112.0,,0.8335753890047194,0.9174492805057648,0.3245614035087719,0.5789473684210527,115,115,3,no_label_changes,0.5311531402245991,0.526440545338302,0.509049901191158,0.502336822926216,0.18218072701752,0.1780109171645717,0.1317301736684993,0.044888534511462,0.1390163508411607,0.1454736942417425,0.5803039669323761,0.9888220113734294,-0.0221032390334411,-0.0173906441471439,-0.0504505533490207,-0.0462807434960724,1,1,1,1,1.035357188000006,0.2975003379999918,1.332857525999998,17.65874232099999,0.0414686430000017,moderate,mc_moderate_chunk09.csv
1.0,0.75,20300092,121,532.0,58.0,89.0,177.0,,0.7263645121882836,0.9032045372779222,0.0530973451327433,0.6052631578947368,113,115,4,no_label_changes,0.5114261954932242,0.4908888820305231,0.4836063786945564,0.4716881153315383,0.1657884167419655,0.1511767412735015,0.1214298882254465,0.0337060803672754,0.1429208768892653,0.1850141974338751,0.5826790264583986,0.948320373129265,-0.0278198167986677,-0.0072825033359666,-0.0443585285165189,-0.029746853048055,1,1,1,1,0.9920083369999873,0.3697192470000061,1.3617275839999934,13.560809335999991,0.0414608180000044,moderate,mc_moderate_chunk09.csv
1.0,0.75,20300093,121,624.0,37.0,136.0,101.0,,0.7683424429196196,0.8359000704059016,0.3448275862068966,0.5271966527196653,119,126,2,no_label_changes,0.5272787499643795,0.4831568081808777,0.4839148310083829,0.4797751673826492,0.1554899249227491,0.1493419196605108,0.1447768132074287,0.0364742478322702,0.1636785062736848,0.2368250729079895,0.6308883725361835,1.0314216462243284,-0.0433639189559966,0.0007580228275051,-0.0107131117153204,-0.0045651064530821,1,0,1,1,0.99562743300001,0.2369733749999909,1.2326008080000008,17.59693045099999,0.0421022840000091,moderate,mc_moderate_chunk09.csv
1.0,0.75,20300094,109,310.0,61.0,107.0,89.0,,0.8008997223676387,0.8778655096729546,0.2767857142857142,0.4912280701754386,111,115,3,no_label_changes,0.5103711094248521,0.505613957893153,0.506444163666475,0.4943609098417373,0.1721021282137699,0.1717050401663511,0.1558696576295632,0.0581336029606641,0.1698819323382961,0.183313648593164,0.5113158860437453,0.9943083604204874,-0.003926945758377,0.000830205773322,-0.0162324705842066,-0.0158353825367879,1,0,1,1,0.9789967639999873,0.2990455760000259,1.2780423400000132,17.148097928,0.0413291309999976,moderate,mc_moderate_chunk09.csv
1.0,0.75,20300095,121,624.0,33.0,88.0,108.0,,0.9136662520869596,0.9680480028002888,0.5826086956521739,0.8347826086956521,117,117,2,no_label_changes,0.5223390680770165,0.4748566318447572,0.4830479025922297,0.4823802398728581,0.1626941317884173,0.1463034948386337,0.0803905784764351,0.0451135636571787,0.1434636138232955,0.2435342243782725,0.842135000639679,0.9691822040233103,-0.0392911654847867,0.0081912707474725,-0.0823035533119821,-0.0659129163621986,1,0,1,1,0.9651680359999943,0.2212192639999841,1.1863872999999785,17.440888900000004,0.0413885920000041,moderate,mc_moderate_chunk09.csv
1.0,0.75,20300096,146,620.0,67.0,96.0,176.0,,0.8171202836719944,0.9511044087755884,0.1769911504424778,0.7400881057268723,113,114,5,no_label_changes,0.5384432109538493,0.5241878091780795,0.497361247113849,0.4949004505985414,0.1645056491638441,0.1531379974782304,0.0935528413012564,0.0373627412823198,0.1343362520351174,0.1714796041690647,0.7747711188925634,1.0084974892316945,-0.0410819638400002,-0.0268265620642304,-0.0709528078625876,-0.0595851561769739,1,1,1,1,1.1010109580000176,0.4443266340000207,1.5453375920000385,21.371588683000027,0.0415160080000021,moderate,mc_moderate_chunk09.csv
1.0,0.75,20300097,97,306.0,89.0,125.0,85.0,,0.903555058382205,0.953496872359234,0.5065502183406114,0.7130434782608696,116,117,2,no_label_changes,0.4826318591528712,0.4938728797021804,0.4842743145080338,0.4871126887070594,0.1562130526788615,0.1635855457804802,0.0953823119799818,0.0482057956951983,0.2017561786916619,0.1706767285285336,0.7563753476760656,1.0150770569063747,0.0016424553551626,-0.0095985651941466,-0.0608307406988796,-0.0682032338004983,0,1,1,1,1.1548064480000164,0.2241817359999913,1.3789881840000078,17.484053071000005,0.0439066730000092,moderate,mc_moderate_chunk09.csv
1.0,0.75,20300098,100,193.0,61.0,96.0,144.0,,0.5961426504059514,0.6868160079361583,0.090566037735849,0.2293906810035842,152,166,3,no_label_changes,0.5123974692700315,0.505303619902127,0.5310956425462245,0.5044762447845601,0.1619866608252632,0.1571776833560433,0.1979517894997788,0.0343217641951775,0.1749469496609045,0.1975263436335283,0.2698745952750726,1.0178814098288875,0.018698173276193,0.0257920226440975,0.0359651286745156,0.0407741061437355,0,0,0,0,0.9811601270000097,0.3425658449999957,1.3237259720000054,17.43382892599999,0.0413377350000132,moderate,mc_moderate_chunk09.csv
1.0,0.75,20300099,100,623.0,58.0,82.0,129.0,,0.920922950007379,0.989885419101603,0.751937984496124,0.9385964912280702,145,115,6,no_label_changes,0.5018134802803246,0.4943611543996515,0.4839502460343362,0.4861772672714318,0.1661574246674112,0.1600045989645228,0.0648271634653961,0.0446995281767921,0.1609911075392332,0.1901835856207482,0.8992027211406564,0.9477541990565072,-0.0178632342459884,-0.0104109083653153,-0.1013302612020151,-0.0951774354991267,1,1,1,1,0.9906321249999904,0.5023433210000121,1.4929754460000026,13.192363354000008,0.0411938119999888,moderate,mc_moderate_chunk09.csv
0.0,0.75,20300000,578,443.0,288.0,624.0,624.0,,,,,,141,133,2,no_label_changes,0.7853256922644375,0.7785072619728782,0.769952763074279,0.7697762023710929,0.0339906647224783,0.0511296483583096,0.087639485911782,0.0902489705738189,,,,,-0.0153729291901585,-0.0085544988985992,0.0536488211893037,0.0365098375534723,1,1,0,0,2.7667739679999954,0.3644393999999948,3.1312133679999903,16.71113215599999,0.0583692249999927,null_forced_k3,mc_null_forced_k3_chunk00.csv
0.0,0.75,20300001,468,176.0,405.0,419.0,621.0,,,,,,171,158,3,no_label_changes,0.7652298997326052,0.7549723644161833,0.7551939979511315,0.7578694231809165,0.0609282214719096,0.0615367969805352,0.1044879800130218,0.0801968778227412,,,,,-0.0100359017814737,0.0002216335349481,0.0435597585411121,0.0429511830324866,1,0,0,0,1.308496372999997,0.4515476079999985,1.7600439809999957,16.477091363,0.0545904749999976,null_forced_k3,mc_null_forced_k3_chunk00.csv
0.0,0.75,20300002,313,325.0,274.0,387.0,273.0,,,,,,169,153,7,no_label_changes,0.7670517000326694,0.7656961239386475,0.7641525400668008,0.7663503744250739,0.0552247978506355,0.0588961250545504,0.0965980965803226,0.0697468769073806,,,,,-0.0028991599658686,-0.0015435838718467,0.0413732987296871,0.0377019715257722,1,1,0,0,1.390174626000004,0.9575259389999928,2.3477005649999967,17.276341412999997,0.0555135990000081,null_forced_k3,mc_null_forced_k3_chunk00.csv
0.0,0.75,20300003,623,624.0,624.0,620.0,472.0,,,,,,118,106,3,no_label_changes,0.7853309328753298,0.7833065911299022,0.774496038142861,0.7756151746527694,0.021782718896356,0.0347623466728887,0.0628949041633769,0.0570829192285824,,,,,-0.0108348947324687,-0.0088105529870411,0.0411121852670208,0.0281325574904881,1,1,0,0,1.3918159419999938,0.3907151399999975,1.782531081999991,17.12170518099998,0.0549550540000041,null_forced_k3,mc_null_forced_k3_chunk00.csv
0.0,0.75,20300004,624,624.0,624.0,624.0,146.0,,,,,,147,137,2,no_label_changes,0.7790272316054243,0.7674226854803315,0.7642278030201356,0.7652898155330429,0.0348794235084128,0.060862310609489,0.0660265089890577,0.0653533079944683,,,,,-0.0147994285852887,-0.0031948824601959,0.0311470854806448,0.0051641983795686,1,1,0,0,1.397226883000002,0.3292867819999969,1.7265136649999988,16.69346383300001,0.0545946130000061,null_forced_k3,mc_null_forced_k3_chunk00.csv
0.0,0.75,20300005,624,624.0,624.0,624.0,624.0,,,,,,140,130,4,no_label_changes,0.7616151891121062,0.7616356016940004,0.7486641459506077,0.753256328641475,0.0183278983610069,0.01803319841654,0.0579761829733926,0.0410464740017913,,,,,-0.0129510431614985,-0.0129714557433926,0.0396482846123857,0.0399429845568525,1,1,0,0,1.445963249999977,0.5276681149999831,1.97363136499996,11.737305244000028,0.055418053000011,null_forced_k3,mc_null_forced_k3_chunk00.csv
0.0,0.75,20300006,624,624.0,624.0,624.0,385.0,,,,,,147,135,2,no_label_changes,0.7992549274298318,0.7968266615000875,0.7871541463147088,0.790605380473605,0.0511494473712745,0.0529052469666535,0.0694117078863622,0.0618469718313246,,,,,-0.012100781115123,-0.0096725151853787,0.0182622605150876,0.0165064609197087,1,1,0,0,1.371947184999982,0.3277311610000026,1.699678345999985,16.703684683999995,0.0559075449999966,null_forced_k3,mc_null_forced_k3_chunk00.csv
0.0,0.75,20300007,572,120.0,513.0,624.0,624.0,,,,,,150,135,4,no_label_changes,0.7823156298728243,0.7645050857605369,0.7586603491552201,0.7712869709355136,0.0406694085455696,0.0419987568704116,0.0935011687362724,0.0635423867825587,,,,,-0.0236552807176042,-0.0058447366053168,0.0528317601907028,0.0515024118658608,1,1,0,0,1.3182762069999967,0.5506356929999754,1.868911899999972,16.404813220999984,0.0548864099999946,null_forced_k3,mc_null_forced_k3_chunk00.csv
0.0,0.75,20300008,624,624.0,624.0,622.0,623.0,,,,,,115,110,2,no_label_changes,0.7682427227748647,0.7682176319711566,0.7560412125337206,0.7583303914698124,0.0245244536475697,0.0239231855465469,0.0615823785688414,0.0464103796287442,,,,,-0.0122015102411441,-0.0121764194374359,0.0370579249212716,0.0376591930222944,1,1,0,0,1.3947139020000066,0.2934371549999923,1.688151056999999,11.623415721999976,0.054664152000015,null_forced_k3,mc_null_forced_k3_chunk00.csv
0.0,0.75,20300009,568,310.0,624.0,385.0,624.0,,,,,,126,124,4,no_label_changes,0.7706938634779785,0.7635959007983248,0.7572575919269614,0.7656260526886586,0.0409500209538675,0.0554494890687474,0.0793423891400225,0.0696120620634024,,,,,-0.0134362715510171,-0.0063383088713634,0.038392368186155,0.0238929000712751,1,1,0,0,1.3557611620000216,0.5013787799999818,1.8571399420000037,16.425025448000014,0.0559922189999895,null_forced_k3,mc_null_forced_k3_chunk00.csv
0.0,0.75,20300010,616,624.0,620.0,173.0,624.0,,,,,,116,114,2,no_label_changes,0.7950529668925104,0.7796535516583083,0.7797466567480601,0.7797238633029372,0.0548920692480189,0.0816813453306262,0.0858455572793451,0.0808964648920751,,,,,-0.0153063101444502,9.310508975179932e-05,0.0309534880313262,0.0041642119487189,1,0,0,0,2.6488962439999995,0.3049430209999997,2.953839264999999,16.648862142,0.0587624919999996,null_forced_k3,mc_null_forced_k3_chunk01.csv
0.0,0.75,20300011,613,513.0,624.0,624.0,582.0,,,,,,208,189,3,no_label_changes,0.7253144802159873,0.7239925674465645,0.7085977611188189,0.7161428080189431,0.035367302066625,0.0369965400466205,0.097044426819175,0.0621258125759572,,,,,-0.0167167190971684,-0.0153948063277455,0.0616771247525499,0.0600478867725544,1,1,0,0,1.3109994989999905,0.5075202240000039,1.8185197229999943,11.664892860999998,0.0557355070000085,null_forced_k3,mc_null_forced_k3_chunk01.csv
0.0,0.75,20300012,624,623.0,624.0,590.0,239.0,,,,,,147,148,2,no_label_changes,0.7976120605025535,0.7904486410967747,0.7796976032476922,0.7877182955897662,0.0322012816057172,0.0446935774982981,0.0669229985431589,0.058054180050394,,,,,-0.0179144572548612,-0.0107510378490824,0.0347217169374417,0.0222294210448608,1,1,0,0,1.3225981070000046,0.3294345919999983,1.652032699000003,16.684284038,0.055128898999996,null_forced_k3,mc_null_forced_k3_chunk01.csv
0.0,0.75,20300013,624,620.0,478.0,624.0,285.0,,,,,,119,119,3,no_label_changes,0.7739078942155755,0.7677925874631545,0.7567386702247759,0.7595277213663184,0.0232719889030142,0.0394043871935772,0.0705677368626699,0.0612915180983863,,,,,-0.0171692239907995,-0.0110539172383785,0.0472957479596556,0.0311633496690926,1,1,0,0,1.4161625459999811,0.4065162130000033,1.8226787589999844,17.01683809100001,0.0548839100000009,null_forced_k3,mc_null_forced_k3_chunk01.csv
0.0,0.75,20300014,624,589.0,624.0,624.0,624.0,,,,,,137,128,3,no_label_changes,0.7617237117268135,0.7609892243882389,0.744230819339157,0.7530049881001795,0.0288046391968156,0.0301738082098015,0.0710786090767909,0.0561916479427848,,,,,-0.0174928923876565,-0.0167584050490818,0.0422739698799753,0.0409048008669894,1,1,0,0,1.418192457999993,0.4178327570000135,1.8360252150000065,11.787759491999992,0.0547763300000099,null_forced_k3,mc_null_forced_k3_chunk01.csv
0.0,0.75,20300015,622,500.0,298.0,624.0,384.0,,,,,,128,109,2,no_label_changes,0.7500792275093914,0.7410795558584592,0.7345039224968063,0.7328171051544239,0.0465685168225828,0.0616036921529078,0.0755308222175832,0.0678115036521054,,,,,-0.015575305012585,-0.0065756333616528,0.0289623053950004,0.0139271300646754,1,1,0,0,1.4330847169999856,0.3153822870000056,1.7484670039999912,16.897108701000008,0.0547761800000046,null_forced_k3,mc_null_forced_k3_chunk01.csv
0.0,0.75,20300016,621,624.0,322.0,620.0,295.0,,,,,,134,123,2,no_label_changes,0.7560692882351466,0.7485414765062199,0.742263787924004,0.7403056504125948,0.0296667316927488,0.051770245773101,0.0907236638005,0.076382486834727,,,,,-0.0138055003111425,-0.0062776885822158,0.0610569321077511,0.0389534180273989,1,1,0,0,1.440481344999995,0.3192733980000071,1.759754743000002,16.384731813000002,0.0549379919999921,null_forced_k3,mc_null_forced_k3_chunk01.csv
0.0,0.75,20300017,624,624.0,624.0,481.0,624.0,,,,,,122,116,2,no_label_changes,0.7528869845767853,0.7505549965094215,0.7425855978835763,0.7431689770457547,0.0493716321082527,0.0570568471257229,0.0678067825643396,0.0688671446888331,,,,,-0.010301386693209,-0.0079693986258452,0.0184351504560868,0.0107499354386167,1,1,0,0,1.394146801000005,0.3110407549999934,1.7051875559999985,16.434204848000007,0.0548920420000058,null_forced_k3,mc_null_forced_k3_chunk01.csv
0.0,0.75,20300018,620,624.0,621.0,624.0,445.0,,,,,,137,132,2,no_label_changes,0.7968767568946735,0.794404117737752,0.7700847410979647,0.7869487108721895,0.0303236129738744,0.0451134812421137,0.0911425063359951,0.0640696912711794,,,,,-0.0267920157967088,-0.0243193766397873,0.0608188933621207,0.0460290250938814,1,1,0,0,1.366090958000001,0.3206920860000082,1.6867830440000091,16.72858635,0.0542142390000037,null_forced_k3,mc_null_forced_k3_chunk01.csv
0.0,0.75,20300019,624,624.0,622.0,451.0,442.0,,,,,,121,120,2,global_objective_guard_rejected_sweep,0.8169475332236366,0.8129478283350501,0.7980520601388922,0.8000734939473242,0.0262472277064046,0.0389032815690053,0.0919268323602374,0.0700881897547194,,,,,-0.0188954730847443,-0.0148957681961579,0.0656796046538327,0.053023550791232,1,1,0,0,1.3908980489999865,0.3576334229999816,1.7485314719999678,16.79749480999999,0.0554403540000123,null_forced_k3,mc_null_forced_k3_chunk01.csv
0.0,0.75,20300020,624,513.0,624.0,256.0,622.0,,,,,,157,153,2,no_label_changes,0.7559767368965901,0.748215909591135,0.7418573578159777,0.7435568990339537,0.022508063448176,0.0402615520672235,0.0844467493035625,0.0592895604920073,,,,,-0.0141193790806123,-0.0063585517751573,0.0619386858553864,0.044185197236339,1,1,0,0,2.3804524420000064,0.3409659570000016,2.721418399000008,14.290605966000008,0.0531943740000002,null_forced_k3,mc_null_forced_k3_chunk02.csv
0.0,0.75,20300021,624,210.0,624.0,624.0,325.0,,,,,,155,154,2,no_label_changes,0.7975784416480031,0.7850117190968819,0.7838826823015007,0.7865841755344615,0.040372742521729,0.0449052376705692,0.064973111551394,0.0644315223849026,,,,,-0.0136957593465023,-0.0011290367953812,0.0246003690296649,0.0200678738808248,1,1,0,0,1.1796284509999992,0.3147607149999913,1.4943891659999906,14.361030291000006,0.050557401000006,null_forced_k3,mc_null_forced_k3_chunk02.csv
0.0,0.75,20300022,623,624.0,299.0,624.0,549.0,,,,,,117,113,4,no_label_changes,0.7836548158165099,0.7778603559476971,0.7698597820838733,0.7726043466962034,0.0295950717249355,0.0486983940762556,0.0673696778852794,0.0600316187536946,,,,,-0.0137950337326365,-0.0080005738638238,0.0377746061603439,0.0186712838090237,1,1,0,0,1.2168382230000103,0.4437669429999999,1.6606051660000103,14.320043131000006,0.049662959999992,null_forced_k3,mc_null_forced_k3_chunk02.csv
0.0,0.75,20300023,624,386.0,624.0,624.0,624.0,,,,,,125,116,5,no_label_changes,0.783697806550911,0.7809652570532444,0.7734215881268893,0.7694565562917716,0.029491840719226,0.0302462233102163,0.0562971121252012,0.0510723365435667,,,,,-0.0102762184240217,-0.007543668926355,0.0268052714059752,0.0260508888149848,1,1,0,0,1.1764652570000038,0.5383372640000061,1.71480252100001,10.029937563000004,0.0544731990000002,null_forced_k3,mc_null_forced_k3_chunk02.csv
0.0,0.75,20300024,624,624.0,436.0,624.0,624.0,,,,,,117,115,2,no_label_changes,0.7984485750738518,0.7964245420251093,0.7895813104909626,0.7888982139699049,0.0252727574869967,0.0384987555097431,0.0625139471980152,0.0646860369844339,,,,,-0.0088672645828892,-0.0068432315341466,0.0372411897110185,0.0240151916882721,1,1,0,0,1.2007954700000028,0.2764094980000067,1.4772049680000094,14.410524582000008,0.0494562650000034,null_forced_k3,mc_null_forced_k3_chunk02.csv
0.0,0.75,20300025,620,521.0,593.0,622.0,620.0,,,,,,126,116,2,no_label_changes,0.8137432758547979,0.812144524414499,0.7988931860609448,0.8015661126745277,0.0526836347644974,0.0534615808527099,0.1002322163693408,0.0998091919779804,,,,,-0.014850089793853,-0.0132513383535541,0.0475485816048433,0.0467706355166308,1,1,0,0,1.1497360120000053,0.3050110359999962,1.4547470480000015,14.44578706599998,0.0499684570000056,null_forced_k3,mc_null_forced_k3_chunk02.csv
0.0,0.75,20300026,624,624.0,618.0,382.0,624.0,,,,,,168,171,2,no_label_changes,0.7497083076495232,0.7465176238020533,0.7332013639868228,0.7409894952677997,0.0224490654994276,0.0309202936185251,0.0765578505498194,0.0390355226834308,,,,,-0.0165069436627004,-0.0133162598152305,0.0541087850503918,0.0456375569312942,1,1,0,0,1.167232589000008,0.3212740600000074,1.4885066490000156,14.59536639000001,0.0493326039999999,null_forced_k3,mc_null_forced_k3_chunk02.csv
0.0,0.75,20300027,624,617.0,330.0,624.0,624.0,,,,,,148,132,6,no_label_changes,0.7740031967911927,0.7699513625217013,0.7569704667071853,0.7622852759750949,0.0265306281983914,0.039405644000833,0.0764593851400936,0.0651619437147554,,,,,-0.0170327300840074,-0.012980895814516,0.0499287569417021,0.0370537411392605,1,1,0,0,1.165026734999998,0.672796290000008,1.8378230250000056,14.526027261999984,0.0495060879999869,null_forced_k3,mc_null_forced_k3_chunk02.csv
0.0,0.75,20300028,358,220.0,623.0,604.0,226.0,,,,,,125,119,3,no_label_changes,0.7672531708044525,0.76096850581604,0.759700074099266,0.7663078028430462,0.0576342166417544,0.0601906647376324,0.0899388193846646,0.0660079183520523,,,,,-0.0075530967051865,-0.001268431716774,0.0323046027429101,0.0297481546470321,1,1,0,0,1.2349775750000165,0.377990245999996,1.6129678210000122,14.446124510999994,0.05015844899998,null_forced_k3,mc_null_forced_k3_chunk02.csv
0.0,0.75,20300029,614,135.0,624.0,623.0,491.0,,,,,,121,110,3,no_label_changes,0.8250316349828024,0.8065773562759434,0.7992252334838654,0.8089030790604025,0.0420115967647334,0.0458851161250621,0.0966331743429712,0.0733684223360089,,,,,-0.0258064014989369,-0.0073521227920779,0.0546215775782378,0.0507480582179091,1,1,0,0,1.1041038079999907,0.3650685380000027,1.4691723459999937,14.223501182000009,0.0513955909999879,null_forced_k3,mc_null_forced_k3_chunk02.csv
0.0,0.75,20300030,621,624.0,374.0,583.0,623.0,,,,,,151,151,4,no_label_changes,0.7540340799217026,0.7504522702155402,0.7386421314529898,0.743779615443433,0.0458945114917512,0.0549745996882843,0.0925308624851066,0.0714293956802525,,,,,-0.0153919484687127,-0.0118101387625503,0.0466363509933554,0.0375562627968222,1,1,0,0,2.684738194000005,0.578019366999996,3.262757561000001,16.647074025000023,0.0587700820000236,null_forced_k3,mc_null_forced_k3_chunk03.csv
0.0,0.75,20300031,624,624.0,136.0,624.0,624.0,,,,,,160,159,4,no_label_changes,0.7777980644731549,0.7594791111101588,0.7615362164829632,0.7656885789299973,0.0231447560677331,0.0715874239964276,0.0758031240609805,0.063830721665576,,,,,-0.0162618479901917,0.0020571053728044,0.0526583679932474,0.0042157000645529,1,0,0,0,1.3409249849999867,0.5630818520000105,1.9040068369999967,16.488633467,0.0551640150000025,null_forced_k3,mc_null_forced_k3_chunk03.csv
0.0,0.75,20300032,624,624.0,624.0,624.0,197.0,,,,,,158,144,2,no_label_changes,0.8098909589743449,0.8016420407026198,0.7945654119421725,0.8019578620988133,0.0295733049194741,0.0456208833334701,0.0656235746008391,0.0442867463195983,,,,,-0.0153255470321724,-0.0070766287604473,0.0360502696813649,0.020002691267369,1,1,0,0,1.4640556810000191,0.3450082760000157,1.8090639570000349,16.73475429300001,0.0540098920000104,null_forced_k3,mc_null_forced_k3_chunk03.csv
0.0,0.75,20300033,620,622.0,624.0,467.0,442.0,,,,,,130,119,3,no_label_changes,0.7786192386032046,0.7745772180649144,0.7614680100545564,0.7667029144165871,0.0349102518806066,0.0498524884597705,0.0757312451733777,0.0831369405338178,,,,,-0.0171512285486481,-0.0131092080103579,0.040820993292771,0.0258787567136071,1,1,0,0,1.3931397460000028,0.4044986189999804,1.7976383649999832,16.680102879999993,0.0541189379999877,null_forced_k3,mc_null_forced_k3_chunk03.csv
0.0,0.75,20300034,624,331.0,384.0,624.0,624.0,,,,,,134,122,4,no_label_changes,0.7751614809715687,0.767126666066278,0.7554499467184727,0.7626935754395475,0.0318483620632009,0.0453428422207949,0.0771966124904618,0.064622849357653,,,,,-0.019711534253096,-0.0116767193478053,0.0453482504272608,0.0318537702696668,1,1,0,0,1.3656600280000075,0.5082852280000054,1.8739452560000127,16.648792592999996,0.0547066409999956,null_forced_k3,mc_null_forced_k3_chunk03.csv
0.0,0.75,20300035,620,624.0,512.0,624.0,548.0,,,,,,176,160,4,global_objective_guard_rejected_sweep,0.7716213613213796,0.7696703863316583,0.7585113450574109,0.7582234962048873,0.0358179052034751,0.043068487632306,0.0910152156988623,0.0836253804809993,,,,,-0.0131100162639686,-0.0111590412742473,0.0551973104953871,0.0479467280665562,1,1,0,0,1.380348897000033,0.6304372410000383,2.0107861380000718,16.721792210000046,0.0538923329999647,null_forced_k3,mc_null_forced_k3_chunk03.csv
0.0,0.75,20300036,623,195.0,624.0,624.0,537.0,,,,,,147,137,4,no_label_changes,0.7659002573132996,0.7562999530376633,0.7515957156475894,0.7522998718455073,0.047691696576565,0.0530587743737849,0.0790646647713321,0.0824516135516895,,,,,-0.0143045416657101,-0.0047042373900738,0.031372968194767,0.0260058903975472,1,1,0,0,1.425711275000026,0.5455402059999983,1.9712514810000243,16.754399191999994,0.0544242189999977,null_forced_k3,mc_null_forced_k3_chunk03.csv
0.0,0.75,20300037,624,624.0,624.0,426.0,624.0,,,,,,134,121,4,no_label_changes,0.7651757571418104,0.7626568483660914,0.7527771570244438,0.7545372487027184,0.0246855694756372,0.0322035539017332,0.0594146843152388,0.0676344179755673,,,,,-0.0123986001173665,-0.0098796913416475,0.0347291148396016,0.0272111304135056,1,1,0,0,1.4011886730000356,0.5283661769999526,1.929554849999988,11.651383140999997,0.0541353869999738,null_forced_k3,mc_null_forced_k3_chunk03.csv
0.0,0.75,20300038,624,331.0,576.0,244.0,624.0,,,,,,167,164,1,global_objective_guard_rejected_sweep,0.7841519036558383,0.7753630495031439,0.7718986863889669,0.7744826243695022,0.0373543163615933,0.0503342059034197,0.0779113795416878,0.0603269298652907,,,,,-0.0122532172668714,-0.003464363114177,0.0405570631800944,0.027577173638268,1,1,0,0,1.345053646999986,0.3108128400000396,1.6558664870000257,16.591553137999995,0.0595797160000302,null_forced_k3,mc_null_forced_k3_chunk03.csv
0.0,0.75,20300039,609,623.0,624.0,387.0,179.0,,,,,,125,118,5,no_label_changes,0.7395221910725819,0.7258566264274865,0.7192540821776643,0.7251284896563381,0.0456048714709234,0.0681359430800634,0.0860018822211236,0.0727313241226695,,,,,-0.0202681088949175,-0.0066025442498222,0.0403970107502002,0.0178659391410602,1,1,0,0,1.3659742430000392,0.5964622389999477,1.9624364819999869,17.079410793999955,0.0548123789999976,null_forced_k3,mc_null_forced_k3_chunk03.csv
0.0,0.75,20300040,624,622.0,624.0,417.0,234.0,,,,,,121,116,2,no_label_changes,0.7954146853576373,0.7869478088025159,0.7819766215242054,0.7865734145546307,0.0323459883629335,0.0498038013676022,0.0649831573298702,0.0555375079837166,,,,,-0.0134380638334318,-0.0049711872783104,0.0326371689669367,0.015179355962268,1,1,0,0,2.761110362000011,0.3345054110000092,3.09561577300002,16.498161529000015,0.0595930570000291,null_forced_k3,mc_null_forced_k3_chunk04.csv
0.0,0.75,20300041,624,330.0,624.0,359.0,109.0,,,,,,151,134,11,no_label_changes,0.7614664572198647,0.7339251575268694,0.7427687273741477,0.7471398141771923,0.0273466628663603,0.0683678541551319,0.055774238630733,0.0481474174415849,,,,,-0.018697729845717,0.0088435698472782,0.0284275757643727,-0.0125936155243989,1,0,0,1,1.4224092649999989,1.2689050820000034,2.6913143470000023,16.990307336,0.0548104989999842,null_forced_k3,mc_null_forced_k3_chunk04.csv
0.0,0.75,20300042,624,479.0,624.0,624.0,624.0,,,,,,161,157,3,no_label_changes,0.762129988076188,0.7605161949615854,0.747970422722303,0.7527244204235432,0.0545586265505378,0.0552402476939931,0.0795278961169308,0.0604535247126618,,,,,-0.014159565353885,-0.0125457722392824,0.0249692695663929,0.0242876484229377,1,1,0,0,1.428866395,0.4447486390000108,1.8736150340000108,11.571374994999983,0.0543245569999726,null_forced_k3,mc_null_forced_k3_chunk04.csv
0.0,0.75,20300043,624,193.0,624.0,624.0,611.0,,,,,,160,158,3,no_label_changes,0.778779771803021,0.7672751857570848,0.7576124810191381,0.7655271258433749,0.0276642796953993,0.0272051100391134,0.0911349582032504,0.0550889371328343,,,,,-0.0211672907838829,-0.0096627047379466,0.063470678507851,0.0639298481641369,1,1,0,0,1.3517486189999772,0.4349165929999685,1.7866652119999458,16.57862024399998,0.0541524159999653,null_forced_k3,mc_null_forced_k3_chunk04.csv
0.0,0.75,20300044,624,360.0,624.0,624.0,280.0,,,,,,124,117,3,no_label_changes,0.751870784608269,0.7426483495411778,0.7345352434376945,0.7359957809939472,0.0370158288552097,0.0457329927332614,0.0675009342331981,0.0544467264681795,,,,,-0.0173355411705744,-0.0081131061034832,0.0304851053779883,0.0217679414999366,1,1,0,0,1.3713921620000065,0.4228261880000445,1.794218350000051,16.653189268000006,0.0551322679999657,null_forced_k3,mc_null_forced_k3_chunk04.csv
0.0,0.75,20300045,624,384.0,624.0,624.0,620.0,,,,,,126,122,3,no_label_changes,0.7604783501842749,0.7577699310463425,0.7445960215104367,0.7474960637982068,0.042103995039283,0.0425680741263049,0.0799969469968927,0.0709730241496024,,,,,-0.0158823286738382,-0.0131739095359058,0.0378929519576097,0.0374288728705877,1,1,0,0,1.42814380599998,0.4031546109999908,1.8312984169999709,11.79750173399998,0.0546683509999752,null_forced_k3,mc_null_forced_k3_chunk04.csv
0.0,0.75,20300046,624,624.0,624.0,624.0,624.0,,,,,,149,137,2,no_label_changes,0.7862765295119704,0.7862079633249098,0.7761728475575982,0.7791193721309629,0.0183439184149124,0.0177707459886607,0.047314486743693,0.0399068240721246,,,,,-0.0101036819543721,-0.0100351157673116,0.0289705683287805,0.0295437407550323,1,1,0,0,1.488482342999987,0.349935854000023,1.83841819700001,11.784667254,0.0544969139999693,null_forced_k3,mc_null_forced_k3_chunk04.csv
0.0,0.75,20300047,624,624.0,622.0,624.0,624.0,,,,,,157,150,3,no_label_changes,0.7997848543160679,0.7998051388715413,0.7893091091642755,0.7908064777947654,0.0342873027061797,0.0338424712450876,0.0707464179555006,0.0645776985053335,,,,,-0.0104757451517923,-0.0104960297072657,0.0364591152493208,0.0369039467104129,1,1,0,0,1.3570846779999783,0.4492601640000089,1.8063448419999872,11.598317442999983,0.0545948930000008,null_forced_k3,mc_null_forced_k3_chunk04.csv
0.0,0.75,20300048,624,624.0,624.0,624.0,624.0,,,,,,126,117,4,no_label_changes,0.7778182349762724,0.7778115977161394,0.7665385001837791,0.7691341884446049,0.0221667113672544,0.0218025682527102,0.0540670169170461,0.0440348396669486,,,,,-0.0112797347924933,-0.0112730975323602,0.0319003055497916,0.0322644486643358,1,1,0,0,1.4305293809999853,0.508883027999957,1.9394124089999425,11.736522575000038,0.0545256170000243,null_forced_k3,mc_null_forced_k3_chunk04.csv
0.0,0.75,20300049,620,624.0,624.0,604.0,383.0,,,,,,145,132,4,no_label_changes,0.7666744857570033,0.7629933244722322,0.7504077811869225,0.754156133590772,0.0423211811330992,0.0498022237036727,0.0807854322935233,0.0567262717463427,,,,,-0.0162667045700807,-0.0125855432853096,0.038464251160424,0.0309832085898505,1,1,0,0,1.450517660999992,0.5293356779999954,1.9798533389999875,16.497836881000012,0.054567899999995,null_forced_k3,mc_null_forced_k3_chunk04.csv
0.0,0.75,20300050,623,624.0,269.0,624.0,426.0,,,,,,136,125,3,no_label_changes,0.781110787383556,0.7731711238192769,0.7620233423259319,0.7675581327115764,0.047764910046318,0.0601796247354614,0.0956379214857894,0.0748386905456533,,,,,-0.019087445057624,-0.0111477814933449,0.0478730114394713,0.035458296750328,1,1,0,0,2.279351556000009,0.3545687710000038,2.6339203270000127,13.747575009999991,0.0414427899999907,null_forced_k3,mc_null_forced_k3_chunk05.csv
0.0,0.75,20300051,624,187.0,446.0,417.0,624.0,,,,,,120,113,2,no_label_changes,0.7627221965008305,0.7498828647325748,0.7476811229211631,0.7511127351885794,0.0382601535156095,0.0442371413998947,0.0649001133205395,0.0600773721658615,,,,,-0.0150410735796674,-0.0022017418114117,0.0266399598049299,0.0206629719206448,1,1,0,0,1.1574651590000258,0.2479512959999965,1.4054164550000223,14.121956290000014,0.0440832120000038,null_forced_k3,mc_null_forced_k3_chunk05.csv
0.0,0.75,20300052,624,620.0,624.0,146.0,367.0,,,,,,162,144,5,no_label_changes,0.7938779792173405,0.778160921150568,0.7775007578157539,0.7811870066363642,0.0321524794221208,0.0576207113691789,0.0849687085819474,0.0514979601332504,,,,,-0.0163772214015865,-0.0006601633348141,0.0528162291598265,0.0273479972127684,1,1,0,0,1.134755044000002,0.532471739999977,1.667226783999979,17.441743634000005,0.0421316999999987,null_forced_k3,mc_null_forced_k3_chunk05.csv
0.0,0.75,20300053,624,623.0,624.0,624.0,624.0,,,,,,133,124,3,no_label_changes,0.7847465444367592,0.7847970309358022,0.7667520055263589,0.7757165324594075,0.0224280548208691,0.0221524782530582,0.0788662603313301,0.0488112934363067,,,,,-0.0179945389104002,-0.0180450254094433,0.056438205510461,0.0567137820782719,1,1,0,0,1.0744171949999952,0.3642884699999911,1.4387056649999863,9.309415636000011,0.0411134630000162,null_forced_k3,mc_null_forced_k3_chunk05.csv
0.0,0.75,20300054,613,624.0,624.0,604.0,295.0,,,,,,127,116,2,no_label_changes,0.8103392511260211,0.804564412719922,0.7974379827732269,0.7972507901930485,0.042900004950112,0.0639153089412308,0.0825264771763249,0.0804757361611017,,,,,-0.0129012683527942,-0.0071264299466951,0.0396264722262128,0.018611168235094,1,1,0,0,0.9984366390000048,0.230337899999995,1.2287745389999998,17.41510163999999,0.0413389680000193,null_forced_k3,mc_null_forced_k3_chunk05.csv
0.0,0.75,20300055,624,624.0,624.0,377.0,624.0,,,,,,173,172,4,no_label_changes,0.7890988076435612,0.7853476747675141,0.7741508587097514,0.7802554637749961,0.0307975110161556,0.043832704316312,0.0851205368240627,0.0445868307804068,,,,,-0.0149479489338097,-0.0111968160577626,0.054323025807907,0.0412878325077507,1,1,0,0,1.0327796819999833,0.4589718919999939,1.4917515739999772,13.311540455999989,0.0412086640000097,null_forced_k3,mc_null_forced_k3_chunk05.csv
0.0,0.75,20300056,608,565.0,394.0,577.0,624.0,,,,,,165,153,4,no_label_changes,0.7676357877186447,0.7649856526112946,0.7540676382815861,0.7550721377475758,0.0273855241603009,0.0357537364629704,0.0702562379882239,0.0729951383375462,,,,,-0.0135681494370586,-0.0109180143297085,0.042870713827923,0.0345025015252535,1,1,0,0,1.0665047290000018,0.4316291359999979,1.4981338649999998,9.399560804999991,0.0415396710000095,null_forced_k3,mc_null_forced_k3_chunk05.csv
0.0,0.75,20300057,624,623.0,254.0,620.0,624.0,,,,,,121,112,5,no_label_changes,0.8006464777302982,0.7945614368643573,0.7871371265075432,0.7883500026092227,0.0302265145897214,0.0401630123876579,0.0611380768965618,0.0479317992928776,,,,,-0.0135093512227549,-0.0074243103568141,0.0309115623068404,0.0209750645089039,1,1,0,0,1.0713270040000111,0.4349026350000144,1.5062296390000256,13.403613578999996,0.0412172839999982,null_forced_k3,mc_null_forced_k3_chunk05.csv
0.0,0.75,20300058,624,624.0,624.0,275.0,624.0,,,,,,128,129,6,no_label_changes,0.762290763904698,0.7563799083854612,0.7430954944486784,0.7542589768566439,0.0274982423490944,0.0460404526322556,0.0876726255380739,0.0412055966105018,,,,,-0.0191952694560195,-0.0132844139367828,0.0601743831889795,0.0416321729058183,1,1,0,0,1.0923563549999926,0.5362334370000212,1.628589792000014,13.696373531999996,0.0418697650000012,null_forced_k3,mc_null_forced_k3_chunk05.csv
0.0,0.75,20300059,624,621.0,624.0,624.0,624.0,,,,,,170,161,3,no_label_changes,0.7876859538608726,0.7877130184079377,0.7696100301326714,0.7755865031390139,0.0301778027676343,0.0296305465711763,0.0796140710643572,0.0517283019191883,,,,,-0.0180759237282012,-0.0181029882752663,0.0494362682967229,0.0499835244931809,1,1,0,0,1.092059373999973,0.3655687890000081,1.4576281629999812,9.219853408000006,0.0411412110000242,null_forced_k3,mc_null_forced_k3_chunk05.csv
0.0,0.75,20300060,624,623.0,624.0,163.0,624.0,,,,,,149,149,2,no_label_changes,0.7675566275466253,0.7553823779483779,0.7535622159597278,0.7548544201800417,0.0196332766990643,0.0570851718902232,0.0664643568826356,0.0423577198647803,,,,,-0.0139944115868975,-0.00182016198865,0.0468310801835712,0.0093791849924123,1,1,0,0,2.921570713999998,0.4894933580000042,3.411064072000002,18.617179902999997,0.0742994369999934,null_forced_k3,mc_null_forced_k3_chunk06.csv
0.0,0.75,20300061,624,624.0,624.0,549.0,528.0,,,,,,171,162,5,no_label_changes,0.7979072789286671,0.7950844150917467,0.7737438368403454,0.7861843053377336,0.0484006743264442,0.0512669921171663,0.1218499923281896,0.0690428544576435,,,,,-0.0241634420883216,-0.0213405782514012,0.0734493180017454,0.0705830002110233,1,1,0,0,1.5179236670000191,0.8498074839999958,2.367731151000015,18.74417932900002,0.0710323920000064,null_forced_k3,mc_null_forced_k3_chunk06.csv
0.0,0.75,20300062,624,624.0,620.0,624.0,624.0,,,,,,124,110,6,no_label_changes,0.8033039010997505,0.8033899997937761,0.783998667261308,0.7930366784859482,0.0231411771490411,0.0228626769093237,0.0806790900552977,0.0672426350541065,,,,,-0.0193052338384425,-0.0193913325324681,0.0575379129062566,0.057816413145974,1,1,0,0,1.6014274840000269,0.8411347519999879,2.4425622360000148,12.853712941999987,0.0704906390000132,null_forced_k3,mc_null_forced_k3_chunk06.csv
0.0,0.75,20300063,624,624.0,614.0,621.0,624.0,,,,,,161,158,3,global_objective_guard_rejected_sweep,0.7280184286963415,0.7279003840188484,0.7208626654709636,0.7191296524101357,0.0332521985450221,0.033888983170428,0.0603725003560608,0.0657268279135678,,,,,-0.0071557632253779,-0.0070377185478848,0.0271203018110387,0.0264835171856328,1,1,0,0,1.5055180359999838,0.6347180520000109,2.1402360879999947,12.904230655999982,0.0700847550000105,null_forced_k3,mc_null_forced_k3_chunk06.csv
0.0,0.75,20300064,624,624.0,624.0,624.0,624.0,,,,,,160,143,2,no_label_changes,0.7993219731554466,0.7993655425143701,0.7852320684478539,0.791487769903729,0.0323321196701744,0.0322711510991445,0.0754975896280941,0.049813819768662,,,,,-0.0140899047075927,-0.0141334740665162,0.0431654699579197,0.0432264385289496,1,1,0,0,1.5180557939999917,0.4003784340000038,1.9184342279999955,12.839005200000004,0.0706890769999972,null_forced_k3,mc_null_forced_k3_chunk06.csv
0.0,0.75,20300065,624,274.0,613.0,303.0,624.0,,,,,,144,138,4,no_label_changes,0.7917906709462416,0.7828902404620904,0.7791829829354161,0.7800235815479634,0.0180927619527712,0.0302206968284507,0.0791730726306518,0.0666002454456735,,,,,-0.0126076880108254,-0.0037072575266743,0.0610803106778806,0.048952375802201,1,1,0,0,1.5239654419999908,0.7103671239999869,2.2343325659999778,24.192404259,0.0706575530000179,null_forced_k3,mc_null_forced_k3_chunk06.csv
0.0,0.75,20300066,622,622.0,624.0,149.0,623.0,,,,,,125,122,3,no_label_changes,0.7705926069006853,0.7565666229668725,0.7494216342910367,0.7550670016256513,0.0190906554366287,0.0625386383708621,0.0916558580718894,0.0707672373729698,,,,,-0.0211709726096486,-0.0071449886758357,0.0725652026352607,0.0291172197010273,1,1,0,0,1.5867737819999943,0.4986970060000146,2.085470788000009,18.28506350200001,0.0700400169999966,null_forced_k3,mc_null_forced_k3_chunk06.csv
0.0,0.75,20300067,624,604.0,624.0,624.0,624.0,,,,,,171,169,2,no_label_changes,0.7883192395333172,0.7880576526460068,0.7709106243203575,0.7760334747966748,0.0168491284853446,0.0164177193783005,0.0852582813156983,0.0520275349463498,,,,,-0.0174086152129596,-0.0171470283256492,0.0684091528303537,0.0688405619373978,1,1,0,0,1.4727810100000056,0.4423029719999931,1.9150839819999987,12.726975505999974,0.0702268410000215,null_forced_k3,mc_null_forced_k3_chunk06.csv
0.0,0.75,20300068,620,382.0,604.0,624.0,365.0,,,,,,132,123,4,no_label_changes,0.7840712293998162,0.7784036042746659,0.7651477991242729,0.7702825136302683,0.0289311573423344,0.0395600744590256,0.0928752690069137,0.0604853933894115,,,,,-0.0189234302755433,-0.013255805150393,0.0639441116645792,0.053315194547888,1,1,0,0,1.4533872960000167,0.6481702780000091,2.101557574000026,18.69200165899997,0.0702074370000218,null_forced_k3,mc_null_forced_k3_chunk06.csv
0.0,0.75,20300069,616,543.0,295.0,624.0,624.0,,,,,,142,126,3,no_label_changes,0.8035569262134824,0.7959323213144388,0.7906849726797837,0.789594103507103,0.0372835631174558,0.0583567532078824,0.0702116494548765,0.0727434134216067,,,,,-0.0128719535336987,-0.0052473486346551,0.0329280863374206,0.011854896246994,1,1,0,0,1.367834565999999,0.52156340800002,1.889397974000019,13.040702870000018,0.0702125189999947,null_forced_k3,mc_null_forced_k3_chunk06.csv
0.0,0.75,20300070,570,624.0,620.0,422.0,513.0,,,,,,124,120,3,no_label_changes,0.7923789464291833,0.7911136150266956,0.7808971134092522,0.78380901732919,0.0493542086626482,0.0546697662432168,0.1095224271664367,0.0974766561957598,,,,,-0.0114818330199311,-0.0102165016174434,0.0601682185037884,0.0548526609232199,1,1,0,0,1.7551135819999786,0.2834627590000025,2.038576340999981,11.130312348000018,0.0389642359999982,null_forced_k3,mc_null_forced_k3_chunk07.csv
0.0,0.75,20300071,624,624.0,451.0,624.0,623.0,,,,,,148,147,3,no_label_changes,0.7586237963781033,0.7554762079148137,0.7421139955582714,0.7479756016888526,0.0456067338614702,0.0563829806358358,0.0877141080859253,0.078091527603961,,,,,-0.0165098008198318,-0.0133622123565423,0.042107374224455,0.0313311274500894,1,1,0,0,0.8728344520000064,0.3539644380000197,1.2267988900000262,11.050469058999994,0.0393577650000054,null_forced_k3,mc_null_forced_k3_chunk07.csv
0.0,0.75,20300072,624,624.0,624.0,624.0,596.0,,,,,,127,123,1,global_objective_guard_rejected_sweep,0.7673641582913538,0.7667693631524646,0.7590365390526863,0.7599735921878982,0.0442756663720452,0.0454693241048766,0.0654112281896044,0.0686357449446354,,,,,-0.0083276192386675,-0.0077328240997782,0.0211355618175592,0.0199419040847278,1,1,0,0,0.8859183240000164,0.1741442710000171,1.0600625950000335,7.592055110999979,0.0350761820000116,null_forced_k3,mc_null_forced_k3_chunk07.csv
0.0,0.75,20300073,623,619.0,620.0,624.0,624.0,,,,,,115,109,5,no_label_changes,0.7949392415079066,0.7947466234360625,0.7829352659702643,0.7815811567714763,0.0364370352618481,0.0371539007708648,0.0707805991896616,0.0716532998242318,,,,,-0.0120039755376423,-0.0118113574657982,0.0343435639278135,0.0336266984187968,1,1,0,0,0.9618600839999942,0.3752262499999972,1.3370863339999914,7.747810381999983,0.0362728940000067,null_forced_k3,mc_null_forced_k3_chunk07.csv
0.0,0.75,20300074,624,624.0,443.0,617.0,624.0,,,,,,122,113,4,no_label_changes,0.7987077675662291,0.7958665825845621,0.786824434815583,0.789288636229513,0.0369666346265822,0.0442794157136037,0.0652351966155182,0.066706482757528,,,,,-0.0118833327506461,-0.0090421477689791,0.028268561988936,0.0209557809019144,1,1,0,0,0.8618681789999982,0.3175921170000038,1.179460296000002,7.733288515000027,0.0359083840000096,null_forced_k3,mc_null_forced_k3_chunk07.csv
0.0,0.75,20300075,623,221.0,624.0,623.0,624.0,,,,,,134,129,4,global_objective_guard_rejected_sweep,0.7727174691631983,0.7644400847523187,0.7508838804863228,0.7585653483756511,0.0313390521280035,0.0346149734858991,0.0948109988672573,0.0524722580900748,,,,,-0.0218335886768754,-0.0135562042659959,0.0634719467392538,0.0601960253813582,1,1,0,0,0.9325121509999974,0.3755708989999959,1.3080830499999934,7.783879641999988,0.0350829680000117,null_forced_k3,mc_null_forced_k3_chunk07.csv
0.0,0.75,20300076,624,624.0,624.0,624.0,624.0,,,,,,134,123,2,no_label_changes,0.791816305931455,0.7917270676984057,0.7838657525962689,0.7837648213071015,0.0171376936154623,0.0177175160714146,0.0374310466629852,0.0471258330339935,,,,,-0.0079505533351861,-0.0078613151021368,0.0202933530475229,0.0197135305915706,1,1,0,0,0.97080997300003,0.2344428829999856,1.2052528560000155,7.777575388000002,0.0380805159999795,null_forced_k3,mc_null_forced_k3_chunk07.csv
0.0,0.75,20300077,624,624.0,274.0,624.0,624.0,,,,,,137,129,3,no_label_changes,0.7672349191269082,0.7631063113423517,0.7548128427213548,0.7570635064208122,0.0222788782516544,0.03103987562188,0.0573192030735985,0.0465967589610624,,,,,-0.0124220764055533,-0.0082934686209968,0.035040324821944,0.0262793274517184,1,1,0,0,0.8630137490000038,0.2636544549999939,1.1266682039999978,7.861470951999991,0.0550630470000328,null_forced_k3,mc_null_forced_k3_chunk07.csv
0.0,0.75,20300078,604,623.0,441.0,624.0,398.0,,,,,,141,129,3,no_label_changes,0.757846097631943,0.7544691901446604,0.7411783952977892,0.7492898854848025,0.0545928239107835,0.0635546521012198,0.0965356756909312,0.0753264236915335,,,,,-0.0166677023341538,-0.0132907948468712,0.0419428517801476,0.0329810235897113,1,1,0,0,0.8259302000000162,0.2923890989999904,1.1183192990000066,11.088156017000015,0.0347646360000339,null_forced_k3,mc_null_forced_k3_chunk07.csv
0.0,0.75,20300079,623,624.0,179.0,555.0,141.0,,,,,,142,120,5,no_label_changes,0.7562653540710524,0.728833628027844,0.7404289352389468,0.7419831190280769,0.0347495066362829,0.0919298450973305,0.0912384992787507,0.0761093972695304,,,,,-0.0158364188321056,0.0115953072111028,0.0564889926424678,-0.0006913458185798,1,0,0,1,0.8541349370000262,0.4058811180000248,1.260016055000051,14.549337920000028,0.0401438109999503,null_forced_k3,mc_null_forced_k3_chunk07.csv
0.0,0.75,20300080,604,620.0,565.0,622.0,331.0,,,,,,171,164,3,no_label_changes,0.7647176987566812,0.7611308938877254,0.7542291677447837,0.7515546180931104,0.0344525486279873,0.0502778687773303,0.0797544894160773,0.0769355013292551,,,,,-0.0104885310118975,-0.0069017261429417,0.04530194078809,0.029476620638747,1,1,0,0,2.370903086000005,0.4711336480000057,2.8420367340000112,14.557312706999994,0.0507632249999971,null_forced_k3,mc_null_forced_k3_chunk08.csv
0.0,0.75,20300081,624,624.0,624.0,623.0,623.0,,,,,,159,143,4,no_label_changes,0.7737231890609808,0.7735330867706276,0.7595168972216247,0.7613748119838437,0.031251953089801,0.0315810306273991,0.063964570034534,0.0495901797594999,,,,,-0.014206291839356,-0.0140161895490028,0.0327126169447329,0.0323835394071349,1,1,0,0,1.2126750919999978,0.540349956,1.7530250479999978,10.245675480999992,0.0507334189999966,null_forced_k3,mc_null_forced_k3_chunk08.csv
0.0,0.75,20300082,624,197.0,276.0,624.0,624.0,,,,,,182,178,3,no_label_changes,0.8151012773576142,0.8009334164018144,0.7951435262279152,0.8026564592465375,0.0255838231350223,0.042283621290158,0.0822283464543396,0.042709606073325,,,,,-0.0199577511296989,-0.0057898901738991,0.0566445233193172,0.0399447251641815,1,1,0,0,1.2161703120000027,0.4568229420000023,1.672993254000005,14.702376,0.0505039770000053,null_forced_k3,mc_null_forced_k3_chunk08.csv
0.0,0.75,20300083,621,624.0,620.0,560.0,621.0,,,,,,134,126,4,no_label_changes,0.8075091652172445,0.8063509917504851,0.7901452101809677,0.7985663007129064,0.0451244529004198,0.0492579790957726,0.0851407200470372,0.0637928694493367,,,,,-0.0173639550362767,-0.0162057815695173,0.0400162671466174,0.0358827409512646,1,1,0,0,1.268281536999993,0.4858050060000067,1.7540865429999997,14.829706899,0.0515225679999957,null_forced_k3,mc_null_forced_k3_chunk08.csv
0.0,0.75,20300084,584,142.0,574.0,154.0,582.0,,,,,,121,118,3,no_label_changes,0.746196809192979,0.7193975336659333,0.724910733606365,0.7336531368333639,0.0426180354437542,0.065253016671839,0.0976418284972368,0.0798733187939645,,,,,-0.0212860755866139,0.0055131999404317,0.0550237930534825,0.0323888118253977,1,0,0,0,1.1552530489999953,0.3922397169999954,1.5474927659999906,14.838414048999994,0.0507494130000054,null_forced_k3,mc_null_forced_k3_chunk08.csv
0.0,0.75,20300085,624,622.0,624.0,624.0,624.0,,,,,,130,117,5,no_label_changes,0.7902019786156509,0.7903476755184023,0.7716577675108445,0.783645934742216,0.0246589567346043,0.0236622288739447,0.0866427152430966,0.0586754531670186,,,,,-0.0185442111048064,-0.0186899080075578,0.0619837585084922,0.0629804863691518,1,1,0,0,1.2264678180000033,0.5629483060000098,1.789416124000013,10.347745513999996,0.0513911339999992,null_forced_k3,mc_null_forced_k3_chunk08.csv
0.0,0.75,20300086,604,611.0,534.0,604.0,611.0,,,,,,154,144,5,no_label_changes,0.7855304117944546,0.7854088361054526,0.7653117024831264,0.7755892469084931,0.0403583665907308,0.0418583328716475,0.088726339047703,0.081460385005821,,,,,-0.0202187093113281,-0.0200971336223262,0.0483679724569721,0.0468680061760554,1,1,0,0,1.0821330040000134,0.5690963129999886,1.651229317000002,14.633497987999988,0.0511176660000103,null_forced_k3,mc_null_forced_k3_chunk08.csv
0.0,0.75,20300087,624,240.0,319.0,624.0,488.0,,,,,,142,135,2,no_label_changes,0.7706587940417869,0.7583443690329181,0.7549188852362143,0.7579768212531208,0.0550416949579495,0.0652551325224734,0.0785418219645568,0.0768651982119798,,,,,-0.0157399088055726,-0.0034254837967038,0.0235001270066073,0.0132866894420834,1,1,0,0,1.16824609599999,0.2935053449999998,1.46175144099999,14.894792764999975,0.0506370429999947,null_forced_k3,mc_null_forced_k3_chunk08.csv
0.0,0.75,20300088,345,199.0,533.0,624.0,222.0,,,,,,133,124,4,no_label_changes,0.754008956123049,0.7478086400745794,0.7473932607590146,0.7551173750783113,0.0438935386026087,0.0422279435648884,0.0778151762286844,0.0462954542743756,,,,,-0.0066156953640343,-0.0004153793155647,0.0339216376260757,0.035587232663796,1,1,0,0,1.2599088679999966,0.5165297910000106,1.7764386590000072,14.87820224699999,0.0553158109999856,null_forced_k3,mc_null_forced_k3_chunk08.csv
0.0,0.75,20300089,624,624.0,624.0,133.0,622.0,,,,,,136,125,4,no_label_changes,0.7774186777521906,0.7631500250732023,0.7670386359179653,0.7685353864709915,0.0222981981349088,0.0631379608152701,0.060914083957926,0.0533708346938657,,,,,-0.0103800418342253,0.0038886108447629,0.0386158858230171,-0.0022238768573441,1,0,0,1,1.270072290999991,0.4781423850000124,1.7482146760000037,14.663083231000002,0.0502462379999997,null_forced_k3,mc_null_forced_k3_chunk08.csv
0.0,0.75,20300090,624,624.0,624.0,297.0,624.0,,,,,,147,133,3,no_label_changes,0.7607209809592597,0.7562868860566827,0.7507726780142719,0.7504250236934772,0.0291927614429694,0.0404932647979313,0.0563739746619419,0.0523392488356614,,,,,-0.0099483029449877,-0.0055142080424107,0.0271812132189724,0.0158807098640105,1,1,0,0,2.7358127330000173,0.4663296839999873,3.202142417000005,17.074627450999998,0.0548826210000186,null_forced_k3,mc_null_forced_k3_chunk09.csv
0.0,0.75,20300091,597,491.0,624.0,382.0,490.0,,,,,,124,121,3,no_label_changes,0.7905410920483891,0.785778582921769,0.7758401683851016,0.7809285123213561,0.0517962454469538,0.0615758719035477,0.0990911519688958,0.069647531071375,,,,,-0.0147009236632874,-0.0099384145366674,0.0472949065219419,0.037515280065348,1,1,0,0,1.3192509240000163,0.4122618410000029,1.7315127650000193,16.823752014000007,0.054151776999987,null_forced_k3,mc_null_forced_k3_chunk09.csv
0.0,0.75,20300092,624,575.0,624.0,623.0,615.0,,,,,,146,133,4,no_label_changes,0.7647348113074791,0.7639400459047886,0.7528591250046319,0.7562400454384071,0.0168037860575902,0.017765431544955,0.0690536916190267,0.0535774045170342,,,,,-0.0118756863028471,-0.0110809209001566,0.0522499055614365,0.0512882600740717,1,1,0,0,1.3751808910000136,0.5129188859999942,1.888099777000008,11.520928483000006,0.054350200999977,null_forced_k3,mc_null_forced_k3_chunk09.csv
0.0,0.75,20300093,624,624.0,572.0,623.0,624.0,,,,,,162,164,7,no_label_changes,0.7539879503029419,0.7533019657707543,0.7299958771972275,0.7447382381693731,0.0326753791770784,0.0342964283401336,0.1034983031479521,0.0565675658386622,,,,,-0.0239920731057143,-0.0233060885735267,0.0708229239708736,0.0692018748078185,1,1,0,0,1.29366777300001,0.8983653310000079,2.192033104000018,11.916597440000004,0.0556492940000055,null_forced_k3,mc_null_forced_k3_chunk09.csv
0.0,0.75,20300094,623,624.0,622.0,457.0,624.0,,,,,,122,119,3,no_label_changes,0.7696547587309184,0.7669608318675714,0.757014698561639,0.7581438325148089,0.0541130023376712,0.0633948345401708,0.0809371941205011,0.0892940456717096,,,,,-0.0126400601692793,-0.0099461333059323,0.0268241917828298,0.0175423595803303,1,1,0,0,1.4093712549999964,0.4004004299999906,1.809771684999987,16.483285749999993,0.0547954529999969,null_forced_k3,mc_null_forced_k3_chunk09.csv
0.0,0.75,20300095,624,624.0,404.0,624.0,624.0,,,,,,157,140,2,no_label_changes,0.7435023827139764,0.7408137750466295,0.7345597638547998,0.7330313995081315,0.0476740346249862,0.0517902447458844,0.0583254375801632,0.0678299705466278,,,,,-0.0089426188591765,-0.0062540111918296,0.0106514029551769,0.0065351928342788,1,1,0,0,1.4194678339999882,0.345282898999983,1.7647507329999712,11.434627665999985,0.0538929059999873,null_forced_k3,mc_null_forced_k3_chunk09.csv
0.0,0.75,20300096,624,621.0,624.0,242.0,624.0,,,,,,156,148,6,no_label_changes,0.7890642961412347,0.7830891700157082,0.7727118518236161,0.7772426668662354,0.0396926546950662,0.0511166927543077,0.0786572509245556,0.0587065374966773,,,,,-0.0163524443176186,-0.010377318192092,0.0389645962294893,0.0275405581702478,1,1,0,0,1.3708382440000264,0.7400167679999754,2.110855012000002,16.44168328300003,0.0542551879999564,null_forced_k3,mc_null_forced_k3_chunk09.csv
0.0,0.75,20300097,621,624.0,297.0,624.0,590.0,,,,,,124,121,2,no_label_changes,0.8008035995263686,0.7950367251354966,0.7874797456053841,0.7865426615497562,0.0530902447021836,0.0665825404132949,0.0881997305743161,0.0783915934453938,,,,,-0.0133238539209844,-0.0075569795301124,0.0351094858721324,0.0216171901610212,1,1,0,0,1.3886169030000133,0.3022181860000046,1.690835089000018,16.946197728999948,0.0546513340000274,null_forced_k3,mc_null_forced_k3_chunk09.csv
0.0,0.75,20300098,624,213.0,624.0,624.0,623.0,,,,,,119,111,1,global_objective_guard_rejected_sweep,0.7858108443672983,0.7779670694174042,0.7709030405021677,0.7760731575503924,0.0269811974832738,0.0255606825040611,0.0587480128006609,0.0523886191117273,,,,,-0.0149078038651305,-0.0070640289152364,0.031766815317387,0.0331873302965997,1,1,0,0,1.420006500999989,0.2684636629999772,1.6884701639999662,11.804063590999988,0.0606087070000285,null_forced_k3,mc_null_forced_k3_chunk09.csv
0.0,0.75,20300099,453,623.0,624.0,558.0,241.0,,,,,,153,151,3,no_label_changes,0.7549171042991912,0.7529438651074836,0.7494668430801994,0.7483306891559065,0.0497549212577172,0.05933122636337,0.0817490168589099,0.0671645681367443,,,,,-0.0054502612189918,-0.0034770220272841,0.0319940956011927,0.0224177904955399,1,1,0,0,1.408968404999996,0.4853684469999848,1.8943368519999808,16.712881033999963,0.0543056800000272,null_forced_k3,mc_null_forced_k3_chunk09.csv
2.0,0.35,20300000,57,61.0,13.0,12.0,21.0,,0.7962063608924931,0.9822659354517204,0.1206896551724138,0.8938053097345132,119,113,4,no_label_changes,0.2915916816551859,0.1398471694590923,0.1464111450837212,0.1428219483627605,0.1844661805669916,0.1547763011775849,0.065225276253669,0.0167445210379113,0.204134734127338,0.4113562708390388,0.9115012693591972,1.005162422074982,-0.1451805365714646,0.0065639756246289,-0.1192409043133225,-0.0895510249239158,1,0,1,1,2.936449359999997,0.644724158999999,3.5811735189999965,47.64400323899999,0.071252230000006,strong,mc_strong_chunk00.csv
2.0,0.35,20300001,61,114.0,21.0,37.0,37.0,,0.9025168236235568,0.9898693265955232,0.4521739130434782,0.9422222222222224,117,112,3,no_label_changes,0.2656117642447959,0.2009350146149922,0.1447345177102147,0.1436972103226714,0.1821728311245135,0.1706720926999196,0.0609710268843677,0.0152058748739953,0.1978797222417102,0.2788950011597899,0.9374253976206292,0.9991601625268888,-0.1208772465345811,-0.0562004969047775,-0.1212018042401457,-0.1097010658155518,1,1,1,1,1.5498986629999931,0.4787044710000003,2.0286031339999937,30.046363867,0.0719028799999961,strong,mc_strong_chunk00.csv
2.0,0.35,20300002,54,89.0,21.0,37.0,13.0,,0.7940423355449213,0.9898693265955232,0.1875,0.9422222222222224,111,112,5,no_label_changes,0.2407298767445259,0.1478717939622085,0.1479334043273631,0.1461564347594194,0.1831596866835375,0.162870424407991,0.0632017841291217,0.0133019506541436,0.212794073698099,0.3824211347780337,0.9388757814303414,0.9998472008513906,-0.0927964724171628,6.161036515459073e-05,-0.1199579025544157,-0.0996686402788692,1,0,1,1,1.5654061639999952,0.7105739650000089,2.275980129000004,47.29007973100002,0.0708782309999946,strong,mc_strong_chunk00.csv
2.0,0.35,20300003,57,542.0,37.0,34.0,37.0,,0.8237870929854068,1.0,0.2017543859649123,1.0,115,113,4,no_label_changes,0.2511007418588618,0.2151721409525327,0.1503182163118392,0.1503182163118392,0.1782960143941028,0.1600768897266326,0.0110629638005144,0.0110629638005144,0.2473862578741362,0.2851406113286487,1.0009993174128915,1.0009993174128915,-0.1007825255470226,-0.0648539246406935,-0.1672330505935883,-0.1490139259261181,1,1,1,1,1.4402979990000233,0.5878549509999971,2.0281529500000204,29.955905175,0.0716068639999889,strong,mc_strong_chunk00.csv
2.0,0.35,20300004,57,89.0,22.0,22.0,37.0,,0.9127284309887644,1.0,0.5321888412017167,1.0,120,113,2,no_label_changes,0.2405816303908175,0.187257649631834,0.1403872042525704,0.1403872042525704,0.1689152663900502,0.1469141240261406,0.0119886192286645,0.0119886192286645,0.2156574313081259,0.3059724795166157,1.0023276223159323,1.0023276223159323,-0.100194426138247,-0.0468704453792636,-0.1569266471613857,-0.1349255047974761,1,1,1,1,1.4921591640000145,0.3623518580000109,1.8545110220000252,30.94768854899999,0.0738399130000004,strong,mc_strong_chunk00.csv
2.0,0.35,20300005,49,37.0,12.0,29.0,25.0,,0.859518859916826,0.988259762404223,0.3574468085106382,0.9251101321585904,122,114,3,no_label_changes,0.2313676037610153,0.1506947795485529,0.1460349875345755,0.1411138594429923,0.1593272276360544,0.1483206645658202,0.0553009639494715,0.0076895820754213,0.2479697504671075,0.3287120690610481,0.9255849448651556,0.9952951720028684,-0.0853326162264398,-0.0046597920139774,-0.1040262636865828,-0.0930197006163486,1,1,1,1,1.5476358359999836,0.4822545570000329,2.0298903930000165,35.97969020299996,0.0713271400000508,strong,mc_strong_chunk00.csv
2.0,0.35,20300006,57,136.0,21.0,21.0,29.0,,0.91410926024087,0.9897449176581696,0.5739130434782609,0.9469026548672568,117,113,2,no_label_changes,0.2522972869922391,0.1708266070984129,0.1506184326184683,0.1508015765119981,0.1691346329910062,0.1412658780024503,0.0724530728148078,0.011796809236322,0.235519650874403,0.4102888168659833,0.9370229724618558,0.9982152121609402,-0.1016788543737707,-0.0202081744799445,-0.0966815601761984,-0.0688128051876425,1,1,1,1,1.450795913000036,0.3595037569999704,1.8102996700000065,47.156064141,0.070722829000033,strong,mc_strong_chunk00.csv
2.0,0.35,20300007,61,177.0,29.0,25.0,29.0,,0.7795555113232558,0.965676767081466,0.105726872246696,0.8947368421052632,114,115,3,no_label_changes,0.2694646418254271,0.2060400166462089,0.1780926914294815,0.1497925979697071,0.166580813382571,0.1563673887426393,0.0810616165031428,0.0123406456429707,0.2189623227106545,0.2941102913233331,0.9096033419020974,1.0029679511931642,-0.0913719503959455,-0.0279473252167274,-0.0855191968794282,-0.0753057722394965,1,1,1,1,1.5379087289999802,0.4758958849999999,2.01380461399998,30.335536837000006,0.0707208129999799,strong,mc_strong_chunk00.csv
2.0,0.35,20300008,57,569.0,21.0,23.0,37.0,,0.9009258822187598,1.0,0.4291845493562232,1.0,120,113,3,no_label_changes,0.2520346408646555,0.1825422886799403,0.1403124281507321,0.1403124281507321,0.1727738610185782,0.1602166394259147,0.0085872241576455,0.0085872241576455,0.216676503854716,0.3025840610349853,1.0065102305908022,1.0065102305908022,-0.1117222127139234,-0.0422298605292082,-0.1641866368609326,-0.1516294152682691,1,1,1,1,1.4424429960000111,0.4772233709999796,1.9196663669999907,30.020823472000018,0.0716026169999963,strong,mc_strong_chunk00.csv
2.0,0.35,20300009,57,227.0,18.0,37.0,29.0,,0.8874292967745302,0.9900614019083416,0.3690987124463519,0.9385964912280702,120,115,3,no_label_changes,0.2303690499688396,0.1788898785963855,0.1508314462353747,0.1515108550078708,0.1656269139009668,0.1467807080328902,0.0468403378655765,0.013775632379605,0.2475774368580129,0.3258986055260615,0.9378771531180514,0.9856475747568032,-0.0795376037334648,-0.0280584323610107,-0.1187865760353902,-0.0999403701673136,1,1,1,1,1.4547191540000313,0.4859712509999667,1.940690404999998,29.56543072599999,0.0727955210000459,strong,mc_strong_chunk00.csv
2.0,0.35,20300010,61,344.0,21.0,37.0,37.0,,0.8736184034266392,0.969672033502016,0.5,0.8245614035087718,123,115,3,no_label_changes,0.2734342002061997,0.2039097643796159,0.1557221139950149,0.153739416050768,0.1904384609773275,0.1783733749198383,0.0862108344541431,0.0161698648794894,0.2134743080428028,0.2865282182209266,0.8356688336285644,0.9821974366193332,-0.1177120862111847,-0.0481876503846009,-0.1042276265231843,-0.0921625404656952,1,1,1,1,1.6421725339999966,0.214724541999999,1.856897075999996,15.073250707,0.0286070139999878,strong,mc_strong_chunk01.csv
2.0,0.35,20300011,57,37.0,22.0,36.0,37.0,,0.8771283942110223,1.0,0.3930131004366812,1.0,116,113,5,no_label_changes,0.2388838361769952,0.1980039896696886,0.1407564888782639,0.1407564888782639,0.1862644206637452,0.1733154168484496,0.0122709177211405,0.0122709177211405,0.2158367444576726,0.2676324906516794,1.010843901589141,1.010843901589141,-0.0981273472987312,-0.0572475007914247,-0.1739935029426046,-0.161044499127309,1,1,1,1,0.8159316539999963,0.3087647400000151,1.1246963940000114,14.738741103999985,0.0278657160000079,strong,mc_strong_chunk01.csv
2.0,0.35,20300012,57,624.0,18.0,21.0,13.0,,0.8368565685279253,0.9248483302460015,0.3282442748091603,0.7126436781609196,149,148,2,no_label_changes,0.2318373216424172,0.1351729648630856,0.2058216594512965,0.1532943163785346,0.1645577352145093,0.1569938238123716,0.150751296254446,0.0113085684393886,0.2568635814971613,0.3795694872338926,0.820206502928443,1.0002258612503838,-0.0260156621911207,0.0706486945882109,-0.0138064389600632,-0.0062425275579255,1,0,1,1,0.7439428849999672,0.1616532310000025,0.9055961159999696,28.326778501999968,0.0279866179999999,strong,mc_strong_chunk01.csv
2.0,0.35,20300013,57,61.0,21.0,25.0,37.0,,0.8980640989790114,0.9882631067164224,0.408695652173913,0.912280701754386,117,115,2,no_label_changes,0.2298420443345487,0.1572212490734586,0.140231224482318,0.1410209336236915,0.159294781451649,0.1358631868905879,0.0551881883360729,0.0112278830374486,0.2497623315478638,0.3781350058408812,0.9311896889635176,1.0023252321528568,-0.0896108198522307,-0.0169900245911406,-0.1041065931155761,-0.080674998554515,1,1,1,1,0.7339289200000394,0.1516614110000205,0.8855903310000599,11.977868205999982,0.0280192939999892,strong,mc_strong_chunk01.csv
2.0,0.35,20300014,49,624.0,21.0,13.0,20.0,,0.9052566564719766,0.9843970186508688,0.4329004329004329,0.8986784140969163,118,114,2,no_label_changes,0.2447980250298848,0.1442886164944204,0.1460155792048434,0.1433000831865644,0.1644171416869301,0.1516631977367081,0.0642618242806931,0.0106937269858224,0.230069562033468,0.4005452028833715,0.9033523654867244,0.992254609318282,-0.0987824458250413,0.001726962710423,-0.100155317406237,-0.087401373456015,1,0,1,1,0.7751116029999707,0.1483950520000121,0.9235066549999827,20.11266076699997,0.0275989119999735,strong,mc_strong_chunk01.csv
2.0,0.35,20300015,49,288.0,12.0,25.0,23.0,,0.8430689184310971,1.0,0.2212765957446808,1.0,122,113,4,no_label_changes,0.2410648234094157,0.1726999138433557,0.1399931972952153,0.1399931972952153,0.1568633084745853,0.1496279982641517,0.0129914653608278,0.0129914653608278,0.2657840501075626,0.3304605575712979,1.002025872778558,1.002025872778558,-0.1010716261142003,-0.0327067165481404,-0.1438718431137574,-0.1366365329033238,1,1,1,1,0.8308028120000017,0.2466976480000084,1.0775004600000102,17.77356890300001,0.0279332769999882,strong,mc_strong_chunk01.csv
2.0,0.35,20300016,54,284.0,21.0,33.0,25.0,,0.8769488495632494,0.9802280945676224,0.2819383259911894,0.8859649122807017,114,115,2,no_label_changes,0.2521726589622194,0.1766065344813866,0.1460505265500093,0.1428982059613012,0.1685554167866731,0.1490340959570594,0.0661606564865147,0.0146795316346913,0.238630690902006,0.3362217243111026,0.9187577285879128,1.014640719789622,-0.10612213241221,-0.0305560079313773,-0.1023947603001583,-0.0828734394705447,1,1,1,1,0.7674092120000182,0.1493047369999658,0.916713948999984,17.404560521000008,0.0279791959999897,strong,mc_strong_chunk01.csv
2.0,0.35,20300017,57,566.0,21.0,25.0,37.0,,0.8832517500674988,0.9799679698309652,0.3842794759825327,0.8938053097345132,116,113,2,global_objective_guard_rejected_sweep,0.2387452488878651,0.1801011464037852,0.1394197948655805,0.1367277796704766,0.1703750078700238,0.1515145253694252,0.0737340382337532,0.0127052055343828,0.2390618147608843,0.3372691671288761,0.8994271381982472,1.001599168812534,-0.0993254540222846,-0.0406813515382047,-0.0966409696362705,-0.0777804871356719,1,1,1,1,0.7334704119999742,0.1730366869999784,0.9065070989999526,17.20450651599998,0.0275144629999886,strong,mc_strong_chunk01.csv
2.0,0.35,20300018,57,623.0,21.0,37.0,37.0,,0.8063966287683529,0.9604833028177971,0.0515021459227467,0.8266666666666667,120,112,3,no_label_changes,0.2435598938952106,0.1904420095972347,0.1756036153913141,0.1575137514531693,0.1744124477611113,0.160403686023835,0.1001343040130665,0.0129636074063454,0.2480257993311246,0.3255322750103613,0.8410666285990973,0.9995986829365168,-0.0679562785038965,-0.0148383942059206,-0.0742781437480448,-0.0602693820107684,1,1,1,1,0.7043056109999952,0.1967597649999675,0.9010653759999628,11.70753219300002,0.0274841779999519,strong,mc_strong_chunk01.csv
2.0,0.35,20300019,57,241.0,20.0,20.0,21.0,,0.8940266769090826,1.0,0.5,1.0,127,113,3,no_label_changes,0.2555238471763641,0.1531921609289635,0.1528506013564805,0.1528506013564805,0.1658515557774905,0.1502993002784502,0.013482882676851,0.013482882676851,0.2316225183671291,0.3794149849693204,1.0217052061648315,1.0217052061648315,-0.1026732458198836,-0.0003415595724829,-0.1523686731006395,-0.1368164176015992,1,1,1,1,0.7332450080000399,0.19405034600004,0.92729535400008,20.05984887400001,0.0277477079999926,strong,mc_strong_chunk01.csv
2.0,0.35,20300020,54,414.0,18.0,18.0,38.0,,0.8711895341503082,0.986152116411234,0.4340425531914894,0.9203539823008848,122,113,4,no_label_changes,0.2565699151975102,0.1732732124909714,0.1434988745368069,0.1436794372513739,0.1630189394078202,0.1524732141294256,0.0570753838910506,0.0114566762778216,0.2527281268259305,0.3520302536304415,0.923736210140855,0.990766983495924,-0.1130710406607032,-0.0297743379541645,-0.1059435555167695,-0.0953978302383749,1,1,1,1,2.872436422000007,0.7485172190000071,3.620953641000014,28.38996038800001,0.0848381719999906,strong,mc_strong_chunk02.csv
2.0,0.35,20300021,57,424.0,37.0,44.0,29.0,,0.8637137664385169,0.988259762404223,0.2869198312236287,0.912280701754386,124,115,2,no_label_changes,0.2628825362441935,0.2321003954931238,0.1501017325757148,0.146794600323557,0.1717561591305056,0.1571014220210747,0.0568131872963083,0.012024395952669,0.2253922649195534,0.2917254522046907,0.9243806911555882,0.995849971911092,-0.1127808036684787,-0.0819986629174089,-0.1149429718341972,-0.1002882347247663,1,1,1,1,1.3490021249999984,0.3582180810000039,1.7072202060000023,28.66820423400001,0.0662644599999993,strong,mc_strong_chunk02.csv
2.0,0.35,20300022,60,367.0,18.0,21.0,23.0,,0.7639228452741702,0.9900614019083416,0.0769230769230769,0.9385964912280702,121,115,4,no_label_changes,0.2571466942012821,0.160809902929388,0.1479402406043922,0.1480724683288833,0.1724326449620856,0.1305678450539815,0.0462582898665339,0.0115052808137167,0.2112976774135904,0.4303125040310804,0.9612534120457724,1.0106707977069032,-0.1092064535968899,-0.0128696623249958,-0.1261743550955516,-0.0843095551874476,1,1,1,1,1.406358315999995,0.5878336819999959,1.994191997999991,39.41997333499998,0.0687515190000169,strong,mc_strong_chunk02.csv
2.0,0.35,20300023,49,174.0,15.0,15.0,48.0,,0.8279151286990759,0.9745631843817096,0.0960698689956331,0.8407079646017699,116,113,4,no_label_changes,0.2383731846142988,0.1625142445871744,0.1528563599736983,0.1514567823068015,0.1661611006767302,0.1583476328202888,0.0802981568403188,0.0100528765328312,0.2676648281270823,0.3392629928591473,0.8620965096759121,1.0020684545053884,-0.0855168246406005,-0.0096578846134761,-0.0858629438364114,-0.07804947597997,1,1,1,1,1.4573202869999875,0.5546020890000136,2.011922376000001,33.93114106800002,0.0701382150000142,strong,mc_strong_chunk02.csv
2.0,0.35,20300024,57,42.0,13.0,15.0,18.0,,0.8334277439289971,1.0,0.282051282051282,1.0,121,113,5,no_label_changes,0.260915984191427,0.1327126775935726,0.1464099441042122,0.1464099441042122,0.1700307110210744,0.1478974810682829,0.0120049442266518,0.0120049442266518,0.2340540009421044,0.4470377644953078,0.9922372944028052,0.9922372944028052,-0.1145060400872147,0.0136972665106395,-0.1580257667944226,-0.1358925368416311,1,0,1,1,1.4045172259999958,0.6904976209999916,2.0950148469999874,51.59162987899998,0.0706369639999877,strong,mc_strong_chunk02.csv
2.0,0.35,20300025,57,181.0,20.0,33.0,37.0,,0.8967611743314342,0.955821502845269,0.5887445887445888,0.8908296943231441,118,116,2,no_label_changes,0.2536395002439189,0.1914312989541115,0.1936345675410161,0.161375725723578,0.1907194128677172,0.1602720225898476,0.0990076732116552,0.0200941388796841,0.208102402944183,0.3366366254950602,0.9074184444629784,0.9994462215425391,-0.0600049327029028,0.0022032685869046,-0.091711739656062,-0.0612643493781924,1,0,1,1,1.4008593519999977,0.3575045289999821,1.7583638809999798,29.451513471,0.0705073040000456,strong,mc_strong_chunk02.csv
2.0,0.35,20300026,56,432.0,15.0,23.0,13.0,,0.8826349826064006,1.0,0.329004329004329,1.0,118,113,2,no_label_changes,0.2595788911103063,0.1478029478410377,0.1494698556457608,0.1494698556457608,0.1825269123875622,0.1619067696680297,0.0078741115465348,0.0078741115465348,0.2165339332676621,0.394906738317632,0.9943389570193244,0.9943389570193244,-0.1101090354645455,0.0016669078047231,-0.1746528008410274,-0.1540326581214949,1,0,1,1,1.402180775999966,0.3596483990000365,1.7618291750000026,40.524231165,0.0703292860000033,strong,mc_strong_chunk02.csv
2.0,0.35,20300027,57,624.0,26.0,23.0,37.0,,0.8277322573029268,1.0,0.2068965517241379,1.0,119,113,3,no_label_changes,0.2453012787925237,0.1850721556293434,0.1417465641643021,0.1417465641643021,0.1717518693260931,0.1384684137575102,0.0121168307022842,0.0121168307022842,0.2112922601295482,0.3207298153235712,0.9929344957436508,0.9929344957436508,-0.1035547146282216,-0.0433255914650412,-0.1596350386238089,-0.126351583055226,1,1,1,1,1.3966073999999935,0.4673548300000334,1.863962230000027,29.168853127999967,0.0703891779999708,strong,mc_strong_chunk02.csv
2.0,0.35,20300028,54,185.0,23.0,37.0,29.0,,0.8977776909771406,1.0,0.6206896551724137,1.0,148,113,7,no_label_changes,0.2433936361639292,0.2056058420643057,0.1486410743529169,0.1486410743529169,0.1631507235881021,0.1508651887192962,0.0128035860567352,0.0128035860567352,0.2415617761798165,0.3007119343248327,1.0027832157207397,1.0027832157207397,-0.0947525618110123,-0.0569647677113888,-0.1503471375313669,-0.1380616026625609,1,1,1,1,1.5052708090000235,0.9655911489999768,2.4708619580000004,23.65997930699996,0.0702355509999961,strong,mc_strong_chunk02.csv
2.0,0.35,20300029,54,136.0,25.0,25.0,37.0,,0.8271653784933636,0.9820732442719882,0.1298701298701298,0.8810572687224669,118,114,4,no_label_changes,0.2354931830545847,0.1897298789473163,0.1639591040331814,0.1634185784502853,0.1762884270365084,0.1530358055422788,0.0764857084552831,0.0148222495273694,0.2286352831321848,0.3156103959341197,0.8880093659973941,0.9945720485007769,-0.0715340790214032,-0.0257707749141348,-0.0998027185812253,-0.0765500970869957,1,1,1,1,1.513109897999982,0.5956143000000225,2.1087241980000044,30.43153428200003,0.0700984470000207,strong,mc_strong_chunk02.csv
2.0,0.35,20300030,57,261.0,21.0,21.0,21.0,,0.9021851153091952,1.0,0.415929203539823,1.0,113,113,3,no_label_changes,0.2505923561825821,0.1596392111164318,0.1411967334300872,0.1411967334300872,0.1594287697788667,0.1532746843711244,0.0135599270691546,0.0135599270691546,0.2310431318629859,0.3962541554998004,0.9970432088483848,0.9970432088483848,-0.1093956227524948,-0.0184424776863446,-0.145868842709712,-0.1397147573019697,1,1,1,1,2.7642365549999117,0.4945839019999312,3.2588204569998425,51.35763938999992,0.0695286249999753,strong,mc_strong_chunk03.csv
2.0,0.35,20300031,54,49.0,18.0,22.0,18.0,,0.8348974210714281,0.9948595167959108,0.1921397379912663,0.9734513274336284,116,113,3,no_label_changes,0.2582197506599674,0.1489592718562861,0.1444217548014591,0.1444493445949823,0.1748358951829535,0.1577810158175621,0.0497677399310683,0.0120418485574148,0.2170724695743776,0.3507486051947023,0.9866610914922148,1.0184457103480509,-0.1137979958585083,-0.004537517054827,-0.1250681552518852,-0.1080132758864938,1,1,1,1,1.4697532469999717,0.4666347459999542,1.9363879929999257,51.87261936200002,0.0688764999999875,strong,mc_strong_chunk03.csv
2.0,0.35,20300032,57,212.0,33.0,43.0,34.0,,0.9626453695018554,0.9871959678401998,0.7860262008733625,0.9162995594713657,116,114,4,no_label_changes,0.2335551992778609,0.2074021156401329,0.1581288333915593,0.1579169451702877,0.1580650862578529,0.1483652339244736,0.0553926028443403,0.0087206922219321,0.2610844045286052,0.2892838885978745,0.9324881323706412,1.0008200462113486,-0.0754263658863016,-0.0492732822485735,-0.1026724834135126,-0.0929726310801332,1,1,1,1,1.388725882000017,0.5868476489999921,1.975573531000009,28.98191431400005,0.0695130919998519,strong,mc_strong_chunk03.csv
2.0,0.35,20300033,54,473.0,37.0,22.0,21.0,,0.8353755953577894,0.9900614019083416,0.2222222222222222,0.9469026548672568,121,113,4,no_label_changes,0.2390404337508708,0.1750966578382062,0.1522040578217489,0.1526526518515244,0.1724709234567743,0.1528636029045001,0.0510300005312858,0.0165527927449798,0.2357723223646033,0.3562508507891743,0.9530529834511304,0.99886704718579,-0.0868363759291218,-0.0228926000164572,-0.1214409229254884,-0.1018336023732142,1,1,1,1,1.5633599640000284,0.5869235389998266,2.150283502999855,30.05180283799996,0.0712753990001147,strong,mc_strong_chunk03.csv
2.0,0.35,20300034,60,184.0,22.0,34.0,37.0,,0.93444194452832,0.995017575162262,0.62882096069869,0.9734513274336284,116,113,2,no_label_changes,0.239780934317224,0.1980815262332594,0.15474146956861,0.1548553028065226,0.1664932894476798,0.1594111361433008,0.0361724041842246,0.0131208538104341,0.2454286540371164,0.2991909881536324,0.985973885233992,1.006811217228878,-0.0850394647486139,-0.0433400566646493,-0.1303208852634551,-0.1232387319590761,1,1,1,1,1.48685131000002,0.4476342719999593,1.9344855819999796,23.963082616999827,0.069940120999945,strong,mc_strong_chunk03.csv
2.0,0.35,20300035,57,499.0,24.0,21.0,34.0,,0.8904368399852343,0.988259762404223,0.3809523809523809,0.9251101321585904,118,114,2,no_label_changes,0.2743989235634984,0.1955118870425534,0.1547747154969722,0.1534077906255259,0.180091966175247,0.1597908836304547,0.0598956473773966,0.0169195295635397,0.2129078520245818,0.3273234657181473,0.9393599639029452,1.0069113914020889,-0.1196242080665261,-0.0407371715455811,-0.1201963187978503,-0.099895236253058,1,1,1,1,1.3886421459999383,0.3562488560000929,1.7448910020000312,29.79581912799995,0.0699722169999859,strong,mc_strong_chunk03.csv
2.0,0.35,20300036,57,61.0,13.0,22.0,21.0,,0.8891256631885357,0.9921523495681056,0.3931623931623931,0.9515418502202644,121,114,3,no_label_changes,0.2469491325838534,0.1394482095537616,0.1394081175355312,0.1375195960742746,0.1591102399906703,0.1373903672891335,0.0456948917362743,0.0150720650310426,0.2549535643016761,0.4024437422921157,0.9802602861439208,1.0132531473382815,-0.1075410150483222,-4.009201823040876e-05,-0.1134153482543959,-0.0916954755528591,1,1,1,1,1.3966954859999987,0.4670506799998293,1.863746165999828,41.12859282699992,0.0701561969999602,strong,mc_strong_chunk03.csv
2.0,0.35,20300037,69,189.0,25.0,18.0,22.0,,0.8400016458316971,1.0,0.3861003861003861,1.0,146,113,6,no_label_changes,0.2556562028185531,0.1632945484237989,0.1414546094945438,0.1414546094945438,0.173530855256585,0.1472963537772151,0.0126795598223594,0.0126795598223594,0.2062983601566483,0.3484419006194124,1.000513001955869,1.000513001955869,-0.1142015933240092,-0.0218399389292551,-0.1608512954342255,-0.1346167939548557,1,1,1,1,1.426743363000014,0.8108368139999129,2.237580176999927,29.252852924999843,0.06933499999991,strong,mc_strong_chunk03.csv
2.0,0.35,20300038,57,414.0,29.0,37.0,37.0,,0.8913548839160985,1.0,0.4070796460176991,1.0,113,113,4,no_label_changes,0.243430726785031,0.1994669362561248,0.1451077203808407,0.1451077203808407,0.1747521802807408,0.1544342241791357,0.0113029046680726,0.0113029046680726,0.2003105550549006,0.2785879498970869,1.0000773376772751,1.0000773376772751,-0.0983230064041903,-0.0543592158752841,-0.1634492756126682,-0.1431313195110631,1,1,1,1,1.4072780419999162,0.5753402979999009,1.9826183399998167,23.503471283999943,0.0699270469999646,strong,mc_strong_chunk03.csv
2.0,0.35,20300039,60,289.0,18.0,37.0,42.0,,0.8915043200676026,0.9750569444670436,0.3478260869565217,0.8672566371681416,117,113,3,no_label_changes,0.2495923804069044,0.1975901629519769,0.1493787568597347,0.1473838924474608,0.1626296087191863,0.1473445923737459,0.083646917755213,0.0147827947804632,0.2502199573875212,0.3243816203815563,0.8818884352651323,1.0063421032795583,-0.1002136235471697,-0.0482114060922422,-0.0789826909639732,-0.0636976746185328,1,1,1,1,1.41514644699987,0.472928550000006,1.888074996999876,23.48029044200007,0.0704860260000259,strong,mc_strong_chunk03.csv
2.0,0.35,20300040,61,240.0,18.0,22.0,57.0,,0.8408909680877933,0.9851315516364372,0.3203463203463204,0.912280701754386,118,115,3,no_label_changes,0.2856185662936378,0.2033361827687595,0.1498995994858406,0.1491899190108512,0.1680255036048054,0.1394245454649509,0.0544173135734167,0.0105338372297347,0.2180009185920076,0.3561331708092125,0.9367724269347596,1.0095919026675104,-0.1357189668077972,-0.0534365832829189,-0.1136081900313887,-0.0850072318915342,1,1,1,1,2.9416481989999994,0.4917513489999976,3.433399547999997,34.89559242700001,0.0695311009999954,strong,mc_strong_chunk04.csv
2.0,0.35,20300041,57,241.0,22.0,25.0,37.0,,0.8929345700294835,1.0,0.4871794871794871,1.0,121,113,5,no_label_changes,0.2236250343413201,0.1799962798231542,0.1500641627367877,0.1500641627367877,0.1592719380713044,0.1561996826653594,0.0096704816812191,0.0096704816812191,0.2676349754713991,0.293183757233707,1.0046075332782205,1.0046075332782205,-0.0735608716045323,-0.0299321170863664,-0.1496014563900852,-0.1465292009841402,1,1,1,1,1.4170470300000062,0.6922092620000058,2.109256292000012,30.012901469,0.0699913740000113,strong,mc_strong_chunk04.csv
2.0,0.35,20300042,54,387.0,13.0,28.0,45.0,,0.8959101176727204,0.995017575162262,0.4873949579831932,0.9734513274336284,125,113,5,no_label_changes,0.2306199051491456,0.1582637955149255,0.1414345317626634,0.141657988586805,0.1627942622184697,0.1424639585483359,0.0316709275326535,0.0113769720782537,0.2229242855184679,0.3394330356323289,0.9723715209632312,0.9915104019506495,-0.0891853733864821,-0.016829263752262,-0.1311233346858161,-0.1107930310156823,1,1,1,1,1.49088292899998,0.6930670840000062,2.1839500129999863,29.188210907000013,0.0697090130000219,strong,mc_strong_chunk04.csv
2.0,0.35,20300043,69,547.0,35.0,21.0,37.0,,0.8707247061054871,0.9851315516364372,0.3259911894273128,0.9251101321585904,114,114,4,no_label_changes,0.2879405946667565,0.2112672987655746,0.1454277897160422,0.1430534693705991,0.1765446128420753,0.1520850465844453,0.0566277950623498,0.0102944276103981,0.2164170411057436,0.3309668914455199,0.9452071766630769,1.009966406943681,-0.1425128049507142,-0.0658395090495324,-0.1199168177797254,-0.0954572515220955,1,1,1,1,1.389283876999997,0.5806488800000125,1.9699327570000091,29.683425599000003,0.0693526270000006,strong,mc_strong_chunk04.csv
2.0,0.35,20300044,56,79.0,22.0,22.0,37.0,,0.8911388651199053,1.0,0.3574468085106382,1.0,122,113,2,no_label_changes,0.2537848994351495,0.2005561060524055,0.1567490354175865,0.1567490354175865,0.1869845875218552,0.1656457615158151,0.0115958162749339,0.0115958162749339,0.2077755028962203,0.303267603460105,0.9921322656443092,0.9921322656443092,-0.0970358640175629,-0.043807070634819,-0.1753887712469212,-0.1540499452408812,1,1,1,1,1.3846729830000015,0.3568265789999998,1.7414995620000011,34.40795570400002,0.0695455219999985,strong,mc_strong_chunk04.csv
2.0,0.35,20300045,54,283.0,21.0,26.0,26.0,,0.9484684846378364,1.0,0.7248908296943231,1.0,116,113,2,no_label_changes,0.2462898344226088,0.1794471791455645,0.1474412238703263,0.1474412238703263,0.1681882156940373,0.147113350892114,0.0139992035399139,0.0139992035399139,0.2457213855361174,0.3466749598934955,0.9948382821474804,0.9948382821474804,-0.0988486105522824,-0.0320059552752381,-0.1541890121541234,-0.1331141473522001,1,1,1,1,1.514570039000006,0.3515711450000083,1.8661411840000144,46.59426794100003,0.0697884109999904,strong,mc_strong_chunk04.csv
2.0,0.35,20300046,57,234.0,15.0,37.0,21.0,,0.8153858235896695,0.9722182656663,0.1233480176211453,0.8333333333333334,114,115,5,no_label_changes,0.2576748910611444,0.1573444453143865,0.1542801804776384,0.1543431668364177,0.1744055381000029,0.1531941355579653,0.0877274299720615,0.0079055223448354,0.2442072885467519,0.3464140041868077,0.8514361195339858,1.0015035957131797,-0.1033947105835059,-0.0030642648367481,-0.0866781081279414,-0.0654667055859037,1,1,1,1,1.4594208990000084,0.7417194919999588,2.201140390999967,34.80695911400005,0.0697242319999986,strong,mc_strong_chunk04.csv
2.0,0.35,20300047,57,620.0,25.0,49.0,37.0,,0.9472459907071464,0.9849054538771576,0.7391304347826086,0.9155555555555556,117,112,3,no_label_changes,0.2520797901448523,0.2351039037520333,0.1598707271288375,0.1587006145063455,0.1893489343457388,0.1767744693363151,0.0757387195049346,0.0129595807874271,0.2283355256849679,0.2664515001134894,0.9092337371438908,0.9937709740922404,-0.0922090630160148,-0.0752331766231957,-0.1136102148408042,-0.1010357498313804,1,1,1,1,1.4866216809999742,0.4910221060000026,1.9776437869999768,35.82693967399996,0.0742437779999818,strong,mc_strong_chunk04.csv
2.0,0.35,20300048,60,624.0,21.0,28.0,13.0,,0.8798957216891481,0.9796507523546836,0.3171806167400881,0.9066666666666666,114,112,4,no_label_changes,0.2242211595967293,0.1447314560383059,0.1574890457917986,0.155879429629367,0.1559209825031322,0.1405266051917879,0.0928891850796715,0.00892448391221,0.2696435132610438,0.4129487296898003,0.9047276277865612,1.008334277062504,-0.0667321138049306,0.0127575897534926,-0.0630317974234606,-0.0476374201121164,1,0,1,1,1.441760233000025,0.579939090000039,2.021699323000064,35.96995336499998,0.0707078080000087,strong,mc_strong_chunk04.csv
2.0,0.35,20300049,49,624.0,13.0,35.0,37.0,,0.8952223975993078,0.9843970186508688,0.3859649122807018,0.8986784140969163,115,114,2,no_label_changes,0.2384701397375741,0.1711796970933076,0.1501313679499889,0.1458840292930971,0.1711907061191297,0.1544432002755435,0.0659597505463846,0.0109731350320385,0.244178175874038,0.3273756245093991,0.9115514470078726,1.0023881400588184,-0.0883387717875852,-0.0210483291433187,-0.105230955572745,-0.0884834497291588,1,1,1,1,1.53492728599997,0.3583391369999731,1.8932664229999432,29.636288209000043,0.069834051999976,strong,mc_strong_chunk04.csv
2.0,0.35,20300050,60,486.0,22.0,18.0,37.0,,0.7578659800934752,1.0,0.1123595505617977,1.0,154,113,11,no_label_changes,0.2489043070318502,0.1902401668798389,0.1612488459862033,0.1612488459862033,0.1845629309835702,0.166936462342735,0.0158234559938819,0.0158234559938819,0.2276042636026639,0.3272107030282717,1.0072806264488754,1.0072806264488754,-0.0876554610456468,-0.0289913208936355,-0.1687394749896882,-0.151113006348853,1,1,1,1,2.853116698000008,1.5240483609999842,4.377165058999992,35.84652995799999,0.071932500999992,strong,mc_strong_chunk05.csv
2.0,0.35,20300051,56,237.0,15.0,37.0,37.0,,0.9566161617520488,0.9898693265955232,0.7685589519650654,0.9422222222222224,116,112,2,no_label_changes,0.2589677531729202,0.1895739312809927,0.1490134506443359,0.149063087019323,0.1753475484153996,0.1471419025894294,0.063205169288792,0.0119303970542535,0.2382114935780677,0.3335623235394235,0.9342916780593756,0.9966471746525268,-0.1099543025285843,-0.0405604806366567,-0.1121423791266076,-0.0839367333006374,1,1,1,1,1.434052514000001,0.3596006959999727,1.7936532099999738,40.50208840399998,0.0726315679999913,strong,mc_strong_chunk05.csv
2.0,0.35,20300052,54,604.0,18.0,23.0,23.0,,0.7410093696540616,1.0,0.0707964601769911,1.0,113,113,8,no_label_changes,0.2748164880827651,0.1910095338369889,0.145391809807315,0.145391809807315,0.1730579623877718,0.1351418427669131,0.009611475921418,0.009611475921418,0.2325929657985209,0.388926577671531,1.0098301969430896,1.0098301969430896,-0.12942467827545,-0.0456177240296739,-0.1634464864663538,-0.125530366845495,1,1,1,1,1.506500148999976,1.0580584319999955,2.564558580999972,35.10372809699999,0.0716464820000055,strong,mc_strong_chunk05.csv
2.0,0.35,20300053,61,245.0,21.0,18.0,45.0,,0.8522917674497735,0.995017575162262,0.2857142857142857,0.9734513274336284,118,113,4,no_label_changes,0.2665661000306309,0.173907135333245,0.1576678255493461,0.1583287982289707,0.1721800530246066,0.1560935974991577,0.0355534432250406,0.0099720082336619,0.2367182767181261,0.3512039076256853,0.9773852999112038,0.9971421208547048,-0.1088982744812848,-0.0162393097838988,-0.136626609799566,-0.1205401542741171,1,1,1,1,1.531340554000053,0.5998387280000088,2.131179282000062,30.18799831199999,0.0710011400000212,strong,mc_strong_chunk05.csv
2.0,0.35,20300054,57,159.0,21.0,37.0,36.0,,0.9217411470082584,0.9900614019083416,0.5304347826086956,0.9515418502202644,117,114,2,no_label_changes,0.2626651651815983,0.2039369934400693,0.1499829081870355,0.1494548045015057,0.1857751121227304,0.1630960070611845,0.048758444476229,0.0150128391068779,0.2040282933234042,0.2941014251182355,0.9754498456524436,1.016324494327104,-0.1126822569945627,-0.0539540852530338,-0.1370166676465013,-0.1143375625849554,1,1,1,1,1.4141613919999827,0.3607715730000222,1.774932965000005,29.942963847999977,0.0707308699999771,strong,mc_strong_chunk05.csv
2.0,0.35,20300055,54,88.0,22.0,37.0,37.0,,0.8279174791085708,1.0,0.2555066079295154,1.0,114,113,5,no_label_changes,0.2345719783948483,0.1899656055752072,0.1518468719726751,0.1518468719726751,0.1578642987911588,0.140522630107812,0.0087836073757421,0.0087836073757421,0.2489472665213395,0.3172455344372562,1.008785920430697,1.008785920430697,-0.0827251064221731,-0.038118733602532,-0.1490806914154167,-0.1317390227320699,1,1,1,1,1.585994836999987,0.7103459639999983,2.2963408009999853,35.299146982000025,0.0708944149999979,strong,mc_strong_chunk05.csv
2.0,0.35,20300056,54,129.0,21.0,20.0,22.0,,0.7852162714105914,1.0,0.0340425531914893,1.0,122,113,4,no_label_changes,0.2585572073890866,0.154900735236532,0.1363120125682796,0.1363120125682796,0.1630972435208341,0.1332326800154351,0.0133449115202716,0.0133449115202716,0.2519078890401522,0.4253132403383521,1.003030314345478,1.003030314345478,-0.1222451948208069,-0.0185887226682524,-0.1497523320005625,-0.1198877684951635,1,1,1,1,1.5175097769999866,0.6033545039999808,2.120864280999968,29.924625596,0.0715194030000248,strong,mc_strong_chunk05.csv
2.0,0.35,20300057,57,478.0,20.0,22.0,37.0,,0.867940098550093,1.0,0.3404255319148935,1.0,122,113,3,no_label_changes,0.2654447530926974,0.1957865802315105,0.1522797342860823,0.1522797342860823,0.1723124056285242,0.1566368778702286,0.0093252869939479,0.0093252869939479,0.2298595434089195,0.3287213658970351,1.000713223360917,1.000713223360917,-0.113165018806615,-0.0435068459454281,-0.1629871186345763,-0.1473115908762807,1,1,1,1,1.435446141,0.4783732550000081,1.913819396000008,29.85637772000001,0.0707156139999938,strong,mc_strong_chunk05.csv
2.0,0.35,20300058,57,606.0,20.0,45.0,61.0,,0.892634972615457,1.0,0.3982683982683982,1.0,118,113,3,no_label_changes,0.2706469028266259,0.2076174497476687,0.144204394477616,0.144204394477616,0.1638749985712765,0.142158336321126,0.0079295770419743,0.0079295770419743,0.2262610450045881,0.3320506225635847,0.9983218425053988,0.9983218425053988,-0.1264425083490099,-0.0634130552700527,-0.1559454215293022,-0.1342287592791517,1,1,1,1,1.4185610600000018,0.4741671810000412,1.892728241000043,23.96094386800001,0.0710539479999852,strong,mc_strong_chunk05.csv
2.0,0.35,20300059,57,144.0,20.0,34.0,37.0,,0.8338141425856472,0.9921523495681056,0.2270742358078602,0.9385964912280702,116,115,5,no_label_changes,0.2323434097142532,0.1784142345223246,0.1436109336920867,0.1440880178152416,0.1625262754129411,0.1409521767933781,0.0466845877835941,0.009636387504328,0.2645647250937831,0.3594700785827772,0.9606165821677416,1.0081071842353355,-0.0887324760221665,-0.0348033008302379,-0.1158416876293469,-0.094267589009784,1,1,1,1,1.4584851139999842,0.7201639499999715,2.178649063999956,23.870961819,0.0712475070000095,strong,mc_strong_chunk05.csv
2.0,0.35,20300060,60,181.0,26.0,42.0,37.0,,0.8376438599895101,1.0,0.296943231441048,1.0,116,113,3,no_label_changes,0.2513653625064864,0.2159960824213153,0.1431271768078635,0.1431271768078635,0.1629737667132152,0.1480512471366157,0.0080314040670496,0.0080314040670496,0.2193590378602175,0.2820753532843493,1.0084068213555355,1.0084068213555355,-0.1082381856986229,-0.0728689056134517,-0.1549423626461655,-0.1400198430695661,1,1,1,1,2.922056960000006,0.5047446069999921,3.4268015669999983,30.639423007999994,0.0719722720000106,strong,mc_strong_chunk06.csv
2.0,0.35,20300061,54,177.0,22.0,37.0,36.0,,0.9009925870143176,1.0,0.5130434782608695,1.0,117,113,2,no_label_changes,0.2749354879819579,0.2227010315047694,0.1575868051154393,0.1575868051154393,0.1829251877695772,0.1571609479063809,0.0138393030440315,0.0138393030440315,0.205360641024038,0.3008601705019584,0.9950578666570228,0.9950578666570228,-0.1173486828665186,-0.0651142263893301,-0.1690858847255456,-0.1433216448623494,1,1,1,1,1.5960037509999978,0.3664399720000091,1.962443723000007,31.44248648700001,0.0722520529999997,strong,mc_strong_chunk06.csv
2.0,0.35,20300062,63,339.0,21.0,22.0,58.0,,0.9397153840539914,0.9948595167959108,0.631578947368421,0.9734513274336284,115,113,3,no_label_changes,0.2345761364824601,0.1844330173709023,0.1584396674373225,0.1586327362789291,0.1588015082568403,0.1493136178417134,0.0519649208847677,0.0134506807599408,0.2476988900022206,0.3163802523265137,0.9623660323050904,0.9936208428072804,-0.0761364690451376,-0.0259933499335798,-0.1068365873720725,-0.0973486969569456,1,1,1,1,1.6269549000000154,0.4827511930000128,2.109706093000028,30.99939116900001,0.0716140399999858,strong,mc_strong_chunk06.csv
2.0,0.35,20300063,61,210.0,18.0,22.0,57.0,,0.9085108750410306,1.0,0.5258620689655172,1.0,119,113,4,no_label_changes,0.2513138995692869,0.1863962989651913,0.1346306407267634,0.1346306407267634,0.1577635139797341,0.1407643558871076,0.0123049368431476,0.0123049368431476,0.2223636277112679,0.3280652323356083,1.001864545876727,1.001864545876727,-0.1166832588425235,-0.0517656582384279,-0.1454585771365865,-0.12845941904396,1,1,1,1,1.5804538569999806,0.5943417359999899,2.1747955929999705,30.725394186000017,0.0715904449999982,strong,mc_strong_chunk06.csv
2.0,0.35,20300064,57,273.0,18.0,21.0,29.0,,0.8589782923845362,1.0,0.2155172413793103,1.0,119,113,3,no_label_changes,0.246974888489325,0.1595957366742085,0.1486613929301332,0.1486613929301332,0.1548235348073889,0.131700979057316,0.0093562934457984,0.0093562934457984,0.2664389437813864,0.4149001991085601,1.0114569547333314,1.0114569547333314,-0.0983134955591917,-0.0109343437440753,-0.1454672413615904,-0.1223446856115175,1,1,1,1,1.5306515649999994,0.4801225930000043,2.010774158000004,37.60225430600002,0.0728241209999964,strong,mc_strong_chunk06.csv
2.0,0.35,20300065,60,344.0,22.0,37.0,45.0,,0.9260440159551006,0.9900614019083416,0.5836909871244635,0.9469026548672568,120,113,2,no_label_changes,0.3006244625290608,0.2470684756246881,0.1615081588672271,0.1620944173653031,0.1819615770604835,0.16351158932599,0.0490957535643991,0.0138400020682436,0.2196637830772247,0.273575487610281,0.9509154100155718,0.9937341143073684,-0.1391163036618337,-0.085560316757461,-0.1328658234960843,-0.1144158357615908,1,1,1,1,1.4840529889999914,0.363646349999982,1.8476993389999732,36.426255269,0.072089735999981,strong,mc_strong_chunk06.csv
2.0,0.35,20300066,57,136.0,21.0,37.0,23.0,,0.8583415444025309,1.0,0.4326530612244897,1.0,132,113,3,no_label_changes,0.256445522102312,0.1827558028704584,0.1433054532231385,0.1433054532231385,0.1695940152239589,0.1468521254629501,0.0134310346012323,0.0134310346012323,0.2180445521544181,0.3377832706357767,1.017876391948281,1.017876391948281,-0.1131400688791734,-0.0394503496473199,-0.1561629806227266,-0.1334210908617177,1,1,1,1,1.5012178790000237,0.4891669229999706,1.990384801999994,31.400777533999985,0.0745494330000156,strong,mc_strong_chunk06.csv
2.0,0.35,20300067,57,88.0,21.0,37.0,18.0,,0.819096143364364,1.0,0.2008733624454148,1.0,116,113,4,no_label_changes,0.2607571728420034,0.1698247471797806,0.1451998258619742,0.1451998258619742,0.1665081305206033,0.1510190182216939,0.0097346174612081,0.0097346174612081,0.2217577781703686,0.3460936409065434,1.000137578249206,1.000137578249206,-0.1155573469800292,-0.0246249213178064,-0.1567735130593951,-0.1412844007604857,1,1,1,1,1.524527470999999,0.5975546779999945,2.122082148999993,42.828908695,0.0727990009999643,strong,mc_strong_chunk06.csv
2.0,0.35,20300068,61,534.0,15.0,40.0,36.0,,0.8075611880246752,1.0,0.3153526970954357,1.0,128,113,3,no_label_changes,0.2690268353117306,0.2086202716198109,0.143913196819251,0.143913196819251,0.1745169828851087,0.1584145022743041,0.0113005892896569,0.0113005892896569,0.2165659125114271,0.3343049541248961,1.006261536513846,1.006261536513846,-0.1251136384924795,-0.0647070748005598,-0.1632163935954518,-0.1471139129846472,1,1,1,1,1.5614524829999823,0.4939324359999659,2.055384918999948,31.006793704000017,0.0725000109999882,strong,mc_strong_chunk06.csv
2.0,0.35,20300069,79,612.0,55.0,55.0,55.0,,0.8236737372642736,1.0,0.0948275862068965,1.0,119,113,6,no_label_changes,0.295626532846633,0.2795963618748768,0.1515262190595565,0.1515262190595565,0.1744221161943472,0.172231566572233,0.013959747607415,0.013959747607415,0.2079537759551683,0.2100229910584304,1.0009977370818457,1.0009977370818457,-0.1441003137870764,-0.1280701428153202,-0.1604623685869322,-0.158271818964818,1,1,1,1,1.446155544000021,0.8903767409999546,2.336532284999976,25.122724799000025,0.0716256840000255,strong,mc_strong_chunk06.csv
2.0,0.35,20300070,54,137.0,26.0,37.0,15.0,,0.8528274211471157,0.9805449238663018,0.3451327433628318,0.9210526315789472,113,115,3,no_label_changes,0.2492130560675466,0.1899645957356168,0.1816628701931362,0.1540703066516296,0.1829706316367944,0.1749691048916843,0.0730344210869544,0.0191606092548291,0.2214958251800531,0.2890080137705585,0.9339287842842936,1.0039849688582425,-0.0675501858744104,-0.0083017255424805,-0.1099362105498399,-0.1019346838047299,1,1,1,1,2.6705816599999963,0.4710545660000065,3.141636226000003,30.677616507,0.0656765829999983,strong,mc_strong_chunk07.csv
2.0,0.35,20300071,56,347.0,22.0,25.0,37.0,,0.7153787192525094,0.9798358271050968,0.0,0.8859649122807017,145,115,9,no_label_changes,0.2534646831796216,0.2004920877784929,0.1518727858046011,0.1509419438549971,0.1744180566978706,0.1566338442913623,0.08474821509443,0.0157589190724049,0.2187481737684413,0.2991163388755517,0.8911772207950706,1.0012259893723932,-0.1015918973750204,-0.0486193019738918,-0.0896698416034405,-0.0718856291969323,1,1,1,1,1.2720312319999891,1.1842033290000131,2.4562345610000023,26.14936308,0.0724362779999978,strong,mc_strong_chunk07.csv
2.0,0.35,20300072,57,33.0,20.0,37.0,26.0,,0.8915673492818108,0.9921508588731248,0.4120171673819742,0.9515418502202644,120,114,3,no_label_changes,0.2572456960950099,0.1630095714007051,0.1496669770384641,0.1497513410573237,0.1710108893133281,0.1401852667850538,0.045879681581255,0.013524542109861,0.2245324096805645,0.3472678453288351,0.9542071221019796,0.9948976777293228,-0.1075787190565457,-0.0133425943622409,-0.1251312077320731,-0.0943055852037987,1,1,1,1,1.307586291000007,0.446713557999999,1.754299849000006,31.17746955299998,0.0669231859999968,strong,mc_strong_chunk07.csv
2.0,0.35,20300073,54,621.0,25.0,21.0,34.0,,0.847666636500591,1.0,0.1680672268907563,1.0,125,113,3,no_label_changes,0.2469265713144886,0.1933024340442644,0.1540213966002755,0.1540213966002755,0.178973121003537,0.1665399513569646,0.0141202755648999,0.0141202755648999,0.2389769785220847,0.3092728694462696,0.9831654031977872,0.9831654031977872,-0.0929051747142131,-0.0392810374439889,-0.1648528454386371,-0.1524196757920647,1,1,1,1,1.3602158730000156,0.4470247430000142,1.8072406160000296,26.123404029,0.0636083409999912,strong,mc_strong_chunk07.csv
2.0,0.35,20300074,54,37.0,26.0,37.0,45.0,,0.8689098469279216,1.0,0.3817427385892116,1.0,128,113,3,no_label_changes,0.2667332813700259,0.2230866543090905,0.1440454991521451,0.1440454991521451,0.1642983314387817,0.154981392448395,0.0121739604048955,0.0121739604048955,0.2247105612691961,0.2560670759162249,0.9978093385470485,0.9978093385470485,-0.1226877822178807,-0.0790411551569453,-0.1521243710338862,-0.1428074320434995,1,1,1,1,1.3340056019999906,0.4426999230000206,1.7767055250000112,21.07170305600002,0.0639083119999952,strong,mc_strong_chunk07.csv
2.0,0.35,20300075,57,167.0,21.0,40.0,45.0,,0.9178546186930946,1.0,0.5677966101694915,1.0,123,113,2,no_label_changes,0.2664945803561718,0.2091731113376844,0.1545621256720611,0.1545621256720611,0.1699330564858187,0.1510147471091759,0.0106915294332673,0.0106915294332673,0.2459137892243138,0.3203082960089788,1.0034553575915726,1.0034553575915726,-0.1119324546841107,-0.0546109856656233,-0.1592415270525513,-0.1403232176759086,1,1,1,1,1.293750240999998,0.3307778260000305,1.6245280670000284,25.77489997600003,0.0635671569999658,strong,mc_strong_chunk07.csv
2.0,0.35,20300076,60,60.0,21.0,21.0,42.0,,0.8716518925114809,0.9882631067164224,0.4102564102564103,0.9251101321585904,121,114,3,no_label_changes,0.2611286592742346,0.1726086395914283,0.1529267471738281,0.1523888848162299,0.1722670311681597,0.1516092637575865,0.0560473594241688,0.0091627653434476,0.231115713114321,0.3576461841060054,0.9367400160604332,1.0008830808338722,-0.1082019121004064,-0.0196818924176001,-0.1162196717439909,-0.0955619043334176,1,1,1,1,1.2774568700000373,0.4465885409999828,1.72404541100002,31.324256588000026,0.0638097120000225,strong,mc_strong_chunk07.csv
2.0,0.35,20300077,57,22.0,21.0,42.0,29.0,,0.8780762449724925,1.0,0.3739130434782609,1.0,117,113,3,no_label_changes,0.2392666258161664,0.1625650950789303,0.146967943381707,0.146967943381707,0.1656965725114583,0.1548998898392008,0.0090457798780144,0.0090457798780144,0.2304861576942474,0.2891292276369065,1.005038704522333,1.005038704522333,-0.0922986824344594,-0.0155971516972233,-0.1566507926334438,-0.1458541099611863,1,1,1,1,1.2873117460000003,0.4765498450000223,1.7638615910000226,25.745021640999997,0.0688602789999777,strong,mc_strong_chunk07.csv
2.0,0.35,20300078,49,125.0,22.0,22.0,35.0,,0.8844815144732624,1.0,0.4576271186440678,1.0,123,113,3,no_label_changes,0.2520976776626888,0.1889230529328616,0.1542315371869085,0.1542315371869085,0.1823135155365943,0.154498165118254,0.0155049605523778,0.0155049605523778,0.2398156834198644,0.3300366339154936,1.0138738866369672,1.0138738866369672,-0.0978661404757803,-0.0346915157459531,-0.1668085549842164,-0.1389932045658762,1,1,1,1,1.3081330109999951,0.4443333359999997,1.752466346999995,31.23049944799999,0.0639078990000143,strong,mc_strong_chunk07.csv
2.0,0.35,20300079,49,149.0,15.0,22.0,25.0,,0.7891940525532661,0.9948595167959108,0.1171171171171171,0.9734513274336284,109,113,3,no_label_changes,0.224759158756421,0.1692568863385953,0.1444507635556801,0.1445355313448617,0.1786060385417552,0.163132760653122,0.0537717514673944,0.0148258254030068,0.2292137799188656,0.3013197281989296,0.9837245471617366,1.0142494145328955,-0.0803083952007408,-0.0248061227829151,-0.1248342870743607,-0.1093610091857275,1,1,1,1,1.3672485699999584,0.4418860970000082,1.8091346669999664,26.264285831999985,0.0641092660000026,strong,mc_strong_chunk07.csv
2.0,0.35,20300080,61,241.0,23.0,25.0,58.0,,0.7602594592260481,1.0,0.0418410041841004,1.0,126,113,7,no_label_changes,0.2525946589705887,0.2029520087527715,0.1410362705652436,0.1410362705652436,0.1641362386854893,0.1490702340549656,0.0144376681618649,0.0144376681618649,0.2296901567198402,0.2742436334919148,1.0122089496486617,1.0122089496486617,-0.111558388405345,-0.0619157381875279,-0.1496985705236243,-0.1346325658931006,1,1,1,1,2.7769767360000017,0.775027092000002,3.552003828000004,27.304498657,0.0543915310000002,strong,mc_strong_chunk08.csv
2.0,0.35,20300081,51,624.0,29.0,18.0,18.0,,0.855786215782602,0.9897449176581696,0.4794007490636705,0.9385964912280702,154,115,12,no_label_changes,0.2535840545312072,0.1688529421343018,0.1567572009108243,0.1570633145140177,0.1674819695439226,0.1696536180486836,0.071943117079431,0.0102299128862412,0.2391195605269213,0.367299186070832,0.9417537695354152,1.0035715108503749,-0.0968268536203829,-0.0120957412234774,-0.0955388524644915,-0.0977105009692525,1,1,1,1,1.4710566279999997,1.2430996550000089,2.7141562830000083,37.169351052,0.0544208550000036,strong,mc_strong_chunk08.csv
2.0,0.35,20300082,57,207.0,44.0,37.0,45.0,,0.8844821948583992,1.0,0.343612334801762,1.0,114,113,3,no_label_changes,0.2655722864805294,0.2437645086180319,0.1609806650734412,0.1609806650734412,0.1744772730052012,0.1579545314958679,0.0085658325071757,0.0085658325071757,0.2228170617084241,0.2586168427344547,0.9989435253487916,0.9989435253487916,-0.1045916214070881,-0.0827838435445907,-0.1659114404980254,-0.1493886989886922,1,1,1,1,1.3669999889999929,0.3750003450000037,1.7420003339999963,22.040576198,0.0539444529999997,strong,mc_strong_chunk08.csv
2.0,0.35,20300083,54,624.0,23.0,26.0,37.0,,0.923596669601386,1.0,0.5414847161572053,1.0,116,113,2,no_label_changes,0.2543427820187883,0.2068133978147777,0.1543897381325922,0.1543897381325922,0.1699754424626721,0.1641439297151107,0.0123333083304632,0.0123333083304632,0.2449418248954077,0.2862765810983542,1.0116127029617052,1.0116127029617052,-0.099953043886196,-0.0524236596821854,-0.1576421341322089,-0.1518106213846474,1,1,1,1,1.397464720999977,0.2896020290000081,1.6870667499999854,22.19738990600001,0.0547114290000081,strong,mc_strong_chunk08.csv
2.0,0.35,20300084,61,97.0,22.0,40.0,22.0,,0.9194333470030116,1.0,0.5240174672489084,1.0,116,113,2,no_label_changes,0.2625078515324339,0.2080496598715958,0.1386069222139518,0.1386069222139518,0.1610342803000534,0.145237173915188,0.0150902304225542,0.0150902304225542,0.2318256556809424,0.3185994856097883,0.9941130517298118,0.9941130517298118,-0.123900929318482,-0.0694427376576439,-0.1459440498774991,-0.1301469434926337,1,1,1,1,1.4005823729999918,0.2876042810000001,1.688186653999992,26.783487272,0.0552197089999992,strong,mc_strong_chunk08.csv
2.0,0.35,20300085,57,349.0,18.0,30.0,45.0,,0.9065202437558508,0.9849054538771576,0.4869565217391304,0.9155555555555556,117,112,4,no_label_changes,0.2584372918392714,0.2000770971592457,0.1504230880466379,0.1495198331347503,0.1749247356122026,0.1551781454709907,0.0699989323574511,0.0111952905996053,0.2381996475251794,0.3197630780279143,0.9158221601088108,1.00153798011201,-0.1080142037926334,-0.0496540091126077,-0.1049258032547515,-0.0851792131135396,1,1,1,1,1.2718976810000129,0.4616233659999977,1.7335210470000106,21.815756480999998,0.0545510550000187,strong,mc_strong_chunk08.csv
2.0,0.35,20300086,69,624.0,22.0,25.0,45.0,,0.8197465368648269,1.0,0.188034188034188,1.0,121,113,4,no_label_changes,0.2754639514817829,0.2262714384825358,0.1525408600654898,0.1525408600654898,0.1826412305236606,0.1584401263114747,0.0160214149945788,0.0160214149945788,0.1977033677986927,0.2713998957456863,0.9995717276084266,0.9995717276084266,-0.122923091416293,-0.073730578417046,-0.1666198155290817,-0.1424187113168958,1,1,1,1,1.3736715379999964,0.466406352000007,1.8400778900000037,26.923034108,0.05433943700001,strong,mc_strong_chunk08.csv
2.0,0.35,20300087,54,602.0,21.0,18.0,37.0,,0.943012381839926,1.0,0.6521739130434783,1.0,117,113,3,no_label_changes,0.2463653228667493,0.1712281386281703,0.1454037678668719,0.1454037678668719,0.1738647837827359,0.1540374931525563,0.0147451599105344,0.0147451599105344,0.2342414980731648,0.3508545003244102,0.9932158990439172,0.9932158990439172,-0.1009615549998773,-0.0258243707612984,-0.1591196238722015,-0.1392923332420219,1,1,1,1,1.3987782510000102,0.3762453139999877,1.775023564999998,31.800431336000003,0.0546333740000193,strong,mc_strong_chunk08.csv
2.0,0.35,20300088,57,69.0,13.0,29.0,37.0,,0.8165985054935823,1.0,0.0969162995594713,1.0,114,113,3,no_label_changes,0.2580908635395884,0.1652391626792483,0.1520555452348808,0.1520555452348808,0.1703244164165974,0.1439259327307269,0.0093223659975465,0.0093223659975465,0.2197864747790694,0.3709951711196521,1.0036629848504248,1.0036629848504248,-0.1060353183047075,-0.0131836174443674,-0.1610020504190508,-0.1346035667331803,1,1,1,1,1.2841727439999886,0.3713171260000081,1.6554898699999967,31.74816283900003,0.0534583639999937,strong,mc_strong_chunk08.csv
2.0,0.35,20300089,57,366.0,18.0,23.0,23.0,,0.8646524176099131,0.9898693265955232,0.674074074074074,0.9422222222222224,157,112,9,no_label_changes,0.2494519353440841,0.1767275693444351,0.1511186232974705,0.1508743230624219,0.1742447110036806,0.1509487780803219,0.0626088567192497,0.0104774467089777,0.2535982812583188,0.3698947904974861,0.93870202124502,1.0006260402917633,-0.0983333120466135,-0.0256089460469645,-0.1116358542844309,-0.0883399213610721,1,1,1,1,1.3255915519999917,0.9767030159999875,2.30229456799998,26.88145617200001,0.0548598629999901,strong,mc_strong_chunk08.csv
2.0,0.35,20300090,57,199.0,7.0,13.0,25.0,,0.8460220653117655,1.0,0.2074688796680497,1.0,128,113,5,no_label_changes,0.2946258016792628,0.1118691224502948,0.1446464670865201,0.1446464670865201,0.1990571049744373,0.1444118046615203,0.0100885327581147,0.0100885327581147,0.2064126459974805,0.4862697270029668,0.9990816729409386,0.9990816729409386,-0.1499793345927427,0.0327773446362252,-0.1889685722163226,-0.1343232719034055,1,0,1,1,2.79603075899999,0.7218786560000012,3.517909414999991,89.317283616,0.0709210219999931,strong,mc_strong_chunk09.csv
2.0,0.35,20300091,57,88.0,21.0,18.0,21.0,,0.8126023363435769,1.0,0.0349344978165938,1.0,116,113,3,no_label_changes,0.256589985367701,0.1437953739137324,0.1489751749771559,0.1489751749771559,0.1755286494697699,0.1460293938374007,0.0132864314266647,0.0132864314266647,0.2221884562287636,0.422558897873807,1.002669880112227,1.002669880112227,-0.1076148103905451,0.0051798010634235,-0.1622422180431051,-0.132742962410736,1,0,1,1,1.3987759920000258,0.4651625340000009,1.8639385260000267,45.87099203900004,0.0697793819999788,strong,mc_strong_chunk09.csv
2.0,0.35,20300092,54,137.0,21.0,29.0,29.0,,0.9063847212553284,1.0,0.5066666666666667,1.0,112,113,2,no_label_changes,0.2323864854612596,0.170550578060986,0.1373461943542018,0.1373461943542018,0.1654319813472474,0.1437901705107814,0.0097305778213904,0.0097305778213904,0.2372982499354294,0.3274006861244754,1.000553610540066,1.000553610540066,-0.0950402911070577,-0.0332043837067842,-0.1557014035258569,-0.134059592689391,1,1,1,1,1.4999105790000158,0.3553669799999852,1.855277559000001,35.12749322499997,0.0697648670000035,strong,mc_strong_chunk09.csv
2.0,0.35,20300093,69,558.0,13.0,25.0,21.0,,0.8548477628339052,0.9898693265955232,0.2767857142857142,0.9422222222222224,111,112,3,no_label_changes,0.285189887553758,0.1633183745383688,0.1453751334193157,0.1445367468241496,0.1680747107506396,0.1510727142457464,0.05998072076643,0.0109784774341366,0.2083699198054442,0.3707400542131046,0.9516173038639278,1.0132676895526214,-0.1398147541344423,-0.0179432411190531,-0.1080939899842096,-0.0910919934793163,1,1,1,1,1.3692982050000069,0.4677185649999842,1.837016769999991,45.71365446300001,0.0697899440000355,strong,mc_strong_chunk09.csv
2.0,0.35,20300094,49,74.0,18.0,29.0,28.0,,0.8266525071330505,1.0,0.3432835820895522,1.0,155,113,10,no_label_changes,0.2220779940678965,0.1652974888441286,0.1471808513441232,0.1471808513441232,0.1675021480693503,0.1497086205624332,0.0173349344785001,0.0173349344785001,0.2519780720263641,0.3248685122709226,0.995164509475294,0.995164509475294,-0.0748971427237733,-0.0181166375000054,-0.1501672135908501,-0.132373686083933,1,1,1,1,1.489767325999992,1.281707345999962,2.771474671999954,34.78849606099999,0.0691193960000191,strong,mc_strong_chunk09.csv
2.0,0.35,20300095,60,624.0,18.0,21.0,29.0,,0.8761952578641115,1.0,0.3549783549783549,1.0,118,113,3,no_label_changes,0.24299244897907,0.1585183572828916,0.1422517697227135,0.1422517697227135,0.1622441979691297,0.135080278414522,0.0131630559850121,0.0131630559850121,0.2288515334526563,0.3617632071716875,0.9901076205847584,0.9901076205847584,-0.1007406792563565,-0.0162665875601781,-0.1490811419841175,-0.1219172224295098,1,1,1,1,1.389503961999992,0.4649228860000107,1.8544268480000028,39.82524920399999,0.0691393710000056,strong,mc_strong_chunk09.csv
2.0,0.35,20300096,57,624.0,23.0,29.0,55.0,,0.7749513710361589,1.0,0.2274509803921569,1.0,142,113,11,no_label_changes,0.2493903182026978,0.22287317614589,0.1461592091713232,0.1461592091713232,0.1705394751691982,0.156312153335636,0.0110396681235947,0.0110396681235947,0.2131989847919683,0.2559829119479578,1.0067579960989512,1.0067579960989512,-0.1032311090313746,-0.0767139669745668,-0.1594998070456034,-0.1452724852120412,1,1,1,1,1.3950091540000358,1.3921869550000563,2.7871961090000923,23.71387383700005,0.070229184000027,strong,mc_strong_chunk09.csv
2.0,0.35,20300097,57,220.0,29.0,25.0,23.0,,0.9049458215883808,1.0,0.5526315789473684,1.0,115,113,3,no_label_changes,0.2360669710514046,0.1934299393308117,0.1454980623906475,0.1454980623906475,0.1604807332452037,0.1651779661279245,0.0145012159055007,0.0145012159055007,0.2689423413367636,0.263620173574902,1.0035957478161697,1.0035957478161697,-0.090568908660757,-0.0479318769401641,-0.145979517339703,-0.1506767502224238,1,1,1,1,1.4013784150000674,0.4619852040000296,1.863363619000097,34.48707080899999,0.0689462760000196,strong,mc_strong_chunk09.csv
2.0,0.35,20300098,57,261.0,18.0,13.0,21.0,,0.9190422201922528,1.0,0.4978165938864629,1.0,116,113,4,no_label_changes,0.2488226940196616,0.1338195042261373,0.1530484090215575,0.1530484090215575,0.1653915620131237,0.1564734901465355,0.0103314935298037,0.0103314935298037,0.2637179411118468,0.4026351428212888,1.0054416667086994,1.0054416667086994,-0.095774284998104,0.0192289047954201,-0.15506006848332,-0.1461419966167317,1,0,1,1,1.392569877000028,0.5761275680000608,1.968697445000089,44.90123809700003,0.0711248249999698,strong,mc_strong_chunk09.csv
2.0,0.35,20300099,57,177.0,29.0,49.0,61.0,,0.8352039890698892,1.0,0.1238938053097345,1.0,113,113,3,no_label_changes,0.2303439675161177,0.2191011245459689,0.1421055430961255,0.1421055430961255,0.1592090248550754,0.1545509520682699,0.0127543311669532,0.0127543311669532,0.253731636333983,0.2659188451147684,0.998656317203084,0.998656317203084,-0.0882384244199922,-0.0769955814498433,-0.1464546936881221,-0.1417966209013166,1,1,1,1,1.382974413999932,0.4716257509999195,1.854600164999852,23.66450574199996,0.0691243969999959,strong,mc_strong_chunk09.csv
0.5,0.75,20300000,178,398.0,90.0,146.0,233.0,,0.8062288204764447,0.8741187069530542,0.2436974789915966,0.3898305084745762,125,123,2,no_label_changes,0.6491412403904162,0.6353636842959592,0.6354424218633641,0.633055987434428,0.1260754673479998,0.1245791099971121,0.1250371902453743,0.0742198200016673,0.1276752952987263,0.1617804313460903,0.4873190995743719,1.044249332071275,-0.0136988185270521,7.873756740484072e-05,-0.0010382771026254,0.0004580802482622,1,0,1,0,3.045467395000003,0.3987681680000037,3.4442355630000066,18.757008126,0.0765499910000073,weak,mc_weak_chunk00.csv
0.5,0.75,20300001,156,152.0,79.0,58.0,192.0,,0.753058253654908,0.8748803491951614,0.0440528634361233,0.4329004329004329,114,118,5,no_label_changes,0.643503746985868,0.6085637965048826,0.6427337555596434,0.6423829493943819,0.141175540210716,0.1518253737089953,0.1128491113109515,0.0679762309076498,0.1303256507943767,0.1731472038707496,0.4993580664435716,0.9928013930876176,-0.0007699914262245,0.0341699590547608,-0.0283264288997644,-0.0389762623980437,1,0,1,1,1.4340562030000117,0.7565995180000016,2.190655721000013,24.72104407800001,0.070847895,weak,mc_weak_chunk00.csv
0.5,0.75,20300002,204,622.0,113.0,203.0,166.0,,0.8256520267429481,0.8433217129654659,0.3022222222222221,0.4473684210526316,112,115,2,no_label_changes,0.6517650353476153,0.6462251863893653,0.6488028516419034,0.6464027893307042,0.1403466436605235,0.1412369288145825,0.1160863013516017,0.0588302391237939,0.1213878276419379,0.1368686357759917,0.4939927448248772,0.9986902930119194,-0.0029621837057118,0.0025776652525381,-0.0242603423089217,-0.0251506274629808,1,0,1,1,1.463159623999999,0.3771466980000042,1.8403063220000035,18.965377163000014,0.0719213949999897,weak,mc_weak_chunk00.csv
0.5,0.75,20300003,258,624.0,89.0,170.0,268.0,,0.7919793078108427,0.8722183760617543,0.131578947368421,0.5063291139240507,115,124,4,global_objective_guard_rejected_sweep,0.6778195640998647,0.6558809178263248,0.6514138634094797,0.6529453512673854,0.1461401093495304,0.1333927577610509,0.1065745442033274,0.048054793105048,0.0967845248379785,0.1488470549113631,0.5683137125218168,1.0085655778247866,-0.0264057006903849,-0.0044670544168451,-0.0395655651462029,-0.0268182135577234,1,1,1,1,1.5474674209999932,0.7202272370000173,2.2676946580000106,24.562677984000004,0.0723853179999878,weak,mc_weak_chunk00.csv
0.5,0.75,20300004,178,624.0,120.0,204.0,146.0,,0.7806561779588308,0.9107557528783582,0.2975206611570248,0.6413502109704642,129,124,3,no_label_changes,0.6377876252952523,0.6339589285852244,0.6266537642965564,0.6309317974261065,0.122850187135216,0.1235721262030867,0.1016361489853066,0.0538795620218357,0.1217390412218147,0.1311062221855809,0.6971468645179468,1.019951048422277,-0.0111338609986959,-0.007305164288668,-0.0212140381499094,-0.0219359772177801,1,1,1,1,1.5766459009999778,0.510295565000007,2.0869414659999848,24.74450587200002,0.0707822629999839,weak,mc_weak_chunk00.csv
0.5,0.75,20300005,264,624.0,115.0,226.0,100.0,,0.8624547088517106,0.8877674617834488,0.4033613445378151,0.5446808510638298,125,122,2,no_label_changes,0.6473124888351578,0.6210001963846011,0.6227246957250082,0.6244165028160555,0.1354622068874172,0.1297534047454682,0.0904595759539495,0.0340257290574026,0.0983313234893299,0.1242133087908889,0.5623217266990241,0.95967290288173,-0.0245877931101495,0.001724499340407,-0.0450026309334677,-0.0392938287915187,1,0,1,1,1.4457812150000109,0.3824288229999979,1.8282100380000088,24.836645866,0.0715027710000129,weak,mc_weak_chunk00.csv
0.5,0.75,20300006,204,624.0,114.0,204.0,203.0,,0.7424761545408959,0.799292295812719,0.3397683397683397,0.5427509293680297,146,156,7,no_label_changes,0.6853965294606378,0.6810452029296478,0.665791922870206,0.671084290967433,0.1336037416296636,0.131656904629277,0.1111059899825507,0.0524971525175358,0.1181233277310928,0.1280632254087884,0.6002540529438393,0.9847018185223418,-0.0196046065904317,-0.0152532800594417,-0.0224977516471128,-0.0205509146467262,1,1,1,1,1.431591664000024,1.0879217929999925,2.5195134570000164,18.57602537300002,0.0710721020000164,weak,mc_weak_chunk00.csv
0.5,0.75,20300007,152,120.0,101.0,217.0,169.0,,0.8829560124888997,0.8888819255535116,0.3788546255506608,0.4786324786324786,114,121,3,no_label_changes,0.659237507384172,0.6510671326646842,0.660347348938506,0.6571216769697452,0.1277920211167619,0.1261442373171621,0.1042732799330359,0.0541368924079832,0.1416332482501102,0.1529298129354351,0.5476630165798898,1.0254395816556925,0.001109841554334,0.0092802162738218,-0.0235187411837259,-0.0218709573841262,0,0,1,1,1.467523669000002,0.4957929779999972,1.9633166469999992,18.85409819099999,0.0708701220000023,weak,mc_weak_chunk00.csv
0.5,0.75,20300008,216,624.0,125.0,182.0,177.0,,0.7174073162203715,0.7473584943941258,0.1415929203539823,0.1746724890829694,113,116,4,no_label_changes,0.6345812059470198,0.6282853572314862,0.6209309407860636,0.6155556290652627,0.122024947464196,0.1181327963107459,0.1398135456939768,0.0376724587974878,0.1231005263392111,0.1427074134336767,0.2258080351740375,1.0558019764925923,-0.0136502651609562,-0.0073544164454225,0.0177885982297807,0.0216807493832308,1,1,0,0,1.434946109000009,0.6096962199999894,2.0446423289999984,19.28475525699997,0.0714138509999884,weak,mc_weak_chunk00.csv
0.5,0.75,20300009,174,294.0,111.0,151.0,163.0,,0.747994868063611,0.8277819750355024,0.2066115702479339,0.3884297520661157,129,129,6,no_label_changes,0.6594072627745247,0.6519358979858416,0.6678092407611135,0.66538914307887,0.1397264720320265,0.1394037260840604,0.1316672361251549,0.0604983466297431,0.1065088219382303,0.120831692140785,0.376149297550444,0.8769792122011714,0.0084019779865888,0.0158733427752718,-0.0080592359068715,-0.0077364899589054,0,0,1,1,1.5943212980000112,0.9977368429999842,2.5920581409999954,19.547076238999978,0.0714390370000046,weak,mc_weak_chunk00.csv
0.5,0.75,20300010,231,624.0,85.0,155.0,248.0,,0.6835988645885772,0.7623419242443864,0.0634920634920634,0.3052208835341365,139,136,3,no_label_changes,0.6800531514138368,0.6619619939643054,0.6655609940580722,0.6727059834053917,0.151647523352704,0.1523471923934312,0.1470467356698746,0.0697933441958799,0.0874557518079739,0.1079844501052577,0.323870333066707,0.8375395590211989,-0.0144921573557645,0.0035990000937667,-0.0046007876828294,-0.0053004567235566,1,0,1,1,2.680779844,0.4610800530000176,3.1418598970000176,16.685002357000002,0.0546126449999917,weak,mc_weak_chunk01.csv
0.5,0.75,20300011,176,414.0,174.0,107.0,225.0,,0.7771488854767307,0.8814604692546051,0.3333333333333333,0.6183206106870228,151,149,5,no_label_changes,0.6111197782379689,0.6104310220647019,0.5974920673432863,0.5959718454232928,0.1109636736375528,0.1118603217140492,0.0940890620749454,0.0517009104255857,0.1367654792921253,0.1467116489543151,0.727409580122506,1.1269221296848062,-0.0136277108946826,-0.0129389547214155,-0.0168746115626074,-0.0177712596391037,1,1,1,1,1.244804252999984,0.6149785839999709,1.8597828369999547,16.187083847999986,0.0548193460000447,weak,mc_weak_chunk01.csv
0.5,0.75,20300012,153,623.0,54.0,149.0,163.0,,0.5502744958779895,0.6145037714861975,0.0,0.1216730038022813,149,150,3,no_label_changes,0.64967832437398,0.6296669710346133,0.6598926988257899,0.6579089122700307,0.1307957656198498,0.1439740392780216,0.1604447650763371,0.0484873369877578,0.1494491472580308,0.197215889132755,0.1611132597311259,1.010713608701295,0.0102143744518099,0.0302257277911766,0.0296489994564872,0.0164707257983154,0,0,0,0,1.3018573200000103,0.4554567399999882,1.7573140599999988,16.15433896999997,0.0566799360000231,weak,mc_weak_chunk01.csv
0.5,0.75,20300013,177,420.0,185.0,185.0,172.0,,0.7851614601633962,0.7924142709531818,0.1244444444444444,0.2105263157894736,112,115,3,no_label_changes,0.6370037460009141,0.6430891418876064,0.6404609557917645,0.6281130564029548,0.1253711182826795,0.1293987440761642,0.1354177413641759,0.0506867645266458,0.1369726897646749,0.1321628912689082,0.2552454598572818,1.02971471181604,0.0034572097908504,-0.0026281860958418,0.0100466230814963,0.0060189972880116,0,1,0,0,1.4195108900000264,0.3958890129999872,1.8153999030000136,16.475580495999964,0.056545390999986,weak,mc_weak_chunk01.csv
0.5,0.75,20300014,250,589.0,172.0,244.0,171.0,,0.7772991443398607,0.8931889837247232,0.0704845814977973,0.4730290456431535,114,128,4,no_label_changes,0.647640615750043,0.6423144213034013,0.6184800184019262,0.6288694627382992,0.1363465768127431,0.1376014349915101,0.1058603391218879,0.0469282567985559,0.1009342571145102,0.1008420606567983,0.5191427103607468,0.9761233056726282,-0.0291605973481167,-0.023834402901475,-0.0304862376908552,-0.0317410958696222,1,1,1,1,1.3501468260000138,0.5527891990000171,1.902936025000031,17.029839995999964,0.054336907999982,weak,mc_weak_chunk01.csv
0.5,0.75,20300015,257,624.0,241.0,262.0,191.0,,0.7583810678792549,0.7814509434650229,0.0701754385964912,0.2403433476394849,115,120,2,no_label_changes,0.6382202780511487,0.6406141690040994,0.6306681615534468,0.6198035054180463,0.1486223084719513,0.149050109985095,0.1379043702945969,0.0573537481257166,0.0931110868784193,0.0895101707153622,0.2174495133919408,0.9215863267313816,-0.0075521164977018,-0.0099460074506525,-0.0107179381773543,-0.011145739690498,1,1,1,1,1.254515017000017,0.3024019780000344,1.5569169950000514,16.425467497,0.0576619060000211,weak,mc_weak_chunk01.csv
0.5,0.75,20300016,192,624.0,147.0,109.0,186.0,,0.7623284769150942,0.8441816777811944,0.152,0.3404255319148935,137,122,3,no_label_changes,0.6480779240560203,0.6388041076209079,0.6368350005173536,0.6409217490128507,0.1429307811372504,0.146171008429463,0.1353864675412743,0.0661283579677934,0.1223880818347313,0.1394746187306431,0.3733114555566694,1.0113915834541305,-0.0112429235386666,-0.0019691071035542,-0.007544313595976,-0.0107845408881886,1,1,1,1,1.292919721999965,0.4127403030000209,1.705660024999986,16.27938802,0.0562565170000084,weak,mc_weak_chunk01.csv
0.5,0.75,20300017,209,623.0,140.0,231.0,230.0,,0.6229932966151572,0.7246639855425306,0.1195219123505976,0.0816326530612244,138,132,3,no_label_changes,0.6323659839044667,0.633935876898644,0.6334953716968645,0.6165032192103077,0.1249592494668471,0.1223212303310971,0.1586327981927197,0.0571294250834609,0.1300595164621608,0.1306060165048882,0.0966126130112705,1.077844677555938,0.0011293877923977,-0.0004405052017794,0.0336735487258726,0.0363115678616226,0,1,0,0,1.4144041690000222,0.4158066199999553,1.8302107889999772,16.627737464999996,0.0549279659999797,weak,mc_weak_chunk01.csv
0.5,0.75,20300018,185,621.0,169.0,241.0,137.0,,0.7917519193917981,0.8982387894322799,0.346774193548387,0.5493562231759658,135,120,10,no_label_changes,0.6643271048571544,0.6676313196313585,0.6553869233137999,0.6635265939381233,0.1353666191224806,0.1358614490664886,0.1011712226775966,0.0540212385337235,0.1171329906111497,0.1160346585367622,0.672686166480953,1.0723477074604613,-0.0089401815433545,-0.0122443963175585,-0.034195396444884,-0.0346902263888919,1,1,1,1,1.3051979979999828,1.0850784639999915,2.3902764619999743,16.451768396000034,0.0544493080000165,weak,mc_weak_chunk01.csv
0.5,0.75,20300019,177,624.0,72.0,213.0,261.0,,0.7146927758826452,0.7868756686307711,0.0176211453744493,0.5493562231759658,114,120,6,no_label_changes,0.6801084160250565,0.6686408190035892,0.6729728383296277,0.6637093991432796,0.1342799635622157,0.1323027551257404,0.1212848943308795,0.0581423964936497,0.1315041302297024,0.1487362405210493,0.6288006492842824,1.0381591365231244,-0.0071355776954287,0.0043320193260385,-0.0129950692313361,-0.0110178607948608,1,0,1,1,1.3850460150000004,0.6825394159999973,2.0675854309999977,16.540952749999974,0.054125316000011,weak,mc_weak_chunk01.csv
0.5,0.75,20300020,169,622.0,167.0,157.0,111.0,,0.6043425689002884,0.6138851711800346,0.2014388489208633,0.2327272727272727,165,162,2,no_label_changes,0.639848900825818,0.6385889747179289,0.6475123852072492,0.6366434591874246,0.1269613289465175,0.1300890888126996,0.1387678365995474,0.0507645224385309,0.1299526823227224,0.1343414040502426,0.2628076546800409,0.9208598585364922,0.0076634843814311,0.0089234104893203,0.0118065076530299,0.0086787477868478,0,0,0,0,2.907659970999987,0.4413737179999657,3.349033688999953,23.97483602700004,0.0757084610000333,weak,mc_weak_chunk02.csv
0.5,0.75,20300021,177,207.0,89.0,261.0,232.0,,0.7614175408838887,0.8623594938491231,0.0524017467248908,0.4609053497942387,116,130,5,no_label_changes,0.6704251198565159,0.6665171492568146,0.6490845374375507,0.6581207196228372,0.1340638185591889,0.1374789868273935,0.1205464976056925,0.0539086866952732,0.1230639248377486,0.1384491013336486,0.4914799182896091,0.9644283306665032,-0.0213405824189651,-0.0174326118192639,-0.0135173209534964,-0.0169324892217009,1,1,1,1,1.5302236869999888,0.7686491219999994,2.298872808999988,24.454810856999984,0.0695460169999933,weak,mc_weak_chunk02.csv
0.5,0.75,20300022,172,617.0,185.0,170.0,135.0,,0.8242778157715792,0.8188072191544913,0.3829787234042554,0.3333333333333333,122,127,3,no_label_changes,0.6387428777971605,0.6406927294875271,0.6307621049819234,0.6407589467100393,0.1192626674651173,0.118493789833629,0.1292598473203532,0.0497871866323336,0.1553747570593819,0.1532984407997503,0.4225732749910795,1.0914639803448825,-0.0079807728152371,-0.0099306245056036,0.0099971798552358,0.0107660574867242,1,1,0,0,1.3966723309999909,0.5007829700000457,1.8974553010000363,17.86621102600003,0.0692092240000192,weak,mc_weak_chunk02.csv
0.5,0.75,20300023,213,377.0,85.0,184.0,198.0,,0.8223904384395821,0.8624433174973739,0.4051724137931034,0.4915254237288136,119,123,2,global_objective_guard_rejected_sweep,0.6624748045268098,0.6499968529098192,0.6545900018987741,0.6496654011080141,0.1182398493357936,0.1147856886675867,0.1190104509923843,0.0431212519209703,0.1343096644408942,0.1552899898934129,0.5255975228789497,1.0177296100461846,-0.0078848026280357,0.0045931489889549,0.0007706016565907,0.0042247623247976,1,0,0,0,1.39719020900003,0.4450080240000034,1.8421982330000333,17.84004694800001,0.069415374000016,weak,mc_weak_chunk02.csv
0.5,0.75,20300024,216,620.0,89.0,172.0,262.0,,0.7995452319352634,0.8886107271430175,0.079646017699115,0.4340425531914894,113,122,5,no_label_changes,0.6703680300631216,0.6555970855049665,0.6508959211384445,0.6582150705543844,0.1370029543068423,0.134332728472089,0.0992466361264288,0.053970618317583,0.105231367016783,0.1418129770183628,0.4896676072061146,0.9334625234526134,-0.0194721089246771,-0.004701164366522,-0.0377563181804134,-0.0350860923456602,1,1,1,1,1.3912969419999968,0.7266679340000337,2.1179648760000305,18.567473465000035,0.0684522669999978,weak,mc_weak_chunk02.csv
0.5,0.75,20300025,248,289.0,179.0,222.0,261.0,,0.4126294468903885,0.4403518301974526,0.0226415094339622,0.1212121212121212,152,151,2,no_label_changes,0.7176676853086923,0.7136815423958923,0.7168380864501733,0.7002108344698237,0.1683483933960815,0.1612971981573116,0.1907090359494226,0.0871886629157412,0.0888606833961898,0.1006999530123358,0.139316226641706,0.995253327507479,-0.0008295988585189,0.003156544054281,0.0223606425533411,0.029411837792111,1,0,0,0,1.3842108900000198,0.4251912860000288,1.8094021760000487,18.031961878999997,0.0715076660000022,weak,mc_weak_chunk02.csv
0.5,0.75,20300026,207,574.0,81.0,211.0,170.0,,0.5887308520926454,0.664725161648154,0.0,0.2713178294573644,143,145,6,no_label_changes,0.6605642759513631,0.6416250893621139,0.6540217816615258,0.6457827001081096,0.1347995815556253,0.1335655418140332,0.132450537042772,0.0340200035218134,0.1134144592599953,0.153761564799021,0.3290485794016626,0.9514767744513524,-0.0065424942898373,0.0123966922994118,-0.0023490445128533,-0.0011150047712611,1,0,1,1,1.4888869440000008,0.9429171710000332,2.431804115000034,18.05857757700005,0.0686682850000011,weak,mc_weak_chunk02.csv
0.5,0.75,20300027,248,623.0,51.0,232.0,291.0,,0.8242704099464023,0.8281819204871876,0.3247863247863248,0.3596491228070175,121,115,3,no_label_changes,0.6528109489543098,0.6213770385957329,0.6366147934230272,0.6365009956689894,0.1410706133903242,0.1427802155527542,0.1202285378882844,0.054409606693654,0.0959568393259212,0.171360455501072,0.4074960215519798,0.9394385349455772,-0.0161961555312826,0.0152377548272942,-0.0208420755020397,-0.0225516776644697,1,0,1,1,1.4146762409999951,0.5320173520000253,1.9466935930000204,23.712004877000027,0.0693649620000087,weak,mc_weak_chunk02.csv
0.5,0.75,20300028,199,222.0,176.0,114.0,149.0,,0.8272074063225016,0.8490920217080095,0.5106382978723405,0.5541125541125541,122,118,1,no_label_changes,0.6668084890359325,0.6547453569768446,0.6504488428603773,0.6566145687021041,0.1342294055039602,0.1346032577779595,0.1053335634766052,0.056559205946822,0.1138875758187906,0.1330601226500158,0.6465223216758322,1.023856134749196,-0.0163596461755551,-0.0042965141164672,-0.0288958420273549,-0.0292696943013542,1,1,1,1,1.4985809209999843,0.325210826999978,1.8237917479999624,18.27276573900002,0.0706843180000191,weak,mc_weak_chunk02.csv
0.5,0.75,20300029,146,135.0,88.0,219.0,155.0,,0.8809074623632437,0.909474657235475,0.4568965517241379,0.4827586206896552,119,119,2,no_label_changes,0.6913527133240124,0.685007584648578,0.692505378558923,0.6981665282331043,0.1330737853304548,0.1335375065401746,0.1057437563023123,0.0633244921799174,0.1416934491796876,0.1483212341178192,0.4788104349307637,0.9534747014352308,0.0011526652349106,0.0074977939103449,-0.0273300290281425,-0.0277937502378623,0,0,1,1,1.5071182820000215,0.3725878430000193,1.879706125000041,24.119500309999975,0.0701957100000072,weak,mc_weak_chunk02.csv
0.5,0.75,20300030,213,624.0,76.0,98.0,76.0,,0.7852641212043717,0.8707341618421063,0.1422222222222222,0.4521739130434782,112,117,4,no_label_changes,0.6357936979585438,0.5943869047270535,0.6228815789851854,0.6227629306005401,0.1352679021877925,0.1425985100381054,0.1212919299725353,0.0598074736941251,0.1153283980595264,0.2012349002953092,0.4473312107145191,0.9746560758433016,-0.0129121189733584,0.0284946742581319,-0.0139759722152571,-0.02130658006557,1,0,1,1,2.576721701999986,0.5090175670000008,3.085739268999987,25.847190834000003,0.058814767000058,weak,mc_weak_chunk03.csv
0.5,0.75,20300031,137,624.0,89.0,249.0,202.0,,0.8612853677054211,0.9236197148376384,0.3999999999999999,0.6379310344827586,117,119,3,no_label_changes,0.6189326411883165,0.6276395920656535,0.616671333620944,0.6257808812070594,0.1219567438998587,0.1269562498389748,0.0884188087853616,0.0521674821214991,0.1687119554144577,0.1576032364504392,0.8025378382354321,1.1581060886975765,-0.0022613075673725,-0.0109682584447095,-0.0335379351144971,-0.0385374410536131,1,1,1,1,1.34585095500006,0.3974573099999361,1.743308264999996,21.568397142999856,0.0547494550000919,weak,mc_weak_chunk03.csv
0.5,0.75,20300032,179,624.0,137.0,160.0,139.0,,0.8431880144935147,0.8783888185416959,0.1716738197424892,0.3675213675213675,120,121,2,no_label_changes,0.6871314707591151,0.6869305812289053,0.6790341299851227,0.689271445800706,0.1209323236448669,0.1222747275850296,0.1086131522753082,0.0380638324133761,0.1439973929576964,0.148889722398174,0.4147385359246864,1.0070289675258417,-0.0080973407739923,-0.0078964512437825,-0.0123191713695587,-0.0136615753097214,1,1,1,1,1.3773120549999476,0.3027103239999178,1.6800223789998654,16.274215773999913,0.0598029180000594,weak,mc_weak_chunk03.csv
0.5,0.75,20300033,179,624.0,192.0,163.0,231.0,,0.8898740108282326,0.94470371322537,0.4155844155844155,0.7099567099567099,118,118,5,no_label_changes,0.665520430304658,0.6751587908054338,0.6629982405425576,0.668121878377281,0.1373734279795523,0.1391896370435029,0.1056506147609196,0.072447368892893,0.1319938873293446,0.1246889232575712,0.7150651328602767,0.9902889758781998,-0.0025221897621003,-0.0121605502628762,-0.0317228132186326,-0.0335390222825832,1,1,1,1,1.3754494850002177,0.5772511530001339,1.9527006380003515,16.376787295999975,0.0536529239998344,weak,mc_weak_chunk03.csv
0.5,0.75,20300034,132,237.0,169.0,196.0,70.0,,0.8260311665134891,0.8201898182585456,0.4291845493562232,0.3868312757201645,120,130,3,no_label_changes,0.6415952094181003,0.635375903645503,0.6557312031233952,0.6518061686427095,0.1228340090995313,0.1336708497609862,0.1280719266611353,0.0552273851557117,0.1751339671587977,0.1681304610239808,0.4353378801836312,1.0583818619618135,0.0141359937052948,0.0203552994778921,0.0052379175616039,-0.0055989230998509,0,0,0,1,1.2900125839998964,0.4444616579999092,1.7344742419998056,21.531827596999847,0.0540948380000827,weak,mc_weak_chunk03.csv
0.5,0.75,20300035,177,624.0,137.0,236.0,147.0,,0.5866343784830286,0.5981254634038253,0.2529644268774703,0.2480620155038759,140,145,2,no_label_changes,0.6591289370835887,0.6631295590108416,0.6639163107972896,0.64608397241735,0.133382609066214,0.1338268482082343,0.1519392742861846,0.0712573776551454,0.1326933163542451,0.1371509559892416,0.2575297688713546,1.059240497732188,0.0047873737137009,0.000786751786448,0.0185566652199706,0.0181124260779503,0,0,0,0,1.357192667999925,0.3362458049998622,1.6934384729997871,16.187188318999915,0.0544048849999398,weak,mc_weak_chunk03.csv
0.5,0.75,20300036,140,222.0,98.0,184.0,86.0,,0.6385105795158338,0.7159281561449464,0.1818181818181818,0.3895131086142323,151,154,3,no_label_changes,0.6067348521104835,0.5960925241478753,0.6180870963126062,0.6070108259245064,0.12484904097031,0.1288344817082158,0.1246121320576594,0.0665280214896771,0.1648328844870542,0.1776701818848483,0.4853926845080903,1.1135984057566986,0.0113522442021226,0.0219945721647308,-0.0002369089126506,-0.0042223496505564,0,0,1,1,1.270565624000028,0.4385234310000214,1.7090890550000497,16.319959657000027,0.0537416740000935,weak,mc_weak_chunk03.csv
0.5,0.75,20300037,216,527.0,176.0,201.0,296.0,,0.805798960722999,0.8664286086527747,0.1531914893617021,0.325,122,127,3,no_label_changes,0.6313326687642472,0.6355570212494921,0.6237005605003783,0.6225298003343577,0.1264383091532343,0.12990509646009,0.1176590468554122,0.0558016728669802,0.1174656985431603,0.1184287870069967,0.3658570139232112,1.0043971596217358,-0.0076321082638689,-0.0118564607491138,-0.0087792622978221,-0.0122460496046778,1,1,1,1,1.2619848299998466,0.402398465999795,1.6643832959996416,16.25348646800012,0.0538210289998914,weak,mc_weak_chunk03.csv
0.5,0.75,20300038,197,624.0,177.0,178.0,146.0,,0.7240886839018686,0.8071701140638077,0.1999999999999999,0.3135593220338983,117,123,6,no_label_changes,0.6493164306183296,0.6481049492152675,0.6340431251275489,0.6443823381781683,0.1287371210880818,0.1271524735434451,0.1309483510189784,0.05019300226826,0.1275353806558281,0.1355932952725606,0.3532158189375981,1.000662894376644,-0.0152733054907806,-0.0140618240877186,0.0022112299308965,0.0037958774755332,1,1,0,0,1.3567342339999868,0.7215628490000654,2.078297083000052,16.156730268000047,0.0541738429999441,weak,mc_weak_chunk03.csv
0.5,0.75,20300039,177,623.0,109.0,202.0,173.0,,0.5345324781297314,0.5734074053938734,0.0,0.0916030534351145,142,149,3,no_label_changes,0.6213205908705465,0.6228952862369915,0.6383487003410372,0.6219307538804473,0.1256660411188405,0.124711053020785,0.152674502027918,0.0623804579292875,0.1419999253230307,0.1474483752777809,0.0910746512008477,1.054360885253356,0.0170281094704907,0.0154534141040456,0.0270084609090774,0.0279634490071329,0,0,0,0,1.368587363000188,0.4466982380001809,1.8152856010003688,16.27273766999997,0.0539048129999173,weak,mc_weak_chunk03.csv
0.5,0.75,20300040,185,575.0,128.0,213.0,172.0,,0.7773216750869781,0.8037947803718214,0.1864406779661017,0.223175965665236,123,120,5,no_label_changes,0.6637423349781224,0.661808768648738,0.6590525485436555,0.6524359706290479,0.1239126803758657,0.1256408754984159,0.1237107448511824,0.0460664793103784,0.1256664455008517,0.1258438554315492,0.2752072753034009,1.0822163085786622,-0.0046897864344669,-0.0027562201050825,-0.0002019355246833,-0.0019301306472335,1,1,1,1,2.62693002900005,0.6282573519999914,3.2551873810000416,16.42924785299988,0.0536027929999818,weak,mc_weak_chunk04.csv
0.5,0.75,20300041,132,330.0,73.0,184.0,84.0,,0.8035460431331551,0.8592643249770403,0.1212121212121212,0.396551724137931,118,119,2,no_label_changes,0.6261346434166132,0.6178105889425951,0.6300514803381239,0.6411444742567263,0.1219524811728121,0.1316168725447108,0.1201977072350699,0.0413168326150573,0.1745075769071732,0.18218567846959,0.4622395855445761,1.0394931423847475,0.0039168369215106,0.0122408913955287,-0.0017547739377421,-0.0114191653096409,0,0,1,1,1.339405521999879,0.3047616429998925,1.6441671649997716,16.958252484000013,0.0544180129998039,weak,mc_weak_chunk04.csv
0.5,0.75,20300042,216,624.0,177.0,234.0,167.0,,0.6392641093080926,0.7127949625904045,0.052863436123348,0.1674008810572687,114,114,5,no_label_changes,0.6368185261600634,0.6374517182863029,0.6344544267704504,0.6304050234525885,0.1177967853894726,0.1222382124331999,0.1372210771724184,0.0506296921293365,0.1173130516921855,0.1121885402372857,0.189416806279529,0.927232016719855,-0.002364099389613,-0.0029972915158524,0.0194242917829458,0.0149828647392185,1,1,0,0,1.2921180180001102,0.5924006560001089,1.884518674000219,16.610003128000017,0.0540814880000652,weak,mc_weak_chunk04.csv
0.5,0.75,20300043,174,193.0,177.0,86.0,131.0,,0.7594592809718935,0.9136029836926648,0.1206896551724138,0.6101694915254237,119,123,4,no_label_changes,0.6515329150216743,0.6368250897584811,0.6289133487392472,0.6328669903386882,0.1252325719389612,0.1278808021194289,0.1078309173557351,0.0455424356201678,0.1332666715989701,0.1675162421962784,0.7281448973358963,1.0854263452315498,-0.0226195662824271,-0.0079117410192338,-0.017401654583226,-0.0200498847636938,1,1,1,1,1.3791556229998605,0.5012976430000435,1.880453265999904,16.471164331999944,0.0544325349999326,weak,mc_weak_chunk04.csv
0.5,0.75,20300044,190,356.0,61.0,205.0,242.0,,0.7388020205001664,0.7911550267683395,0.2745098039215686,0.2761506276150627,142,126,3,no_label_changes,0.6630772358509393,0.643041628178439,0.6717840868298449,0.6602966278696818,0.1402654917524233,0.1417940771243731,0.1420071607335636,0.0488467336550908,0.1081937125551762,0.1484372266366568,0.2357244247095085,0.9325622769512244,0.0087068509789056,0.0287424586514059,0.0017416689811403,0.0002130836091904,0,0,0,0,1.453480973999831,0.4036271550000947,1.8571081289999256,22.059853258999965,0.0548584680000203,weak,mc_weak_chunk04.csv
0.5,0.75,20300045,174,622.0,93.0,50.0,192.0,,0.7614617745783953,0.7956287048246778,0.3274336283185841,0.4608695652173913,113,117,3,no_label_changes,0.6475299497188384,0.6114882574998526,0.6328148035020588,0.6355126172848242,0.1281057864928304,0.1336931101141192,0.1227415050046576,0.0603404546436637,0.1229474461840767,0.1984088696791848,0.4768846590045718,0.955756704121258,-0.0147151462167796,0.0213265460022061,-0.0053642814881728,-0.0109516051094616,1,0,1,1,1.3935150370000429,0.3953291780001109,1.7888442150001538,21.590576263999992,0.0545054070000787,weak,mc_weak_chunk04.csv
0.5,0.75,20300046,256,624.0,177.0,276.0,303.0,,0.7436551587640248,0.773583401143984,0.145748987854251,0.3360000000000001,134,137,2,no_label_changes,0.6813173361846553,0.680020656935887,0.6606269266599727,0.6647791379191903,0.1278861358256817,0.1253494540255647,0.1281557900964079,0.034050268871123,0.1028278314195412,0.1048087417016805,0.384766851786773,1.0128879632558263,-0.0206904095246825,-0.0193937302759142,0.0002696542707262,0.0028063360708432,1,1,0,0,1.3066766889999144,0.3185472389998267,1.6252239279997411,17.043978154999877,0.0546571970000968,weak,mc_weak_chunk04.csv
0.5,0.75,20300047,217,624.0,121.0,214.0,220.0,,0.5906696291465228,0.7026672889607657,0.0465116279069767,0.3088803088803089,145,146,5,no_label_changes,0.7029500530840059,0.6952860018855517,0.693279950018451,0.6872812828434023,0.1475736891095923,0.1457982672809717,0.144039264079764,0.056123773284693,0.0975402411869324,0.1065455239080632,0.2931631456493027,0.9466083493620608,-0.0096701030655549,-0.0020060518671006,-0.0035344250298283,-0.0017590032012076,1,1,1,1,1.4513545670001804,0.6460258310000881,2.0973803980002685,16.565933537999854,0.0543929279999702,weak,mc_weak_chunk04.csv
0.5,0.75,20300048,231,624.0,136.0,192.0,334.0,,0.8583297871967126,0.850924293966228,0.5630252100840336,0.5110132158590308,125,114,7,no_label_changes,0.6745821689630055,0.6709564226936775,0.661061208243891,0.6599420658015369,0.1119667355125191,0.1128021973128771,0.0995893732389601,0.0377833198597159,0.1331084220086995,0.1412329159096236,0.6054488828307266,1.071436660535747,-0.0135209607191144,-0.0098952144497864,-0.0123773622735589,-0.0132128240739169,1,1,1,1,1.417816048000077,0.7670084900000802,2.184824538000157,21.46807008299993,0.0561667690001286,weak,mc_weak_chunk04.csv
0.5,0.75,20300049,224,624.0,88.0,190.0,179.0,,0.7331408659904481,0.7779478910350339,0.2480620155038759,0.3053435114503817,145,149,3,no_label_changes,0.6613019517254877,0.6465722448933819,0.641679038119618,0.6373737008895946,0.1306150239572995,0.1267640309689059,0.1182633162902521,0.0479421066145628,0.1119188402528491,0.1312545817024931,0.347992482305497,1.0204697719327265,-0.0196229136058696,-0.0048932067737639,-0.0123517076670473,-0.0085007146786537,1,1,1,1,1.2839665919998424,0.4292656610000449,1.7132322529998874,16.84917789300016,0.0545113260000107,weak,mc_weak_chunk04.csv
0.5,0.75,20300050,177,624.0,137.0,148.0,129.0,,0.8059840331549255,0.8433937103357378,0.4184100418410042,0.4647302904564315,126,128,2,no_label_changes,0.6752809172982389,0.6708229022897738,0.6618732248283551,0.6666142834470734,0.1313484558694965,0.1345665228369583,0.1278068748866168,0.0654153008941252,0.1423329938115193,0.1580608350625854,0.5960153891285478,1.0624053695617912,-0.0134076924698838,-0.0089496774614187,-0.0035415809828796,-0.0067596479503414,1,1,1,1,2.892723455999999,0.400379614000002,3.293103070000001,18.542704175000004,0.0752895640000019,weak,mc_weak_chunk05.csv
0.5,0.75,20300051,229,158.0,69.0,241.0,314.0,,0.6393366814489513,0.7907115970524833,0.095617529880478,0.4472573839662447,138,124,6,no_label_changes,0.6710485967486116,0.6434546879041165,0.6487353893192269,0.648333421144898,0.1500523647962214,0.1503922088663153,0.1117328634733701,0.0518899433284817,0.0933407432668178,0.1302005274404896,0.5208118291091742,0.9712614970216568,-0.0223132074293846,0.0052807014151103,-0.0383195013228512,-0.0386593453929452,1,0,1,1,1.5106197370000132,0.8856207679999955,2.3962405050000086,18.473713034,0.070892280999999,weak,mc_weak_chunk05.csv
0.5,0.75,20300052,164,620.0,111.0,112.0,238.0,,0.8905106012456893,0.9412141297199068,0.5739130434782609,0.7048458149779735,117,114,3,no_label_changes,0.6620192534129818,0.6591362433731089,0.6458432843390446,0.6441875108741549,0.1237985839513876,0.1251297684809099,0.0727354414443044,0.0425855676317034,0.1513996521924772,0.1553910584152514,0.7985943441940542,1.0842588309407688,-0.0161759690739372,-0.0132929590340643,-0.0510631425070832,-0.0523943270366055,1,1,1,1,1.408375546000002,0.4839661170000084,1.8923416630000105,29.389886575999995,0.071092660000005,weak,mc_weak_chunk05.csv
0.5,0.75,20300053,237,621.0,93.0,201.0,344.0,,0.697787540003221,0.7731044902414584,0.2292490118577075,0.3516483516483516,140,160,5,no_label_changes,0.6958752554573784,0.6864124956341273,0.6677883151613155,0.6742483120216126,0.1349332597743097,0.1343004876949851,0.1535917889657966,0.0424661198355632,0.1044318145209075,0.123685874593704,0.4708599254028898,0.9755038930403253,-0.0280869402960628,-0.0186241804728117,0.0186585291914868,0.0192913012708114,1,1,0,0,1.4433033050000006,0.843408960000005,2.2867122650000056,23.84243416900001,0.0751292800000129,weak,mc_weak_chunk05.csv
0.5,0.75,20300054,157,624.0,88.0,85.0,240.0,,0.7380310337359656,0.8280192399161483,0.0172413793103448,0.3934426229508196,119,131,3,no_label_changes,0.6549560791615577,0.644626613320342,0.6529164615656924,0.6544579517065757,0.1277895659349247,0.138188295497676,0.143457196317397,0.0657407566384976,0.1540035971340715,0.1591499461690649,0.4703417838692327,1.1399242370894622,-0.0020396175958653,0.0082898482453503,0.0156676303824722,0.005268900819721,1,0,0,0,1.5198060840000096,0.5085380490000091,2.0283441330000187,24.26219893800001,0.0706098290000056,weak,mc_weak_chunk05.csv
0.5,0.75,20300055,207,621.0,127.0,223.0,234.0,,0.7751801885505126,0.8478473534437465,0.2755555555555555,0.3739130434782609,112,117,4,no_label_changes,0.6751553420962665,0.6734394113652626,0.6582836042286638,0.6595628007483538,0.1216723945140962,0.1208466100793466,0.1106631338828612,0.038152519088183,0.1336290923216035,0.1364597313835137,0.469084516905744,1.075307889405973,-0.0168717378676026,-0.0151558071365988,-0.0110092606312349,-0.0101834761964853,1,1,1,1,1.458792170999999,0.6002639969999848,2.059056167999984,18.554929423000004,0.070375977000026,weak,mc_weak_chunk05.csv
0.5,0.75,20300056,136,565.0,88.0,142.0,147.0,,0.8785917443718572,0.9382723948044464,0.5982905982905983,0.6724137931034482,121,119,5,no_label_changes,0.6337909315245385,0.637231534976059,0.626578748994788,0.6293771148508096,0.1322074280172497,0.1274298772258031,0.0961399619066583,0.061615860204256,0.1512412768767109,0.1692607792028475,0.7493410716433655,1.0259741229612398,-0.0072121825297504,-0.0106527859812709,-0.0360674661105913,-0.0312899153191447,1,1,1,1,1.5003553120000106,0.7250069529999905,2.225362265000001,19.20318229900002,0.0699207250000029,weak,mc_weak_chunk05.csv
0.5,0.75,20300057,224,623.0,89.0,243.0,214.0,,0.7745652290856254,0.9353353511099805,0.1659388646288209,0.6923076923076923,116,121,7,no_label_changes,0.6920853141318251,0.6766299276227116,0.6621313994151146,0.6698211398215159,0.1356443654039865,0.135681158270964,0.0836200834970368,0.0410184217403105,0.1144419222865083,0.1464989709518186,0.7820004216933221,1.0061133430935754,-0.0299539147167104,-0.014498528207597,-0.0520242819069497,-0.0520610747739271,1,1,1,1,1.4445930610000062,0.9719563259999972,2.4165493870000034,18.732430704999985,0.0698378680000075,weak,mc_weak_chunk05.csv
0.5,0.75,20300058,196,624.0,135.0,88.0,233.0,,0.7111289078296215,0.7936708811911908,0.1459227467811159,0.376068376068376,120,121,3,no_label_changes,0.6483615399018196,0.6311949634555845,0.6410689320243864,0.6349630467133576,0.1239039790281389,0.1239875899824448,0.1167653790361212,0.0349156377373913,0.113203136937572,0.1424927058231482,0.4066982418822907,0.9856157929034194,-0.0072926078774331,0.0098739685688019,-0.0071385999920177,-0.0072222109463236,1,0,1,1,1.4262882090000062,0.5052355039999838,1.93152371299999,18.749638981999965,0.071191213999981,weak,mc_weak_chunk05.csv
0.5,0.75,20300059,172,624.0,115.0,129.0,93.0,,0.7016182254984047,0.8430511540001855,0.0171673819742489,0.4405286343612334,120,114,5,no_label_changes,0.659291326855172,0.6431725693963213,0.6419632880656401,0.6399733388203339,0.1230735763262052,0.1234092296874695,0.115250791469006,0.0428004436372989,0.139915942665097,0.1909015413864765,0.5219278352279527,1.0694901505885903,-0.0173280387895319,-0.0012092813306812,-0.0078227848571991,-0.0081584382184635,1,1,1,1,1.41080446899997,0.718982259000029,2.129786727999999,24.11646977599997,0.0699980770000365,weak,mc_weak_chunk05.csv
0.5,0.75,20300060,171,617.0,134.0,125.0,185.0,,0.8558780538211275,0.9171415957987356,0.4214876033057851,0.6804979253112033,129,128,2,global_objective_guard_rejected_sweep,0.6325415197154322,0.6325121811258729,0.6233660592265687,0.6231427876071287,0.1166405093006855,0.1181033720287852,0.0841326046805249,0.0349668849086498,0.1329731159457104,0.1376091236366597,0.7816139724716995,1.0720584687617332,-0.0091754604888634,-0.0091461218993041,-0.0325079046201605,-0.0339707673482603,1,1,1,1,2.9855064589999074,0.4894254319999618,3.474931890999869,24.81702058499991,0.0773765129999901,weak,mc_weak_chunk06.csv
0.5,0.75,20300061,213,623.0,111.0,146.0,176.0,,0.5252741395686696,0.5957685241811006,0.0,0.2611940298507462,142,155,3,no_label_changes,0.70499706174004,0.6914196035174688,0.6894799648619346,0.6918208385315734,0.1521961939607672,0.1480977144451578,0.1634799719853315,0.0607558369471405,0.1001019923673402,0.1268886393993252,0.290608105461635,0.9576388570601964,-0.0155170968781053,-0.0019396386555341,0.0112837780245643,0.0153822575401737,1,1,0,0,1.4735895579999578,0.5777116519998344,2.0513012099997923,18.92285813500007,0.0721619759999612,weak,mc_weak_chunk06.csv
0.5,0.75,20300062,203,624.0,152.0,179.0,196.0,,0.6912745006176201,0.7063214364907349,0.5278810408921933,0.4057971014492753,156,163,6,no_label_changes,0.6838877922844735,0.6850373786437095,0.6806363493762768,0.6832190967763286,0.1277534827301304,0.1303160667668814,0.1376491728088603,0.0579310561955817,0.1339902044463066,0.1288133301944305,0.444653564971178,0.9453215097766896,-0.0032514429081966,-0.0044010292674326,0.0098956900787299,0.0073331060419789,1,1,0,0,1.5480201049999778,1.0204440239999713,2.568464128999949,18.920272899999876,0.0718193679999785,weak,mc_weak_chunk06.csv
0.5,0.75,20300063,192,623.0,157.0,211.0,178.0,,0.9154381183367496,0.9666180074242708,0.5652173913043479,0.7913043478260869,117,117,4,no_label_changes,0.6088342553599376,0.6129941623231459,0.5906230137058064,0.5953130956872975,0.1200660591861659,0.1213655142064108,0.0762198316243192,0.0544102739524037,0.1247047525840066,0.121382344760731,0.8592893314258143,1.0159818218005163,-0.0182112416541312,-0.0223711486173394,-0.0438462275618467,-0.0451456825820916,1,1,1,1,1.5723786759999712,0.6056375809998826,2.178016256999854,18.58734178400005,0.0717479610000282,weak,mc_weak_chunk06.csv
0.5,0.75,20300064,176,624.0,134.0,192.0,144.0,,0.7720661169949649,0.9071566145993092,0.0633484162895927,0.5922746781115878,108,120,4,no_label_changes,0.6668316705970783,0.6674218345552089,0.648418371746729,0.6510377637463242,0.1156187235099694,0.1154516657083431,0.0872339357884067,0.0409743258948862,0.1490560757047302,0.1527622579233419,0.6987712879487389,1.0982024691428418,-0.0184132988503492,-0.0190034628084798,-0.0283847877215627,-0.0282177299199364,1,1,1,1,1.4177917389999948,0.6184862300001441,2.036277969000139,23.973839236999996,0.0730923099999927,weak,mc_weak_chunk06.csv
0.5,0.75,20300065,209,624.0,172.0,205.0,223.0,,0.9233676596607008,0.9194598642724068,0.5714285714285715,0.5316455696202532,118,124,1,global_objective_guard_rejected_sweep,0.7123225309489477,0.7164706386445774,0.6908146843039322,0.6957426182374568,0.1380498754022655,0.1346826253099084,0.1015755110669315,0.0594041388462573,0.1019722477479466,0.1069104305611714,0.5379345049931982,0.9462924083488716,-0.0215078466450154,-0.0256559543406451,-0.036474364335334,-0.0331071142429769,1,1,1,1,1.532132849000163,0.3310061849999783,1.8631390340001417,18.741280139999844,0.0716827029998512,weak,mc_weak_chunk06.csv
0.5,0.75,20300066,190,624.0,146.0,134.0,204.0,,0.9114022059202384,0.9266652305884134,0.5966386554621849,0.6186440677966102,125,123,4,no_label_changes,0.6421133664788509,0.6371330921957233,0.6186314826541769,0.6237688401545938,0.1200972208586368,0.1138718391314202,0.0907020686490693,0.0584615636520257,0.1312344831764305,0.1505861079797043,0.8247362364453159,1.1532262166995515,-0.0234818838246739,-0.0185016095415464,-0.0293951522095675,-0.0231697704823509,1,1,1,1,1.534724025000287,0.6285945540003013,2.163318579000588,18.466049727000154,0.0731445000001258,weak,mc_weak_chunk06.csv
0.5,0.75,20300067,191,604.0,185.0,183.0,191.0,,0.7674303884057182,0.8791010888958942,0.2457627118644068,0.4100418410041841,123,126,8,no_label_changes,0.6628461420026588,0.6698005210573562,0.6471493367665865,0.6510716066656825,0.1285470113973921,0.1294689929261226,0.1110226885368459,0.0436497288692991,0.1248921203448413,0.117307311406353,0.4574070428123014,1.001179242136054,-0.0156968052360723,-0.0226511842907697,-0.0175243228605461,-0.0184463043892766,1,1,1,1,1.5978707129997929,1.170604943999933,2.768475656999726,19.15762988500001,0.0723283929996796,weak,mc_weak_chunk06.csv
0.5,0.75,20300068,241,624.0,149.0,210.0,198.0,,0.596152189962891,0.6123744570234202,0.0648148148148148,0.1441441441441441,103,109,3,no_label_changes,0.6492622722254421,0.645082945492579,0.6494426682761179,0.6316898010285442,0.1336216279710747,0.1345162234943903,0.1708642436888411,0.0496025879326013,0.1083187656875929,0.1134960786419535,0.1792763517580846,1.053670312975825,0.0001803960506757,0.0043597227835388,0.0372426157177663,0.0363480201944507,0,0,0,0,1.5288748610000766,0.4896181979997891,2.0184930589998658,19.158474445000135,0.0723833309998553,weak,mc_weak_chunk06.csv
0.5,0.75,20300069,224,574.0,209.0,218.0,235.0,,0.7133966077332481,0.7862112908520422,0.1834061135371179,0.3982683982683982,116,118,3,no_label_changes,0.683979587029208,0.6872566300332067,0.6688141675464101,0.6695505571786705,0.1379802494947664,0.1390383185787596,0.128691315522323,0.0616840890416769,0.1108179690523069,0.1100742536852684,0.4752616018367008,1.008552032130105,-0.0151654194827979,-0.0184424624867965,-0.0092889339724434,-0.0103470030564365,1,1,1,1,1.4169002929997987,0.4949012249999214,1.91180151799972,19.739397629,0.0717626140003631,weak,mc_weak_chunk06.csv
0.5,0.75,20300070,175,624.0,97.0,210.0,233.0,,0.7650089604901001,0.7949510641515867,0.225,0.2928870292887029,127,126,2,no_label_changes,0.6547716712109499,0.6566278822467446,0.655403362279699,0.661395154324134,0.1351318707269881,0.1377521692096871,0.1562175382960105,0.0829205591408891,0.1503587662227138,0.1565290173291216,0.3923649338471678,1.145679898422777,0.000631691068749,-0.0012245199670456,0.0210856675690224,0.0184653690863233,0,1,0,0,2.6690478040000016,0.3232129830000048,2.9922607870000064,16.53478644100001,0.0589844299999953,weak,mc_weak_chunk07.csv
0.5,0.75,20300071,177,624.0,146.0,135.0,254.0,,0.6667319819509879,0.7162287185115034,0.2148148148148148,0.427536231884058,157,163,3,no_label_changes,0.635026657907247,0.6358324363283052,0.6201820218210425,0.6248561029912775,0.1240513702509624,0.1232974099831762,0.132882925983011,0.0655903740742075,0.1316183339988731,0.1348605970949466,0.5675126019440043,1.0931711363109404,-0.0148446360862044,-0.0156504145072626,0.0088315557320485,0.0095855159998348,1,1,0,0,1.3829505719999986,0.4604303259999938,1.8433808979999924,16.611539203000007,0.0548364679999906,weak,mc_weak_chunk07.csv
0.5,0.75,20300072,204,623.0,152.0,203.0,260.0,,0.7472466451864836,0.857565541304739,0.0413223140495867,0.4615384615384615,129,121,4,no_label_changes,0.6529041201250225,0.6553251926196946,0.6341144619817582,0.6297923362538569,0.1261272583486539,0.1231791686931887,0.1174587397231956,0.0569765379295917,0.1116118535642297,0.1145155851254825,0.5259586047930932,1.0474453520046725,-0.0187896581432642,-0.0212107306379363,-0.0086685186254582,-0.0057204289699931,1,1,1,1,1.2886029000000008,0.5119393150000064,1.8005422150000072,16.63393190100001,0.0539549590000092,weak,mc_weak_chunk07.csv
0.5,0.75,20300073,228,506.0,184.0,203.0,197.0,,0.7833658667202212,0.8722374905414835,0.1617021276595744,0.4686192468619246,122,126,4,no_label_changes,0.7015495203617387,0.7011358258490198,0.6619707006388521,0.6731254215185533,0.148009750227972,0.1464807698436781,0.1231358303781127,0.062018851939945,0.1009760357477651,0.1000293874282542,0.5475207941148228,1.003632905591178,-0.0395788197228865,-0.0391651252101676,-0.0248739198498592,-0.0233449394655654,1,1,1,1,1.291071813000002,0.5154541510000001,1.8065259640000024,21.61292891400001,0.0552172370000221,weak,mc_weak_chunk07.csv
0.5,0.75,20300074,224,624.0,137.0,89.0,197.0,,0.6378868336586774,0.6085282036416817,0.1592920353982301,0.1212121212121212,113,118,6,global_objective_guard_rejected_sweep,0.6895236855083019,0.6682569141740144,0.6902529961162472,0.6551574154730953,0.1314261073827677,0.1288951036946581,0.1725152618716541,0.0556122930080263,0.1126689321773654,0.1437588574711129,0.1348791350424796,1.0468275998171968,0.0007293106079453,0.0219960819422327,0.0410891544888863,0.043620158176996,0,0,0,0,1.2794547180000109,0.7509192859999985,2.0303740040000093,21.919968719999986,0.0546711380000033,weak,mc_weak_chunk07.csv
0.5,0.75,20300075,163,177.0,93.0,214.0,167.0,,0.7692379616824824,0.880946909518295,0.1525423728813559,0.6016949152542374,123,123,7,no_label_changes,0.6585943071408987,0.6492078796949904,0.6363322606147575,0.6427822088156759,0.1150455618249212,0.1164524559410744,0.105600839851178,0.0445633351404572,0.1490492031541027,0.1731996536444933,0.7464016132791765,1.1393882483225857,-0.0222620465261412,-0.0128756190802329,-0.0094447219737432,-0.0108516160898964,1,1,1,1,1.3111882359999925,0.8003789389999838,2.1115671749999763,16.638719302999988,0.054481203999984,weak,mc_weak_chunk07.csv
0.5,0.75,20300076,215,624.0,128.0,136.0,129.0,,0.737361031113058,0.8722972096915905,0.1145374449339207,0.5654008438818565,114,124,6,no_label_changes,0.6746424481676544,0.6586304877781612,0.6473114154141204,0.6529059041016811,0.1152369559357052,0.1117229540791714,0.1003209971857786,0.0394048497722194,0.1210795091239013,0.1577824871488504,0.6658736600777787,1.0813575699930476,-0.0273310327535339,-0.0113190723640408,-0.0149159587499266,-0.0114019568933928,1,1,1,1,1.3083201289999806,0.6877853320000042,1.9961054609999849,21.81801711800003,0.0544887279999954,weak,mc_weak_chunk07.csv
0.5,0.75,20300077,204,624.0,126.0,170.0,294.0,,0.7585643501155368,0.8125541372711123,0.1052631578947368,0.3109243697478991,115,125,2,global_objective_guard_rejected_sweep,0.6690932047817522,0.6671995428375199,0.6531010839486036,0.6620982808921942,0.1287796353331093,0.131349694522852,0.123869289431807,0.0407883764867744,0.1043966179344721,0.1094292017636835,0.3505570264988976,0.9568322794346704,-0.0159921208331486,-0.0140984588889163,-0.0049103459013023,-0.007480405091045,1,1,1,1,1.3080741169999897,0.3598342139999886,1.6679083309999785,16.901729321999994,0.0547278309999796,weak,mc_weak_chunk07.csv
0.5,0.75,20300078,185,623.0,196.0,163.0,259.0,,0.6949593861564866,0.797246838536184,0.1102362204724409,0.390625,141,143,3,no_label_changes,0.6513331354077232,0.6625003841035442,0.6533098736837324,0.644719244091147,0.1369196371145372,0.1424055548342411,0.1236304597752977,0.0653283590891729,0.1227241868690297,0.1126525035818145,0.397830729677109,1.0281173883934178,0.0019767382760091,-0.0091905104198117,-0.0132891773392394,-0.0187750950589433,0,1,1,1,1.299683844000015,0.4350549970000088,1.7347388410000235,16.823946467999974,0.055501979999974,weak,mc_weak_chunk07.csv
0.5,0.75,20300079,166,624.0,89.0,226.0,202.0,,0.8725554599382886,0.9315335438836506,0.3999999999999999,0.6008583690987124,117,120,2,no_label_changes,0.6227753892837972,0.6184685477949539,0.6166660533135316,0.6233600369992242,0.1305738066042616,0.1383751317389088,0.1063815723418249,0.0638657223675481,0.1398469616632986,0.1442866060576957,0.6487145400848573,1.0538816197577123,-0.0061093359702655,-0.0018024944814222,-0.0241922342624367,-0.0319935593970839,1,1,1,1,1.508723078999992,0.2974698090000061,1.8061928879999984,17.411388275000036,0.0543491089999861,weak,mc_weak_chunk07.csv
0.5,0.75,20300080,209,513.0,177.0,236.0,177.0,,0.6538132218954977,0.694130130711672,0.106060606060606,0.2205882352941176,151,159,4,no_label_changes,0.63690691761646,0.6368943270934405,0.6176323001632702,0.6277947055721577,0.1297267976299548,0.1274303247449688,0.1383446967852417,0.0642663876214279,0.1350191986256113,0.1318543448585379,0.3073797979855828,1.1046481398456722,-0.0192746174531898,-0.0192620269301703,0.0086178991552868,0.0109143720402729,1,1,0,0,2.710437383999995,0.5685858609999954,3.2790232449999905,21.535432828,0.0665888059999986,weak,mc_weak_chunk08.csv
0.5,0.75,20300081,237,624.0,230.0,238.0,194.0,,0.6660558178514261,0.8249825742518414,0.2023346303501945,0.5384615384615384,144,147,6,no_label_changes,0.6693978834040211,0.6712331232764931,0.6512313601786797,0.6478199917257361,0.1216696306042175,0.1224727372594862,0.1003170658401672,0.0421940801505772,0.1097084397780565,0.1091777431585564,0.5611532525934827,1.0306129501460668,-0.0181665232253414,-0.0200017630978134,-0.0213525647640503,-0.0221556714193189,1,1,1,1,1.267924984000004,0.7460133319999898,2.0139383159999937,16.833864419000008,0.053800111000001,weak,mc_weak_chunk08.csv
0.5,0.75,20300082,245,197.0,71.0,249.0,296.0,,0.7343906664338038,0.8311112783866074,0.3478260869565217,0.3813559322033897,117,123,4,no_label_changes,0.7117965106596641,0.6903836190649512,0.6943357851218438,0.694370985318971,0.1325756433266877,0.1332087859081439,0.1090708898508337,0.0369477014855876,0.1051424971892417,0.1348676178671042,0.4494450568199907,0.990944502989643,-0.0174607255378203,0.0039521660568926,-0.0235047534758539,-0.0241378960573102,1,0,1,1,1.2754023020000034,0.5054917279999955,1.780894029999999,16.279985761999995,0.0540302859999997,weak,mc_weak_chunk08.csv
0.5,0.75,20300083,144,624.0,97.0,171.0,96.0,,0.7777270559139934,0.8066433621098921,0.191304347826087,0.3565217391304348,117,117,2,no_label_changes,0.666969201881088,0.6580735948030746,0.6713594208541871,0.6657380952912942,0.1281923524272807,0.1299928886560232,0.1249118994946547,0.0531819879732639,0.1535498688244127,0.1963929523842155,0.4557780619714687,1.099537453957474,0.0043902189730991,0.0132858260511125,-0.003280452932626,-0.0050809891613684,0,0,1,1,1.2885003979999965,0.3013352450000042,1.589835643000001,21.582295547,0.0547036419999926,weak,mc_weak_chunk08.csv
0.5,0.75,20300084,153,142.0,125.0,133.0,205.0,,0.6930641647924377,0.7447433398064414,0.1428571428571428,0.2415094339622641,153,152,3,global_objective_guard_rejected_sweep,0.622518268110524,0.6190927265386095,0.6267616864350193,0.6218027149673544,0.134266753558504,0.1313868669702956,0.1421394610487104,0.0676960868645761,0.1281043629017914,0.1377428214902612,0.2483168481727028,0.9495404433983856,0.0042434183244952,0.0076689598964098,0.0078727074902064,0.0107525940784148,0,0,0,0,1.3065178619999926,0.5051703389999886,1.8116882009999813,16.30685431699999,0.0542696470000123,weak,mc_weak_chunk08.csv
0.5,0.75,20300085,216,624.0,137.0,219.0,261.0,,0.7363070001464446,0.8122664894949141,0.0854700854700854,0.4032921810699588,121,130,5,no_label_changes,0.6847677232688837,0.6872212915686413,0.663898844627758,0.6694642354683334,0.1347406959077558,0.1337391620879359,0.1307546701561542,0.0501261037079684,0.1144549762255098,0.1149084497869565,0.4591592296034585,1.0131826866743727,-0.0208688786411257,-0.0233224469408833,-0.0039860257516015,-0.0029844919317816,1,1,1,1,1.2939726310000026,0.6448728169999924,1.938845447999995,16.39654349,0.0539640849999898,weak,mc_weak_chunk08.csv
0.5,0.75,20300086,239,621.0,122.0,251.0,232.0,,0.5477830598186646,0.592776979859422,0.0233463035019455,0.3282442748091603,144,149,2,no_label_changes,0.6740484833638575,0.6673355595354313,0.6594592441618807,0.653785700287143,0.1442465174111707,0.1422815325901331,0.153911308172969,0.0686673198074579,0.0943278777059676,0.1064129724246735,0.3364065040682645,0.9963290937865154,-0.0145892392019767,-0.0078763153735506,0.0096647907617982,0.0116297755828358,1,1,0,0,1.2966660559999923,0.3405609079999863,1.6372269639999786,16.424712690999996,0.0543755630000077,weak,mc_weak_chunk08.csv
0.5,0.75,20300087,169,624.0,134.0,212.0,315.0,,0.6935420069185255,0.7592345392555154,0.0421940928270042,0.1092436974789916,124,125,3,no_label_changes,0.6706986508652746,0.685645507896271,0.6780255980767884,0.6670119870741855,0.1455141824557026,0.1478033890229343,0.155306887006037,0.0676406021380204,0.133246464204886,0.1167340207493798,0.1314764129100179,0.9418505632335764,0.0073269472115138,-0.0076199098194825,0.0097927045503344,0.0075034979831026,0,1,0,0,1.381433842000007,0.4055514979999941,1.786985340000001,21.441660611000003,0.0543176440000081,weak,mc_weak_chunk08.csv
0.5,0.75,20300088,171,197.0,147.0,177.0,133.0,,0.7812445948091965,0.7775819329347136,0.3149606299212598,0.3615384615384615,141,147,1,no_label_changes,0.6402549688829458,0.6383178366173341,0.6442157655158962,0.6437009695439477,0.1219167932027391,0.1242151104472196,0.1101987288539192,0.0394646313082155,0.1496257323634918,0.1489112887835212,0.4289216787975857,1.0313970130036385,0.0039607966329504,0.0058979288985621,-0.0117180643488199,-0.0140163815933003,0,0,1,1,1.3480555379999828,0.220447876999998,1.5685034149999808,16.517550701000005,0.0545766459999867,weak,mc_weak_chunk08.csv
0.5,0.75,20300089,177,624.0,89.0,103.0,224.0,,0.639877428897869,0.6493693949650801,0.2481751824817518,0.2992700729927007,161,161,2,no_label_changes,0.6575488052805843,0.6382616023509464,0.6690422166655784,0.6512485684651232,0.1321970319884551,0.1386444192164784,0.1361028335770199,0.0452258676750998,0.1218306674916398,0.1540710434634646,0.322406434258757,1.0053660596436853,0.011493411384994,0.0307806143146319,0.0039058015885648,-0.0025415856394584,0,0,0,1,1.3918834920000052,0.3455389730000036,1.7374224650000087,21.936576093000014,0.0545985089999874,weak,mc_weak_chunk08.csv
0.5,0.75,20300090,198,624.0,101.0,147.0,223.0,,0.6924429763523365,0.7708998246077272,0.0436681222707423,0.2982456140350877,116,115,3,no_label_changes,0.6682025285171567,0.6633622430169291,0.6606766999430943,0.6415463209647049,0.1398089375236572,0.1358644927666054,0.1407913021996092,0.0447453795814387,0.0996551018704441,0.1166715087497142,0.2988174553876103,0.992128625208046,-0.0075258285740623,-0.0026855430738348,0.000982364675952,0.0049268094330038,1,1,0,0,2.0105730559999984,0.3407422880000013,2.351315344,12.392630824,0.0437356459999946,weak,mc_weak_chunk09.csv
0.5,0.75,20300091,184,387.0,146.0,257.0,230.0,,0.6469361595293669,0.690377543499572,0.1615384615384615,0.5076923076923077,147,147,3,no_label_changes,0.668040796606439,0.6740559187517402,0.6675085832191345,0.6589690172841287,0.1414845050987465,0.1410650786766748,0.1328235803951108,0.0587705076485715,0.1135823779481733,0.1103519786372013,0.5152929585979957,1.0228846866762291,-0.0005322133873044,-0.0065473355326056,-0.0086609247036357,-0.008241498281564,1,1,1,1,0.926731285999992,0.3541588479999973,1.2808901339999892,16.247882659,0.0418057440000012,weak,mc_weak_chunk09.csv
0.5,0.75,20300092,185,532.0,169.0,137.0,210.0,,0.7783240252826322,0.8304041077187091,0.2434782608695652,0.4444444444444445,117,121,2,global_objective_guard_rejected_sweep,0.643613592276247,0.6424963798817743,0.628850321882141,0.6313052314198709,0.1261523655041461,0.1225409091090031,0.1124613049165602,0.0447261368417671,0.1237669674053668,0.1270636175738554,0.5127308658522984,1.0047452332005655,-0.014763270394106,-0.0136460579996333,-0.0136910605875858,-0.0100796041924429,1,1,1,1,0.9477326559999996,0.2890828929999998,1.2368155489999992,12.714908022000005,0.0417966560000024,weak,mc_weak_chunk09.csv
0.5,0.75,20300093,240,624.0,161.0,212.0,240.0,,0.8257509265893896,0.8332978682568808,0.4291187739463601,0.4444444444444445,148,157,3,no_label_changes,0.6604086845572774,0.6560300830367685,0.6307108824916441,0.6257142106786657,0.1200721539536649,0.1202183311292581,0.1130780402691275,0.0475269403324262,0.1167072367604652,0.1239374441922749,0.5416588729373082,1.113723053308183,-0.0296978020656333,-0.0253192005451243,-0.0069941136845374,-0.0071402908601306,1,1,1,1,0.9271739929999968,0.3304378650000075,1.2576118580000042,12.617948927,0.0419362539999923,weak,mc_weak_chunk09.csv
0.5,0.75,20300094,172,374.0,137.0,163.0,169.0,,0.8034944394294299,0.8952886627379107,0.1652173913043478,0.4595744680851064,117,122,3,no_label_changes,0.648301333580657,0.6506424501855662,0.6450192284738367,0.6487861273925446,0.1379039484217999,0.1411137072518762,0.123541515955876,0.0764139146240827,0.1278946639081979,0.1256543024709595,0.4617973510618989,0.9585529383596652,-0.0032821051068202,-0.0056232217117294,-0.0143624324659238,-0.0175721912960002,1,1,1,1,0.9090477270000008,0.3056867290000014,1.2147344560000022,12.345767253999997,0.0425168520000056,weak,mc_weak_chunk09.csv
0.5,0.75,20300095,217,206.0,164.0,261.0,260.0,,0.7372063715923955,0.8349948400723888,0.0924369747899159,0.2323651452282157,125,128,7,no_label_changes,0.6391863604889099,0.6371968655041708,0.622702910171052,0.6252144906173819,0.1307115136590999,0.1319838739425814,0.1146905195120306,0.0578532932045723,0.1027031916202924,0.1008876020554637,0.2700034543594346,0.9152081764407892,-0.0164834503178579,-0.0144939553331188,-0.0160209941470692,-0.0172933544305507,1,1,1,1,1.0028618489999983,0.6208187039999871,1.6236805529999856,12.622908230000007,0.0421244220000005,weak,mc_weak_chunk09.csv
0.5,0.75,20300096,216,624.0,181.0,153.0,256.0,,0.7605450075362323,0.7955963684409789,0.2105263157894736,0.3004291845493562,115,120,2,no_label_changes,0.6675264796574732,0.6668125612199488,0.663504444770393,0.6491236255182089,0.1264541843557829,0.1277197441972823,0.1336953158054223,0.0490294757171665,0.1114427401263316,0.1161492049897646,0.2908788835437783,1.0579256808481523,-0.0040220348870801,-0.0033081164495557,0.0072411314496393,0.0059755716081399,1,1,0,0,0.939103633000002,0.2344216189999883,1.1735252519999904,12.526811142000014,0.0421124469999938,weak,mc_weak_chunk09.csv
0.5,0.75,20300097,188,621.0,85.0,146.0,192.0,,0.8118320567441131,0.8567357174497701,0.2051282051282051,0.4152542372881356,121,123,3,no_label_changes,0.6548403525932492,0.6455849233620488,0.6442036443277616,0.6473768798945461,0.1364525118859043,0.135269108259412,0.1191084867141829,0.0645214908936385,0.1352420215382992,0.1378650581551644,0.4907400495200506,1.0308206955671688,-0.0106367082654876,-0.0013812790342871,-0.0173440251717213,-0.016160621545229,1,1,1,1,1.0001877699999966,0.3108848719999741,1.3110726419999708,12.360013646999988,0.0417265619999795,weak,mc_weak_chunk09.csv
0.5,0.75,20300098,175,620.0,101.0,136.0,192.0,,0.6128382387696768,0.6656125956582184,0.0697674418604651,0.2566037735849056,145,152,3,no_label_changes,0.6622484623641295,0.6566180202751724,0.6582376758023528,0.6596383673076526,0.1276131970572301,0.127074693873043,0.1528483292231754,0.0445287185108169,0.1229966440142539,0.1453538515518785,0.3117096400590322,1.04664285750314,-0.0040107865617766,0.0016196555271804,0.0252351321659452,0.0257736353501323,1,0,0,0,0.9480561469999884,0.3365739909999945,1.284630137999983,16.245113721999985,0.0421620550000056,weak,mc_weak_chunk09.csv
0.5,0.75,20300099,190,623.0,101.0,264.0,240.0,,0.7578443990852753,0.8425403400444038,0.0429184549356223,0.2478632478632478,120,121,2,no_label_changes,0.6353685727626864,0.6370780754108821,0.6294228922128456,0.6305457325120132,0.1302055713991671,0.1310544174877653,0.1323477635047187,0.0565930709889852,0.1350105334600852,0.1382311766565294,0.2849587467667335,0.988482718883579,-0.0059456805498407,-0.0076551831980364,0.0021421921055516,0.0012933460169534,1,1,0,0,0.9736481630000072,0.2364153659999885,1.2100635289999957,12.430403629000011,0.0423104939999916,weak,mc_weak_chunk09.csv
