id,x,y,true_regime,initial_regime,refined_regime,true_boundary_node,true_Intercept,ols_Intercept,gwr_Intercept,mgwr_Intercept,grgwr_Intercept,oracle_grgwr_Intercept,true_X1,ols_X1,gwr_X1,mgwr_X1,grgwr_X1,oracle_grgwr_X1,true_X2,ols_X2,gwr_X2,mgwr_X2,grgwr_X2,oracle_grgwr_X2,true_X3,ols_X3,gwr_X3,mgwr_X3,grgwr_X3,oracle_grgwr_X3
0,0.0,0.0,1,2,2,False,0.08122092484441946,-3.996802888650564e-17,0.16230289192817923,0.09029288622437052,0.11016831517578117,0.10757361219261596,0.8795274058413546,0.22831963001337674,0.7266341856659303,0.6879863237226282,0.8159712407152648,0.8143094135140316,-0.5832676101472514,-0.1579790117792094,-0.6163597616183853,-0.6247903207791974,-0.6211118096197337,-0.6202153742900178,0.28924638324047175,0.12621233924773478,0.2958077488983114,0.2761514872662975,0.32611450919760043,0.32862910340950446
1,0.041666666666666664,0.0,1,2,2,False,0.08122092484441946,-3.996802888650564e-17,0.15659038496301378,0.08904738084464058,0.10970847246069854,0.1070412718964209,0.8795274058413546,0.22831963001337674,0.7290272134848719,0.6888053066441735,0.8156591658236148,0.8139503388010902,-0.5832676101472514,-0.1579790117792094,-0.6159314384359231,-0.620535895252582,-0.6207204132659522,-0.619796610731046,0.28924638324047175,0.12621233924773478,0.2966327020751616,0.2728735398461399,0.32603369937709703,0.3286242746715911
2,0.08333333333333333,0.0,1,2,2,False,0.08122092484441946,-3.996802888650564e-17,0.14900947839366024,0.08784362410180913,0.10922281825195826,0.10648009660050392,0.8795274058413546,0.22831963001337674,0.7348579595196371,0.6930137660300891,0.815349355985264,0.8135914446413868,-0.5832676101472514,-0.1579790117792094,-0.6153570898886781,-0.6150573324231133,-0.6203062484132997,-0.6193539776531841,0.28924638324047175,0.12621233924773478,0.29819065578876786,0.27300582233955994,0.3259095257809804,0.32858000800165665
3,0.125,0.0,1,2,2,False,0.08122092484441946,-3.996802888650564e-17,0.13927671078681164,0.08619722476489192,0.10871011806750702,0.10588875806586162,0.8795274058413546,0.22831963001337674,0.7356757155626912,0.6992850338079687,0.8150437047904006,0.8132345362384432,-0.5832676101472514,-0.1579790117792094,-0.6149547322096831,-0.6049700393261109,-0.6198677467719773,-0.6188858819648353,0.28924638324047175,0.12621233924773478,0.2967261853038923,0.2718972989639011,0.32573693482282606,0.3284915121715443
4,0.16666666666666666,0.0,1,2,2,False,0.08122092484441946,-3.996802888650564e-17,0.125362739415792,0.08456966510292041,0.10816918628650143,0.10526598492819858,0.8795274058413546,0.22831963001337674,0.7281494554992349,0.7145549173911268,0.8147444467279249,0.8128817601768719,-0.5832676101472514,-0.1579790117792094,-0.6129377038655404,-0.5985497639105939,-0.6194032651138017,-0.618390660581502,0.28924638324047175,0.12621233924773478,0.29146984027024964,0.273561270990158,0.3255103754291174,0.328353517706166
5,0.20833333333333331,0.0,1,2,2,False,0.08122092484441946,-3.996802888650564e-17,0.11202478108828766,0.08208327376950529,0.10759892103239535,0.10461060026997188,0.8795274058413546,0.22831963001337674,0.7049730608771916,0.7414253649227042,0.8144542055936188,0.8125356539490285,-0.5832676101472514,-0.1579790117792094,-0.6071568586749607,-0.5964225186367762,-0.6189110959609347,-0.6178665923899543,0.28924638324047175,0.12621233924773478,0.28009221318863925,0.27764645062252297,0.3252237643778836,0.32816024313533654
6,0.25,0.0,1,2,2,False,0.08122092484441946,-3.996802888650564e-17,0.08960660479084903,0.07947584265639193,0.10662715304516354,0.1032932043183043,0.8795274058413546,0.22831963001337674,0.6679698365555606,0.7331357985711544,0.8144318235773731,0.8122785134059987,-0.5832676101472514,-0.1579790117792094,-0.6001193298120089,-0.5856211011609993,-0.6187167519583154,-0.6174908890843009,0.28924638324047175,0.12621233924773478,0.26500417083741723,0.2828622771134932,0.3248936290257222,0.32819872652060283
7,0.29166666666666663,0.0,1,2,2,False,0.08122092484441946,-3.996802888650564e-17,0.09540607003975712,0.07746427891356517,0.10569622610861262,0.10201486037745991,0.8795274058413546,0.22831963001337674,0.6141280127231268,0.6602285193035393,0.8144158122670556,0.8120245623427504,-0.5832676101472514,-0.1579790117792094,-0.5846988998578299,-0.5662860347997002,-0.6185173071530263,-0.6171045173078598,0.28924638324047175,0.12621233924773478,0.2326435735184669,0.273207587487434,0.32454676590833687,0.32822613354951335
8,0.3333333333333333,0.0,1,2,2,False,0.08122092484441946,-3.996802888650564e-17,0.11774409182290649,0.07495041492618161,0.10480492950828207,0.10077606232533357,0.8795274058413546,0.22831963001337674,0.5663375507964424,0.552333412719883,0.814405842009583,0.8117747458147728,-0.5832676101472514,-0.1579790117792094,-0.55827386353152,-0.5394836877198395,-0.6183139700324847,-0.6167100448551448,0.28924638324047175,0.12621233924773478,0.1727104393396206,0.23565852919790803,0.3241861611225715,0.3282434679022042
9,0.375,0.0,1,2,2,False,0.08122092484441946,-3.996802888650564e-17,0.14730943356770967,0.072411210264228,0.10395194716442617,0.09957692740750441,0.8795274058413546,0.22831963001337674,0.5290104661931944,0.45372754166794477,0.8144015503998188,0.8115298021739863,-0.5832676101472514,-0.1579790117792094,-0.5258396920025796,-0.4953315622618135,-0.6181078089397224,-0.6163097173766012,0.28924638324047175,0.12621233924773478,0.08443292976612772,0.15395638571809558,0.32381446122552265,0.3282516621443109
10,0.41666666666666663,0.0,1,2,2,True,0.08122092484441946,-3.996802888650564e-17,0.16929468406872097,0.06985977586747735,0.10313589236268017,0.09841726483638609,0.8795274058413546,0.22831963001337674,0.49439059176855804,0.3750501932229114,0.8144025562332531,0.8112902951600105,-0.5832676101472514,-0.1579790117792094,-0.4872778343745425,-0.43472332193709645,-0.6178997642349358,-0.6159054916495544,0.28924638324047175,0.12621233924773478,-0.02222431186752712,0.021520025459835508,0.3234340058410176,0.32825158076868877
11,0.4583333333333333,0.0,3,3,3,True,0.03857373933452335,-3.996802888650564e-17,0.1692197060924859,0.06729768377945228,0.012828248257773393,0.012828248257773393,0.29317580194711823,0.22831963001337674,0.4480572709221295,0.31516885118507815,0.29035763118857183,0.29035763118857183,-0.2916338050736257,-0.1579790117792094,-0.4452827784501213,-0.37783516042474824,-0.3149466272686265,-0.3149466272686265,-0.5784927664809435,0.12621233924773478,-0.13092702871647469,-0.1391589083159933,-0.5446565680796418,-0.5446565680796418
12,0.5,0.0,3,3,3,False,0.03857373933452335,-3.996802888650564e-17,0.14545787682861036,0.06474198793978742,0.012494450712567658,0.012494450712567658,0.29317580194711823,0.22831963001337674,0.39266247750749667,0.2721842541745583,0.2896318993588092,0.2896318993588092,-0.2916338050736257,-0.1579790117792094,-0.3959108332157864,-0.3459521797113134,-0.31409187275915534,-0.31409187275915534,-0.5784927664809435,0.12621233924773478,-0.24766857560276115,-0.29359123265061127,-0.5441238219621759,-0.5441238219621759
13,0.5416666666666666,0.0,3,3,3,False,0.03857373933452335,-3.996802888650564e-17,0.11255401880363182,0.06223144831715113,0.012149461506176306,0.012149461506176306,0.29317580194711823,0.22831963001337674,0.3389921747148423,0.24747326065777142,0.288923834317128,0.288923834317128,-0.2916338050736257,-0.1579790117792094,-0.34909739252100963,-0.3329638262602507,-0.3130541082596835,-0.3130541082596835,-0.5784927664809435,0.12621233924773478,-0.3636358917666808,-0.42428365381669597,-0.5433723163705659,-0.5433723163705659
14,0.5833333333333333,0.0,3,3,3,False,0.03857373933452335,-3.996802888650564e-17,0.07622636829806949,0.05978207430308147,0.01179858432752149,0.01179858432752149,0.29317580194711823,0.22831963001337674,0.297607792474596,0.23941138807827625,0.288284284909184,0.288284284909184,-0.2916338050736257,-0.1579790117792094,-0.3262119211006877,-0.3242938823671163,-0.31178281301613153,-0.31178281301613153,-0.5784927664809435,0.12621233924773478,-0.45587619683085384,-0.5155872784083245,-0.5423048325560205,-0.5423048325560205
15,0.625,0.0,3,3,3,False,0.03857373933452335,-3.996802888650564e-17,0.0335243141631479,0.05741940288971513,0.011448373274927148,0.011448373274927148,0.29317580194711823,0.22831963001337674,0.2702680212316804,0.24119190727293532,0.28780168606439915,0.28780168606439915,-0.2916338050736257,-0.1579790117792094,-0.3300211966389076,-0.3339017932855353,-0.3102117321126333,-0.3102117321126333,-0.5784927664809435,0.12621233924773478,-0.5094816905405448,-0.5576756019176355,-0.5407732441894869,-0.5407732441894869
16,0.6666666666666666,0.0,3,3,3,False,0.03857373933452335,-3.996802888650564e-17,-0.010048313694662359,0.05515654549395657,0.011103707088122812,0.011103707088122812,0.29317580194711823,0.22831963001337674,0.2579716176565408,0.2493956982092995,0.2876277310268545,0.2876277310268545,-0.2916338050736257,-0.1579790117792094,-0.3472636657871265,-0.34671807523747367,-0.3082542279681687,-0.3082542279681687,-0.5784927664809435,0.12621233924773478,-0.5267490339401573,-0.5609269081670389,-0.5385489479395054,-0.5385489479395054
17,0.7083333333333333,0.0,3,3,3,False,0.03857373933452335,-3.996802888650564e-17,-0.029680470875064285,0.053002220420433885,0.01075883939103839,0.01075883939103839,0.29317580194711823,0.22831963001337674,0.2628178652957438,0.2523730672118614,0.28801860618071634,0.28801860618071634,-0.2916338050736257,-0.1579790117792094,-0.35463565829397103,-0.3644584893873908,-0.30579732590119424,-0.30579732590119424,-0.5784927664809435,0.12621233924773478,-0.5235975262189995,-0.5590008974999034,-0.5352777577356767,-0.5352777577356767
18,0.75,0.0,3,3,3,False,0.03857373933452335,-3.996802888650564e-17,-0.028034733305654463,0.051192504662797504,0.011014265157674629,0.011014265157674629,0.29317580194711823,0.22831963001337674,0.2744878894007081,0.24154247298656717,0.290647104007623,0.290647104007623,-0.2916338050736257,-0.1579790117792094,-0.3395690252741246,-0.36868917108906585,-0.3020595965909582,-0.3020595965909582,-0.5784927664809435,0.12621233924773478,-0.5110691366911932,-0.5546409712109648,-0.5314833542144424,-0.5314833542144424
19,0.7916666666666666,0.0,3,3,3,False,0.03857373933452335,-3.996802888650564e-17,-0.014780221061271396,0.049188683340269115,0.011809198565438148,0.011809198565438148,0.29317580194711823,0.22831963001337674,0.28339462659935616,0.24305916968326002,0.29401532187365587,0.29401532187365587,-0.2916338050736257,-0.1579790117792094,-0.3115627836323732,-0.3469205464560155,-0.2978753701913275,-0.2978753701913275,-0.5784927664809435,0.12621233924773478,-0.49983781682649825,-0.543813414957276,-0.5293704744347052,-0.5293704744347052
20,0.8333333333333333,0.0,3,3,3,False,0.03857373933452335,-3.996802888650564e-17,-0.000563436649257745,0.04733612445465988,0.01252354043491876,0.01252354043491876,0.29317580194711823,0.22831963001337674,0.2893935757404463,0.2594586692346364,0.2965262114280482,0.2965262114280482,-0.2916338050736257,-0.1579790117792094,-0.286473361314934,-0.30823223503348524,-0.29418078506023354,-0.29418078506023354,-0.5784927664809435,0.12621233924773478,-0.4902377956124885,-0.5220451056779432,-0.5282776765892466,-0.5282776765892466
21,0.875,0.0,3,3,3,False,0.03857373933452335,-3.996802888650564e-17,0.01195618065203442,0.04596777511540098,0.013176316121702376,0.013176316121702376,0.29317580194711823,0.22831963001337674,0.2981182869176189,0.27991602278982697,0.2984165399526062,0.2984165399526062,-0.2916338050736257,-0.1579790117792094,-0.2642216803985991,-0.26894241251741086,-0.2909392002241417,-0.2909392002241417,-0.5784927664809435,0.12621233924773478,-0.4828196416278362,-0.5024964874781572,-0.5278296749700879,-0.5278296749700879
22,0.9166666666666666,0.0,3,3,3,False,0.03857373933452335,-3.996802888650564e-17,0.020559007447987627,0.04466042972297766,0.013777530528624545,0.013777530528624545,0.29317580194711823,0.22831963001337674,0.30512990468964535,0.2998300957963579,0.2998584153737169,0.2998584153737169,-0.2916338050736257,-0.1579790117792094,-0.24555884434357636,-0.23210261707501156,-0.2880993210011351,-0.2880993210011351,-0.5784927664809435,0.12621233924773478,-0.4788088594290598,-0.4879476305595561,-0.5277842318968043,-0.5277842318968043
23,0.9583333333333333,0.0,3,3,3,False,0.03857373933452335,-3.996802888650564e-17,0.026966675434778372,0.043604279561405265,0.014332923094885595,0.014332923094885595,0.29317580194711823,0.22831963001337674,0.310665096043002,0.3154946677152295,0.3009737359400131,0.3009737359400131,-0.2916338050736257,-0.1579790117792094,-0.2281141713778923,-0.2034351979317481,-0.28560796498941365,-0.28560796498941365,-0.5784927664809435,0.12621233924773478,-0.4767401209110299,-0.47424270484565967,-0.527986608562615,-0.527986608562615
24,1.0,0.0,3,3,3,False,0.03857373933452335,-3.996802888650564e-17,0.03154156802520173,0.042589578268548,0.014846469342262315,0.014846469342262315,0.29317580194711823,0.22831963001337674,0.3150143031586542,0.32691585790163924,0.30184845865606547,0.30184845865606547,-0.2916338050736257,-0.1579790117792094,-0.21416694132563333,-0.18200043564695081,-0.28341577679967145,-0.28341577679967145,-0.5784927664809435,0.12621233924773478,-0.4772093575849749,-0.46920975817688937,-0.5283381052620315,-0.5283381052620315
25,0.0,0.041666666666666664,1,2,2,False,0.08122092484441946,-3.996802888650564e-17,0.17001204208604084,0.09062519903087612,0.10992173981924719,0.10726138619663199,0.8795274058413546,0.22831963001337674,0.7301701037382714,0.6894181173985696,0.8166377627358461,0.8149219113925654,-0.5832676101472514,-0.1579790117792094,-0.6113643150770661,-0.6184440301569418,-0.6214773464040318,-0.6205655377760225,0.28924638324047175,0.12621233924773478,0.29945491240965844,0.2821776172226298,0.3264436722960105,0.32903326858421483
26,0.041666666666666664,0.041666666666666664,1,2,2,False,0.08122092484441946,-3.996802888650564e-17,0.16516931954814956,0.08958742009704064,0.10943021380553104,0.10669008312661993,0.8795274058413546,0.22831963001337674,0.7344754199344542,0.686940659525469,0.8163062031171353,0.8145379707152703,-0.5832676101472514,-0.1579790117792094,-0.6105023825609667,-0.6095344489212775,-0.6210704429697556,-0.6201290997989557,0.28924638324047175,0.12621233924773478,0.30077409171672137,0.2803704944904465,0.3263800312735422,0.3290535905098277
27,0.08333333333333333,0.041666666666666664,1,2,2,False,0.08122092484441946,-3.996802888650564e-17,0.15998485350798614,0.08820625310461261,0.10890929583746721,0.10608579525198819,0.8795274058413546,0.22831963001337674,0.7337627436020424,0.6928061848196827,0.815976179790723,0.8141530479160218,-0.5832676101472514,-0.1579790117792094,-0.6103195783418146,-0.6004079923766524,-0.6206379280576095,-0.6196657874714837,0.28924638324047175,0.12621233924773478,0.29974186213540976,0.2770023342568902,0.32626866718768155,0.32903084535445987
28,0.125,0.041666666666666664,1,2,2,False,0.08122092484441946,-3.996802888650564e-17,0.15007868785904013,0.086743443564917,0.10835745186687515,0.10544686286106418,0.8795274058413546,0.22831963001337674,0.745644626205051,0.6955557515540172,0.8156498391263338,0.8137691704107264,-0.5832676101472514,-0.1579790117792094,-0.6105089322727261,-0.5927739444993949,-0.620177866088093,-0.619173634845922,0.28924638324047175,0.12621233924773478,0.30124476909236747,0.27483504218009336,0.3261035269346365,0.3289593153889585
29,0.16666666666666666,0.041666666666666664,1,2,2,False,0.08122092484441946,-3.996802888650564e-17,0.13462643937591512,0.0850164572125422,0.10777320177656066,0.10477168972162906,0.8795274058413546,0.22831963001337674,0.7487840799409166,0.7132261453106709,0.8153297526283758,0.8133887904668077,-0.5832676101472514,-0.1579790117792094,-0.6129020712419133,-0.5913901034308945,-0.6196882121780515,-0.6186505731152437,0.28924638324047175,0.12621233924773478,0.29775798406383275,0.27303955594027585,0.32587790702753444,0.32883265930546673
30,0.20833333333333331,0.041666666666666664,1,2,2,False,0.08122092484441946,-3.996802888650564e-17,0.11726771508495196,0.08245884086099523,0.10715516610031578,0.10405879352067773,0.8795274058413546,0.22831963001337674,0.7443816401776029,0.747690812830714,0.8150189830274635,0.8130148528096205,-0.5832676101472514,-0.1579790117792094,-0.6095873824418025,-0.5998694187654344,-0.619166824261888,-0.6180944445158687,0.28924638324047175,0.12621233924773478,0.2904299360060188,0.26903149260284576,0.3255844025083927,0.32864386262267065
31,0.25,0.041666666666666664,1,2,2,False,0.08122092484441946,-3.996802888650564e-17,0.09583167391992779,0.07997791287048928,0.1061267327098489,0.10265857291287016,0.8795274058413546,0.22831963001337674,0.7216964876883516,0.774291819128902,0.8149733693777567,0.8127148913296032,-0.5832676101472514,-0.1579790117792094,-0.6049324584599903,-0.5977823710652684,-0.6189559730578607,-0.6176884543456143,0.28924638324047175,0.12621233924773478,0.27474678869961516,0.2761471521931125,0.3252177989575896,0.32867628744441013
32,0.29166666666666663,0.041666666666666664,1,2,2,False,0.08122092484441946,-3.996802888650564e-17,0.10641632291751951,0.07759177501171897,0.10514502415468896,0.10130380424754995,0.8795274058413546,0.22831963001337674,0.6757059552531435,0.7254628521603467,0.8149363095024,0.8124204216442447,-0.5832676101472514,-0.1579790117792094,-0.5955678279826274,-0.5823157662484981,-0.618739344271018,-0.6172707010790879,0.28924638324047175,0.12621233924773478,0.23809103026250608,0.28250136421292593,0.324833018694056,0.3286961599140624
33,0.3333333333333333,0.041666666666666664,1,2,2,False,0.08122092484441946,-3.996802888650564e-17,0.131817867962142,0.07492457526318821,0.10420847195770244,0.09999488304627761,0.8795274058413546,0.22831963001337674,0.6305518724193182,0.6195591505212725,0.8149072968223167,0.8121324305305129,-0.5832676101472514,-0.1579790117792094,-0.566237368841431,-0.5573654469352428,-0.6185184140638653,-0.6168442566717236,0.28924638324047175,0.12621233924773478,0.17465431655439162,0.25584741077282397,0.324433634125862,0.3287047262520783
34,0.375,0.041666666666666664,1,2,2,False,0.08122092484441946,-3.996802888650564e-17,0.16559392881339352,0.07236401346696553,0.10331538905828914,0.09873174660983014,0.8795274058413546,0.22831963001337674,0.5898333126392958,0.5059248195454401,0.8148857930794606,0.8118516509985364,-0.5832676101472514,-0.1579790117792094,-0.5294533768542627,-0.5158765205231228,-0.6182944747138411,-0.6164117810187805,0.28924638324047175,0.12621233924773478,0.08082861011113428,0.17621124660837661,0.32402277920797923,0.32870313588172273
35,0.41666666666666663,0.041666666666666664,1,2,2,True,0.08122092484441946,-3.996802888650564e-17,0.18580537754931514,0.0695725114855553,0.10246401513191633,0.09751396544968716,0.8795274058413546,0.22831963001337674,0.5419302941486627,0.41432087894209924,0.8148712464747225,0.8115786059026604,-0.5832676101472514,-0.1579790117792094,-0.48932576177008064,-0.4416575415617055,-0.6180686519905696,-0.6159755676396119,0.28924638324047175,0.12621233924773478,-0.028523963948716147,0.025794846557205077,0.32360319511389535,0.32869244615320214
36,0.4583333333333333,0.041666666666666664,3,3,3,True,0.03857373933452335,-3.996802888650564e-17,0.18242843519313823,0.06681496815683263,0.011580675887641868,0.011580675887641868,0.29317580194711823,0.22831963001337674,0.48253693381883406,0.3407434724005304,0.2923909671266136,0.2923909671266136,-0.2916338050736257,-0.1579790117792094,-0.44472341070175764,-0.37211765374006467,-0.31618961420280944,-0.31618961420280944,-0.5784927664809435,0.12621233924773478,-0.14684171727404502,-0.17149102877525496,-0.5445677516660735,-0.5445677516660735
37,0.5,0.041666666666666664,3,3,3,False,0.03857373933452335,-3.996802888650564e-17,0.15171968440885644,0.06409796986892598,0.011065877328445863,0.011065877328445863,0.29317580194711823,0.22831963001337674,0.41016866116008693,0.28904304379853524,0.29167167627704355,0.29167167627704355,-0.2916338050736257,-0.1579790117792094,-0.3926006814590934,-0.34269096667667714,-0.3154800470661505,-0.3154800470661505,-0.5784927664809435,0.12621233924773478,-0.2720181783833149,-0.3549907336308949,-0.5440737896698382,-0.5440737896698382
38,0.5416666666666666,0.041666666666666664,3,3,3,False,0.03857373933452335,-3.996802888650564e-17,0.10719478124961772,0.06140632940739572,0.010503495829256117,0.010503495829256117,0.29317580194711823,0.22831963001337674,0.34248115835022735,0.2610713159130521,0.2909556618034618,0.2909556618034618,-0.2916338050736257,-0.1579790117792094,-0.34100888790068346,-0.3287128665712642,-0.3146076031390885,-0.3146076031390885,-0.5784927664809435,0.12621233924773478,-0.39594447291382484,-0.4862060132362854,-0.5433602422155002,-0.5433602422155002
39,0.5833333333333333,0.041666666666666664,3,3,3,False,0.03857373933452335,-3.996802888650564e-17,0.06391672574767568,0.05879627809230421,0.00989141022054962,0.00989141022054962,0.29317580194711823,0.22831963001337674,0.2948852528627911,0.2485532143365926,0.2902930356574711,0.2902930356574711,-0.2916338050736257,-0.1579790117792094,-0.31773015057185755,-0.3156531998676938,-0.31352323522584014,-0.31352323522584014,-0.5784927664809435,0.12621233924773478,-0.4883504166737254,-0.553724456785136,-0.5423205861047411,-0.5423205861047411
40,0.625,0.041666666666666664,3,3,3,False,0.03857373933452335,-3.996802888650564e-17,0.01833706366582755,0.05626462455372554,0.009228489119639867,0.009228489119639867,0.29317580194711823,0.22831963001337674,0.26469572141029307,0.24725048845139058,0.2897769983998942,0.2897769983998942,-0.2916338050736257,-0.1579790117792094,-0.3213887992358776,-0.31236043857419704,-0.31216087034647644,-0.31216087034647644,-0.5784927664809435,0.12621233924773478,-0.5319661457407006,-0.5706628860224544,-0.540786376901162,-0.540786376901162
41,0.6666666666666666,0.041666666666666664,3,3,3,False,0.03857373933452335,-3.996802888650564e-17,-0.022673162441611105,0.053967138265577655,0.008513126992281357,0.008513126992281357,0.29317580194711823,0.22831963001337674,0.25606072513585476,0.25394630307660265,0.28957768795122685,0.28957768795122685,-0.2916338050736257,-0.1579790117792094,-0.34426887963521996,-0.3202071535109282,-0.31043147962606055,-0.31043147962606055,-0.5784927664809435,0.12621233924773478,-0.5335348257641062,-0.5627245372588832,-0.538486301131021,-0.538486301131021
42,0.7083333333333333,0.041666666666666664,3,3,3,False,0.03857373933452335,-3.996802888650564e-17,-0.041977460782364626,0.05172773217279093,0.007737110715912654,0.007737110715912654,0.29317580194711823,0.22831963001337674,0.2666372701500449,0.24681568174276353,0.28999988251542036,0.28999988251542036,-0.2916338050736257,-0.1579790117792094,-0.3565062498851337,-0.3442513924274885,-0.3082145908675674,-0.3082145908675674,-0.5784927664809435,0.12621233924773478,-0.5179730759959611,-0.5591347680950474,-0.5349794156652594,-0.5349794156652594
43,0.75,0.041666666666666664,3,3,3,False,0.03857373933452335,-3.996802888650564e-17,-0.04006507339786054,0.049748566813907893,0.00798171011343758,0.00798171011343758,0.29317580194711823,0.22831963001337674,0.27483089685769446,0.23448986068260286,0.2927382706350087,0.2927382706350087,-0.2916338050736257,-0.1579790117792094,-0.3469881466657599,-0.3630791069251593,-0.3043460467619023,-0.3043460467619023,-0.5784927664809435,0.12621233924773478,-0.507987374810627,-0.5518948192773756,-0.530919909265749,-0.530919909265749
44,0.7916666666666666,0.041666666666666664,3,3,3,False,0.03857373933452335,-3.996802888650564e-17,-0.021614207757484988,0.0478229866826171,0.009203928434734138,0.009203928434734138,0.29317580194711823,0.22831963001337674,0.28181989333113194,0.2388431448957234,0.2960507300781674,0.2960507300781674,-0.2916338050736257,-0.1579790117792094,-0.3204222158958378,-0.35564671717194946,-0.29969221327282947,-0.29969221327282947,-0.5784927664809435,0.12621233924773478,-0.4981793366541465,-0.5415181028882954,-0.5289118591932046,-0.5289118591932046
45,0.8333333333333333,0.041666666666666664,3,3,3,False,0.03857373933452335,-3.996802888650564e-17,-0.0020630040694905503,0.04596314940522139,0.010297219520566708,0.010297219520566708,0.29317580194711823,0.22831963001337674,0.2889119743236079,0.26049236658606606,0.2984080979576493,0.2984080979576493,-0.2916338050736257,-0.1579790117792094,-0.2922031448685764,-0.32360885135457196,-0.2956001763097107,-0.2956001763097107,-0.5784927664809435,0.12621233924773478,-0.4874671687315496,-0.5172051392447153,-0.5280296095859585,-0.5280296095859585
46,0.875,0.041666666666666664,3,3,3,False,0.03857373933452335,-3.996802888650564e-17,0.012665472845502922,0.044595711883461855,0.01127594991603999,0.01127594991603999,0.29317580194711823,0.22831963001337674,0.3013191037759621,0.2852038347177782,0.30011265606749415,0.30011265606749415,-0.2916338050736257,-0.1579790117792094,-0.2687453771073277,-0.2776630440814629,-0.29203873654768436,-0.29203873654768436,-0.5784927664809435,0.12621233924773478,-0.48181048602445,-0.49502143268510534,-0.5278098798249982,-0.5278098798249982
47,0.9166666666666666,0.041666666666666664,3,3,3,False,0.03857373933452335,-3.996802888650564e-17,0.023751652899818607,0.04341438459421811,0.012153134592848166,0.012153134592848166,0.29317580194711823,0.22831963001337674,0.3081531105051901,0.30784626337017523,0.3013685921573528,0.3013685921573528,-0.2916338050736257,-0.1579790117792094,-0.24528286984795883,-0.23550716123271564,-0.2889472420332052,-0.2889472420332052,-0.5784927664809435,0.12621233924773478,-0.4769385548835189,-0.4798624514808873,-0.5279737528567614,-0.5279737528567614
48,0.9583333333333333,0.041666666666666664,3,3,3,False,0.03857373933452335,-3.996802888650564e-17,0.028659213370314428,0.042332855730436186,0.012940456746951969,0.012940456746951969,0.29317580194711823,0.22831963001337674,0.31334794401324284,0.32341368564944023,0.3023116655672986,0.3023116655672986,-0.2916338050736257,-0.1579790117792094,-0.2302224434979311,-0.19781806005981498,-0.286259754445804,-0.286259754445804,-0.5784927664809435,0.12621233924773478,-0.478455047086571,-0.47157098806550585,-0.5283543449728865,-0.5283543449728865
49,1.0,0.041666666666666664,3,3,3,False,0.03857373933452335,-3.996802888650564e-17,0.034298014222968846,0.04145115696493063,0.013648474075368445,0.013648474075368445,0.29317580194711823,0.22831963001337674,0.3174356961234525,0.3331334737572682,0.30303259381015113,0.30303259381015113,-0.2916338050736257,-0.1579790117792094,-0.21394305802802924,-0.16987843285784188,-0.2839149950239656,-0.2839149950239656,-0.5784927664809435,0.12621233924773478,-0.47944558452250446,-0.4624687198065953,-0.5288516523394364,-0.5288516523394364
50,0.0,0.08333333333333333,1,2,2,False,0.08122092484441946,-3.996802888650564e-17,0.17653549518070455,0.09111201819486324,0.10963848567211261,0.1069040686027905,0.8795274058413546,0.22831963001337674,0.7362220115055075,0.6930063494391516,0.8173897809441371,0.8156123771779609,-0.5832676101472514,-0.1579790117792094,-0.6061108421514102,-0.6094278382634788,-0.6218958555447084,-0.6209668432564108,0.28924638324047175,0.12621233924773478,0.30498130519489064,0.28986990297009474,0.32681123362660397,0.3294861970790506
51,0.041666666666666664,0.08333333333333333,1,2,2,False,0.08122092484441946,-3.996802888650564e-17,0.17709245597811635,0.08990453523859439,0.10911053685338211,0.10628772072209822,0.8795274058413546,0.22831963001337674,0.7338315242989816,0.6914887870678066,0.8170364505898021,0.8152001918495358,-0.5832676101472514,-0.1579790117792094,-0.6036166167082875,-0.5945625709761655,-0.6214732779466452,-0.6205122318522238,0.28924638324047175,0.12621233924773478,0.30383008034632775,0.2892453446927738,0.3267703969820029,0.32953885144407136
52,0.08333333333333333,0.08333333333333333,1,2,2,False,0.08122092484441946,-3.996802888650564e-17,0.17193443455441706,0.08850485902364283,0.10854883289497144,0.10563329772962207,0.8795274058413546,0.22831963001337674,0.7407061242334328,0.6889724775945942,0.8166835807375206,0.8147853844511476,-0.5832676101472514,-0.1579790117792094,-0.6031272722202856,-0.5814299475011309,-0.6210217623462538,-0.6200272221679504,0.28924638324047175,0.12621233924773478,0.3051562829106116,0.2856509391426881,0.3266769397646792,0.32954447464690795
53,0.125,0.08333333333333333,1,2,2,False,0.08122092484441946,-3.996802888650564e-17,0.16542193088566476,0.08719229930113043,0.10795144125088192,0.10493869597860606,0.8795274058413546,0.22831963001337674,0.7456333199819303,0.6944615911380938,0.8163336037489124,0.8143702244917204,-0.5832676101472514,-0.1579790117792094,-0.6033089899140065,-0.5749591725108476,-0.6205388952421931,-0.6195093632435349,0.28924638324047175,0.12621233924773478,0.30416606991273115,0.28052672436664905,0.3265235442078045,0.32949618493188076
54,0.16666666666666666,0.08333333333333333,1,2,2,False,0.08122092484441946,-3.996802888650564e-17,0.15214534282842404,0.08541983472891906,0.10731648701776704,0.10420188075473816,0.8795274058413546,0.22831963001337674,0.7567370678336433,0.7083504811851895,0.8159894878001196,0.8139575154995367,-0.5832676101472514,-0.1579790117792094,-0.6070211811708077,-0.5796633150610796,-0.6200221023502016,-0.6189560519139108,0.28924638324047175,0.12621233924773478,0.300687450716522,0.276075922019933,0.32630202872136227,0.32938627488353206
55,0.20833333333333331,0.08333333333333333,1,2,2,False,0.08122092484441946,-3.996802888650564e-17,0.13114296093464695,0.08318442561840983,0.10664221654491284,0.10342095513200307,0.8795274058413546,0.22831963001337674,0.7727905037085399,0.7469537578041902,0.8156548287891854,0.8135506890072997,-0.5832676101472514,-0.1579790117792094,-0.6108231307771904,-0.604445586616247,-0.619468661606627,-0.6183645483612982,0.28924638324047175,0.12621233924773478,0.29474769544853213,0.26701753702327513,0.3260032709235572,0.3292061369475884
56,0.25,0.08333333333333333,1,2,2,False,0.08122092484441946,-3.996802888650564e-17,0.11263536222065446,0.0805926808098877,0.10555098719085004,0.10192787937841563,0.8795274058413546,0.22831963001337674,0.772769905569092,0.8028553848843297,0.8155798522327438,0.8131985735407902,-0.5832676101472514,-0.1579790117792094,-0.6069930374800461,-0.6136610713431698,-0.619238012266191,-0.6179228381623368,0.28924638324047175,0.12621233924773478,0.280854814292294,0.26312265576454663,0.32559263136461547,0.32922988786004126
57,0.29166666666666663,0.08333333333333333,1,2,2,False,0.08122092484441946,-3.996802888650564e-17,0.12074253210150904,0.07748978963175873,0.10451364791389206,0.10048819921366639,0.8795274058413546,0.22831963001337674,0.7445642562959438,0.8155064159218308,0.8155163708587316,0.812855161903412,-0.5832676101472514,-0.1579790117792094,-0.5999657631140417,-0.6046560196711752,-0.6190007894053235,-0.6174681243814584,0.28924638324047175,0.12621233924773478,0.2413473184638337,0.26998715022892134,0.3251622585750737,0.32923931787912963
58,0.3333333333333333,0.08333333333333333,1,2,2,False,0.08122092484441946,-3.996802888650564e-17,0.1477731177102925,0.0749921005356935,0.10352814005522618,0.09910212635104855,0.8795274058413546,0.22831963001337674,0.7067877827897509,0.719921855383812,0.8154636142143327,0.8125214431403037,-0.5832676101472514,-0.1579790117792094,-0.5722790102491957,-0.5799706712555959,-0.6187588195899102,-0.6170041231517363,0.28924638324047175,0.12621233924773478,0.17290578523319633,0.24540281205106873,0.3247164713368469,0.32923599863285957
59,0.375,0.08333333333333333,1,2,2,False,0.08122092484441946,-3.996802888650564e-17,0.1806851039560956,0.07224057599536945,0.10259227457693282,0.09776931233246801,0.8795274058413546,0.22831963001337674,0.661807841940772,0.5797833110103245,0.8154207863645184,0.8121980935873976,-0.5832676101472514,-0.1579790117792094,-0.5348887017119043,-0.5454898514619462,-0.61851368367948,-0.6165340151283949,0.28924638324047175,0.12621233924773478,0.07842068185661837,0.15113805679366882,0.32425901293950504,0.32922136686241
60,0.41666666666666663,0.08333333333333333,1,2,2,True,0.08122092484441946,-3.996802888650564e-17,0.19676243109421887,0.06923029400090755,0.10170379179765894,0.09648897207075992,0.8795274058413546,0.22831963001337674,0.6029518258878718,0.4569269776198853,0.8153870895552686,0.8118855369776133,-0.5832676101472514,-0.1579790117792094,-0.4931323102662921,-0.4581813838980507,-0.6182667422516852,-0.6160605095121348,0.28924638324047175,0.12621233924773478,-0.0358715238765429,-0.006127513970628412,0.32379311656062665,0.32919673201192623
61,0.4583333333333333,0.08333333333333333,3,3,3,True,0.03857373933452335,-3.996802888650564e-17,0.18754932835079652,0.06628538057934805,0.010249011702715631,0.010249011702715631,0.29317580194711823,0.22831963001337674,0.5284266061560543,0.362796781848885,0.29482277255068,0.29482277255068,-0.2916338050736257,-0.1579790117792094,-0.4460472571181261,-0.37147420760346916,-0.3173988254384641,-0.3173988254384641,-0.5784927664809435,0.12621233924773478,-0.16565832109690054,-0.21819384099470335,-0.5443946336007859,-0.5443946336007859
62,0.5,0.08333333333333333,3,3,3,False,0.03857373933452335,-3.996802888650564e-17,0.14872230817474097,0.06333153962495881,0.009516639653787393,0.009516639653787393,0.29317580194711823,0.22831963001337674,0.4334999850795534,0.30525964602475525,0.2941471617520177,0.2941471617520177,-0.2916338050736257,-0.1579790117792094,-0.3911634803405609,-0.3386908273348286,-0.3168563674541919,-0.3168563674541919,-0.5784927664809435,0.12621233924773478,-0.3030702628706054,-0.4067437718372535,-0.5439390504349453,-0.5439390504349453
63,0.5416666666666666,0.08333333333333333,3,3,3,False,0.03857373933452335,-3.996802888650564e-17,0.09564119148324794,0.06044204199176895,0.008684495909021026,0.008684495909021026,0.29317580194711823,0.22831963001337674,0.3465067308505519,0.2778593399987995,0.2934610825152236,0.2934610825152236,-0.2916338050736257,-0.1579790117792094,-0.33502465985844027,-0.3191091362674029,-0.31618215164425234,-0.31618215164425234,-0.5784927664809435,0.12621233924773478,-0.43559158022321864,-0.5282370707052261,-0.5432651216291338,-0.5432651216291338
64,0.5833333333333333,0.08333333333333333,3,3,3,False,0.03857373933452335,-3.996802888650564e-17,0.046898818216613854,0.05766138883489773,0.0077359694346919375,0.0077359694346919375,0.29317580194711823,0.22831963001337674,0.2902162069113083,0.2619281337241932,0.29281149882088486,0.29281149882088486,-0.2916338050736257,-0.1579790117792094,-0.30785678744868905,-0.30435305804745594,-0.31533350830815315,-0.31533350830815315,-0.5784927664809435,0.12621233924773478,-0.5249788302143549,-0.5778542624133989,-0.5422570960106519,-0.5422570960106519
65,0.625,0.08333333333333333,3,3,3,False,0.03857373933452335,-3.996802888650564e-17,0.0039803417678466076,0.05496850102810745,0.006652558853932289,0.006652558853932289,0.29317580194711823,0.22831963001337674,0.2590989681551917,0.2586487008304056,0.2922930169752105,0.2922930169752105,-0.2916338050736257,-0.1579790117792094,-0.31183853973281783,-0.2799947152638138,-0.31425163941465695,-0.31425163941465695,-0.5784927664809435,0.12621233924773478,-0.5548309189732522,-0.5763737203689698,-0.5407243530318275,-0.5407243530318275
66,0.6666666666666666,0.08333333333333333,3,3,3,False,0.03857373933452335,-3.996802888650564e-17,-0.0325426420201435,0.05256770053886016,0.005414384875505957,0.005414384875505957,0.29317580194711823,0.22831963001337674,0.2559526500351325,0.25357099838913144,0.2920912622166634,0.2920912622166634,-0.2916338050736257,-0.1579790117792094,-0.3386549493496769,-0.27812421934073783,-0.31285526742267633,-0.31285526742267633,-0.5784927664809435,0.12621233924773478,-0.5385651473167685,-0.563147590405219,-0.538344921086062,-0.538344921086062
67,0.7083333333333333,0.08333333333333333,3,3,3,False,0.03857373933452335,-3.996802888650564e-17,-0.052506319743714655,0.05044072037816485,0.004001246209083629,0.004001246209083629,0.29317580194711823,0.22831963001337674,0.26995768781358415,0.2321239956520202,0.29256175098581816,0.29256175098581816,-0.2916338050736257,-0.1579790117792094,-0.35558428553561844,-0.30844181051662667,-0.3110301512036291,-0.3110301512036291,-0.5784927664809435,0.12621233924773478,-0.5130972234548011,-0.5537757056738452,-0.5345665809512445,-0.5345665809512445
68,0.75,0.08333333333333333,3,3,3,False,0.03857373933452335,-3.996802888650564e-17,-0.05087906725861455,0.048093078361786064,0.00422837860239305,0.00422837860239305,0.29317580194711823,0.22831963001337674,0.27764078754484056,0.22125427913932588,0.2953408177739423,0.2953408177739423,-0.2916338050736257,-0.1579790117792094,-0.352401608648241,-0.3405372168400001,-0.30708797196435533,-0.30708797196435533,-0.5784927664809435,0.12621233924773478,-0.5020533476538006,-0.5403096516220339,-0.5302364638658751,-0.5302364638658751
69,0.7916666666666666,0.08333333333333333,3,3,3,False,0.03857373933452335,-3.996802888650564e-17,-0.029977831475585536,0.04615755986099747,0.006086284704108106,0.006086284704108106,0.29317580194711823,0.22831963001337674,0.2801728878132182,0.2360574243059182,0.29843892207452727,0.29843892207452727,-0.2916338050736257,-0.1579790117792094,-0.33326213313036807,-0.3563933765662225,-0.3018644726250561,-0.3018644726250561,-0.5784927664809435,0.12621233924773478,-0.4946765798998296,-0.52360667597442,-0.528443409311006,-0.528443409311006
70,0.8333333333333333,0.08333333333333333,3,3,3,False,0.03857373933452335,-3.996802888650564e-17,-0.003200081539324976,0.04451611473954342,0.00772098042685547,0.00772098042685547,0.29317580194711823,0.22831963001337674,0.29306983669232295,0.26403524964473274,0.30051256006782595,0.30051256006782595,-0.2916338050736257,-0.1579790117792094,-0.30178802421029305,-0.34272651647152064,-0.2972869191529714,-0.2972869191529714,-0.5784927664809435,0.12621233924773478,-0.4842200739507195,-0.504076984534984,-0.5278675371552826,-0.5278675371552826
71,0.875,0.08333333333333333,3,3,3,False,0.03857373933452335,-3.996802888650564e-17,0.015574967856994693,0.04318666115022064,0.009144222427043599,0.009144222427043599,0.29317580194711823,0.22831963001337674,0.3048460133395241,0.2936079839266923,0.3019358479495015,0.3019358479495015,-0.2916338050736257,-0.1579790117792094,-0.2736699957169602,-0.28860398354378924,-0.29333948319271813,-0.29333948319271813,-0.5784927664809435,0.12621233924773478,-0.4788722200602862,-0.48288786261218436,-0.5279419849886418,-0.5279419849886418
72,0.9166666666666666,0.08333333333333333,3,3,3,False,0.03857373933452335,-3.996802888650564e-17,0.025725707438348944,0.042134595785348956,0.010381341576689521,0.010381341576689521,0.29317580194711823,0.22831963001337674,0.3120447349144606,0.3171525070089279,0.30293951960186155,0.30293951960186155,-0.2916338050736257,-0.1579790117792094,-0.25049778545757917,-0.23779648388105873,-0.2899493175771385,-0.2899493175771385,-0.5784927664809435,0.12621233924773478,-0.47867653478462013,-0.4714471569342106,-0.5283545019833416,-0.5283545019833416
73,0.9583333333333333,0.08333333333333333,3,3,3,False,0.03857373933452335,-3.996802888650564e-17,0.033372322495086884,0.041103415198156315,0.011459230311659973,0.011459230311659973,0.29317580194711823,0.22831963001337674,0.3168544386215121,0.33035383075582925,0.30366565578363713,0.30366565578363713,-0.2916338050736257,-0.1579790117792094,-0.2284522095068815,-0.19589192559957583,-0.28703272104246585,-0.28703272104246585,-0.5784927664809435,0.12621233924773478,-0.4785456388494329,-0.46390031170202917,-0.5289332643603046,-0.5289332643603046
74,1.0,0.08333333333333333,3,3,3,False,0.03857373933452335,-3.996802888650564e-17,0.03642810357631819,0.040209391879099936,0.012402390059876141,0.012402390059876141,0.29317580194711823,0.22831963001337674,0.3189184930678555,0.3385992112405343,0.30420331342133833,0.30420331342133833,-0.2916338050736257,-0.1579790117792094,-0.2166585772555764,-0.15597817365390437,-0.28451219930108024,-0.28451219930108024,-0.5784927664809435,0.12621233924773478,-0.48398425401449136,-0.465240344201039,-0.529583405092882,-0.529583405092882
75,0.0,0.125,1,2,2,False,0.08122092484441946,-3.996802888650564e-17,0.1820151530701629,0.09123802240641833,0.10931022844450503,0.10649171180646097,0.8795274058413546,0.22831963001337674,0.7413037404572352,0.6989227083449356,0.818244107577387,0.8163960251020925,-0.5832676101472514,-0.1579790117792094,-0.6005594556516297,-0.5995818481948079,-0.6223789272969354,-0.621430526603821,0.28924638324047175,0.12621233924773478,0.31056559565815883,0.3029025704579884,0.3272236032744547,0.3299964793350424
76,0.041666666666666664,0.125,1,2,2,False,0.08122092484441946,-3.996802888650564e-17,0.18362963861972414,0.0902591150964192,0.10873996993100618,0.10582273162631362,0.8795274058413546,0.22831963001337674,0.7442870512606616,0.6915724667890167,0.8178663321142777,0.8159515100260066,-0.5832676101472514,-0.1579790117792094,-0.5979865559013979,-0.5802300347252536,-0.6219410020477771,-0.6209576591231167,0.28924638324047175,0.12621233924773478,0.31165072800219734,0.30272381493896894,0.3272131421889767,0.33009101893801174
77,0.08333333333333333,0.125,1,2,2,False,0.08122092484441946,-3.996802888650564e-17,0.1869840387828081,0.0890284965618503,0.10813056956580838,0.105109346424235,0.8795274058413546,0.22831963001337674,0.743002254503306,0.6888517103753777,0.8174874375280862,0.8155020471325714,-0.5832676101472514,-0.1579790117792094,-0.593512835115578,-0.5615715348590247,-0.6214702429984561,-0.6204502540028273,0.28924638324047175,0.12621233924773478,0.31070551673821806,0.30235341299838836,0.3271446024937996,0.3301342823454342
78,0.125,0.125,1,2,2,False,0.08122092484441946,-3.996802888650564e-17,0.18454106067752704,0.08732841032593638,0.10747955518900071,0.10434884693358408,0.8795274058413546,0.22831963001337674,0.7512107746356403,0.6834094955571939,0.817110172039955,0.8150501573857847,-0.5832676101472514,-0.1579790117792094,-0.5928188871598242,-0.5374621694734495,-0.6209636081496527,-0.6199052226992775,0.28924638324047175,0.12621233924773478,0.3102715539191289,0.2930130122594298,0.32700905035155226,0.33011791338632573
79,0.16666666666666666,0.125,1,2,2,False,0.08122092484441946,-3.996802888650564e-17,0.17914691234396976,0.0859482998927556,0.10678451245494824,0.10353859481676167,0.8795274058413546,0.22831963001337674,0.7625070490287125,0.7095161094135766,0.8167379666212018,0.8145990398084828,-0.5832676101472514,-0.1579790117792094,-0.5965407598802218,-0.5669574323251779,-0.6204178164441665,-0.6193192493144146,0.28924638324047175,0.12621233924773478,0.3050106091938051,0.2805123452800873,0.32679638455748794,0.3300324441888939
80,0.20833333333333331,0.125,1,2,2,False,0.08122092484441946,-3.996802888650564e-17,0.16137129468217729,0.08361874077420138,0.1060431730255654,0.10267611841693176,0.8795274058413546,0.22831963001337674,0.787430433811746,0.7564663806161003,0.8163750654194758,0.8141527047935873,-0.5832676101472514,-0.1579790117792094,-0.6053942850352465,-0.6102442278402298,-0.6198293600684297,-0.6186888066449174,0.28924638324047175,0.12621233924773478,0.2945139927737477,0.26024929192177354,0.3264952177325048,0.32986718062031317
81,0.25,0.125,1,2,2,False,0.08122092484441946,-3.996802888650564e-17,0.1380113349166124,0.080825993656179,0.10488224748377849,0.10107852538011208,0.8795274058413546,0.22831963001337674,0.811816072939432,0.8039489735961327,0.8162626829650625,0.8137364126512113,-0.5832676101472514,-0.1579790117792094,-0.608008851700023,-0.6289485844418303,-0.6195745393473147,-0.6182043388583752,0.28924638324047175,0.12621233924773478,0.27988821875698994,0.2514759578085777,0.32603062809724304,0.32987850379134376
82,0.29166666666666663,0.125,1,2,2,False,0.08122092484441946,-3.996802888650564e-17,0.13043984912055034,0.07777443281776497,0.10378402997803578,0.09954430699743164,0.8795274058413546,0.22831963001337674,0.8134058278939754,0.8326319096337589,0.816165810380899,0.8133333466486506,-0.5832676101472514,-0.1579790117792094,-0.6005330676763624,-0.6253884837467371,-0.6193122115532137,-0.6177054715680295,0.28924638324047175,0.12621233924773478,0.24634918239858752,0.2595251633833211,0.3255446813596924,0.32987337301186087
83,0.3333333333333333,0.125,1,2,2,False,0.08122092484441946,-3.996802888650564e-17,0.15592966659493585,0.07505295336499669,0.10274577918700584,0.09807335224947006,0.8795274058413546,0.22831963001337674,0.7885403755232689,0.7953586264516019,0.8160832780958254,0.8129444210479728,-0.5832676101472514,-0.1579790117792094,-0.5794768856539239,-0.6026548943077576,-0.6190446697174807,-0.6171967565926011,0.28924638324047175,0.12621233924773478,0.1774932216395863,0.24909777529706165,0.32504265943188415,0.329853805606955
84,0.375,0.125,1,2,2,False,0.08122092484441946,-3.996802888650564e-17,0.18456196936073674,0.0719829483667627,0.10176461676208268,0.0966648631291446,0.8795274058413546,0.22831963001337674,0.7410516254300704,0.6831100224240865,0.8160139074698987,0.8125701644124336,-0.5832676101472514,-0.1579790117792094,-0.542616461450963,-0.5706212513864399,-0.6187738717532165,-0.6166820372963291,0.28924638324047175,0.12621233924773478,0.08245304886453135,0.1434510053828951,0.3245290748492243,0.32982162583905666
85,0.41666666666666663,0.125,1,2,2,True,0.08122092484441946,-3.996802888650564e-17,0.2023306393212143,0.06881808451284807,0.1008376068154546,0.09531752397324668,0.8795274058413546,0.22831963001337674,0.6695795726112757,0.5535761719101482,0.8159565416352637,0.8122108036449676,-0.5832676101472514,-0.1579790117792094,-0.4982434788722711,-0.49173241386311545,-0.6185014786578483,-0.6161645404171345,0.28924638324047175,0.12621233924773478,-0.04277413702948456,-0.04561681541385057,0.3240077666934096,0.32977847757165246
86,0.4583333333333333,0.125,3,3,3,True,0.03857373933452335,-3.996802888650564e-17,0.18487944376257964,0.06559499131063345,0.008838748901577445,0.008838748901577445,0.29317580194711823,0.22831963001337674,0.5749838892467958,0.4397160792697825,0.2977515561483596,0.2977515561483596,-0.2916338050736257,-0.1579790117792094,-0.445518231203278,-0.38388579754711205,-0.3185130176629576,-0.3185130176629576,-0.5784927664809435,0.12621233924773478,-0.19636876760286007,-0.3013281315696742,-0.5441145114747334,-0.5441145114747334
87,0.5,0.125,3,3,3,False,0.03857373933452335,-3.996802888650564e-17,0.13652780945270454,0.06243464733644191,0.007848515056647978,0.007848515056647978,0.29317580194711823,0.22831963001337674,0.4576111139145654,0.3632253273784434,0.29717858749292175,0.29717858749292175,-0.2916338050736257,-0.1579790117792094,-0.3881438714490105,-0.32676338844635167,-0.31815273683980283,-0.31815273683980283,-0.5784927664809435,0.12621233924773478,-0.35832351174637034,-0.5082224934252724,-0.5436937893089727,-0.5436937893089727
88,0.5416666666666666,0.125,3,3,3,False,0.03857373933452335,-3.996802888650564e-17,0.07746904080107027,0.059343540884539685,0.00668595764974636,0.00668595764974636,0.29317580194711823,0.22831963001337674,0.34881359115591143,0.32372222520056826,0.2965865725994311,0.2965865725994311,-0.2916338050736257,-0.1579790117792094,-0.32701389847872225,-0.29660694440504737,-0.31770391754257943,-0.31770391754257943,-0.5784927664809435,0.12621233924773478,-0.49152023010897383,-0.5958636889078717,-0.5430580653426347,-0.5430580653426347
89,0.5833333333333333,0.125,3,3,3,False,0.03857373933452335,-3.996802888650564e-17,0.02625717477718618,0.0563446355185384,0.005308864013461985,0.005308864013461985,0.29317580194711823,0.22831963001337674,0.2795477822615305,0.294827584609733,0.2960164963542004,0.2960164963542004,-0.2916338050736257,-0.1579790117792094,-0.291257291680508,-0.2758214686013156,-0.3171374213869238,-0.3171374213869238,-0.5784927664809435,0.12621233924773478,-0.5705190770151811,-0.6003383293404463,-0.5420829267467931,-0.5420829267467931
90,0.625,0.125,3,3,3,False,0.03857373933452335,-3.996802888650564e-17,-0.011601735540799487,0.05354701033435247,0.0036645621228153583,0.0036645621228153583,0.29317580194711823,0.22831963001337674,0.25264965664455385,0.27029799292768375,0.2955584839125702,0.2955584839125702,-0.2916338050736257,-0.1579790117792094,-0.29977512352435604,-0.2560292475973296,-0.31641328304703986,-0.31641328304703986,-0.5784927664809435,0.12621233924773478,-0.5778576764027776,-0.5799843881336804,-0.5405543926451843,-0.5405543926451843
91,0.6666666666666666,0.125,3,3,3,False,0.03857373933452335,-3.996802888650564e-17,-0.04288799533576412,0.050973236898379654,0.0016919563078023128,0.0016919563078023128,0.29317580194711823,0.22831963001337674,0.25502736068827714,0.24985210937919064,0.29540349053771076,0.29540349053771076,-0.2916338050736257,-0.1579790117792094,-0.32744772616680623,-0.25591733721083143,-0.31547669234337467,-0.31547669234337467,-0.5784927664809435,0.12621233924773478,-0.5431955744883795,-0.564786636205759,-0.5380919261866185,-0.5380919261866185
92,0.7083333333333333,0.125,3,3,3,False,0.03857373933452335,-3.996802888650564e-17,-0.06493180947290986,0.04876796966234091,-0.0006619824424138297,-0.0006619824424138297,0.29317580194711823,0.22831963001337674,0.26856013130260936,0.23060387785194342,0.29594277048455375,0.29594277048455375,-0.2916338050736257,-0.1579790117792094,-0.34947385969161027,-0.2833044570699789,-0.3142487482705845,-0.3142487482705845,-0.5784927664809435,0.12621233924773478,-0.510312768963065,-0.5514145039636326,-0.5340034899800279,-0.5340034899800279
93,0.75,0.125,3,3,3,False,0.03857373933452335,-3.996802888650564e-17,-0.06217624338700177,0.046495426910040175,-0.00045351130136372583,-0.00045351130136372583,0.29317580194711823,0.22831963001337674,0.27756235628732245,0.22852954155767757,0.2985911232405297,0.2985911232405297,-0.2916338050736257,-0.1579790117792094,-0.35586110625751094,-0.3205438302333685,-0.31035411567120996,-0.31035411567120996,-0.5784927664809435,0.12621233924773478,-0.4949598588383462,-0.531021096904785,-0.5294271817547636,-0.5294271817547636
94,0.7916666666666666,0.125,3,3,3,False,0.03857373933452335,-3.996802888650564e-17,-0.03687615476216593,0.04451656271182388,0.0023590166724349413,0.0023590166724349413,0.29317580194711823,0.22831963001337674,0.2859236598754709,0.24863271297145184,0.301203457151959,0.301203457151959,-0.2916338050736257,-0.1579790117792094,-0.34535390105247094,-0.345967743171407,-0.3044565754220343,-0.3044565754220343,-0.5784927664809435,0.12621233924773478,-0.4857714743030894,-0.5101411573153578,-0.5280196965196562,-0.5280196965196562
95,0.8333333333333333,0.125,3,3,3,False,0.03857373933452335,-3.996802888650564e-17,-0.00225929161383958,0.04290872777610421,0.004765972992842643,0.004765972992842643,0.29317580194711823,0.22831963001337674,0.30021628430908154,0.27560189459698725,0.30280700321955034,0.30280700321955034,-0.2916338050736257,-0.1579790117792094,-0.3180343429154278,-0.3489380111873274,-0.2992909086330209,-0.2992909086330209,-0.5784927664809435,0.12621233924773478,-0.4793651808820434,-0.4811276821954753,-0.5278759491505887,-0.5278759491505887
96,0.875,0.125,3,3,3,False,0.03857373933452335,-3.996802888650564e-17,0.018482839342386884,0.04184780836890166,0.006788818985701198,0.006788818985701198,0.29317580194711823,0.22831963001337674,0.31086866602385793,0.30554962030159205,0.3038306539394383,0.3038306539394383,-0.2916338050736257,-0.1579790117792094,-0.28468568567053637,-0.31874902476703515,-0.29488001065651137,-0.29488001065651137,-0.5784927664809435,0.12621233924773478,-0.4782472718426957,-0.4685021196350039,-0.5283182096321871,-0.5283182096321871
97,0.9166666666666666,0.125,3,3,3,False,0.03857373933452335,-3.996802888650564e-17,0.029189915858094172,0.04069663417939828,0.008487167532677989,0.008487167532677989,0.29317580194711823,0.22831963001337674,0.31609708341574105,0.32857894721162983,0.30450989790888155,0.30450989790888155,-0.2916338050736257,-0.1579790117792094,-0.25525145325246523,-0.24536597261616452,-0.29113663640283605,-0.29113663640283605,-0.5784927664809435,0.12621233924773478,-0.47829697797610826,-0.45616603731165506,-0.5290147950086694,-0.5290147950086694
98,0.9583333333333333,0.125,3,3,3,False,0.03857373933452335,-3.996802888650564e-17,0.033509338076901485,0.039812067655481134,0.009921039244355617,0.009921039244355617,0.29317580194711823,0.22831963001337674,0.31808229896961426,0.3393073365455057,0.30497644583076333,0.30497644583076333,-0.2916338050736257,-0.1579790117792094,-0.23641101472943732,-0.1900319844689834,-0.28795302646144116,-0.28795302646144116,-0.5784927664809435,0.12621233924773478,-0.48464847235477304,-0.4601328060553714,-0.529802907323843,-0.529802907323843
99,1.0,0.125,3,3,3,False,0.03857373933452335,-3.996802888650564e-17,0.03929447284176145,0.039079216395341364,0.01114132635012872,0.01114132635012872,0.29317580194711823,0.22831963001337674,0.3203361047276696,0.3434700347693974,0.3053065820664554,0.3053065820664554,-0.2916338050736257,-0.1579790117792094,-0.21824747267490374,-0.15427046219030927,-0.28523011983219293,-0.28523011983219293,-0.5784927664809435,0.12621233924773478,-0.48973749021787055,-0.46768123800051875,-0.530602815844346,-0.530602815844346
100,0.0,0.16666666666666666,1,2,2,False,0.08122092484441946,-3.996802888650564e-17,0.1824381091698938,0.09149969600670471,0.10892609699140952,0.10601141146962131,0.8795274058413546,0.22831963001337674,0.750257299242156,0.7113661971542861,0.8192220278542895,0.8172920880802109,-0.5832676101472514,-0.1579790117792094,-0.596279524019058,-0.5908620246509495,-0.6229415437160322,-0.6219711117994469,0.28924638324047175,0.12621233924773478,0.3179909933521818,0.3178331435475581,0.32768841595098963,0.3305745426065116
101,0.041666666666666664,0.16666666666666666,1,2,2,False,0.08122092484441946,-3.996802888650564e-17,0.19295577921742713,0.09045997726436723,0.10830610041066657,0.10528018737580275,0.8795274058413546,0.22831963001337674,0.7446166400527637,0.7036469440149421,0.8188166548332731,0.8168102409888978,-0.5832676101472514,-0.1579790117792094,-0.588502634207817,-0.5712625264843822,-0.6224894242200179,-0.6214806296596082,0.28924638324047175,0.12621233924773478,0.31821157245940107,0.3216887058810643,0.3277186271206083,0.33072384225537266
102,0.08333333333333333,0.16666666666666666,1,2,2,False,0.08122092484441946,-3.996802888650564e-17,0.20043022601424282,0.08921844013863985,0.10764021305500132,0.10449656465819786,0.8795274058413546,0.22831963001337674,0.7466602357154105,0.6926603771334414,0.8184078396060643,0.8163201173787071,-0.5832676101472514,-0.1579790117792094,-0.5824760556845184,-0.5448765153877675,-0.621999918469758,-0.620950752901772,0.28924638324047175,0.12621233924773478,0.3188415473093612,0.3198140915259232,0.3276847730729283,0.33081748426335733
103,0.125,0.16666666666666666,1,2,2,False,0.08122092484441946,-3.996802888650564e-17,0.20972193004394063,0.08794313888267447,0.10692521740191302,0.10365699068103257,0.8795274058413546,0.22831963001337674,0.7507388907352399,0.6947799806457174,0.8179986625543006,0.8158244736371736,-0.5832676101472514,-0.1579790117792094,-0.575894786609083,-0.5351109459018588,-0.6214691495697795,-0.6203775463744722,0.28924638324047175,0.12621233924773478,0.3176982267722533,0.31365158247905967,0.3275758351974902,0.3308452317655451
104,0.16666666666666666,0.16666666666666666,1,2,2,False,0.08122092484441946,-3.996802888650564e-17,0.20709530178283195,0.0860111213954852,0.10615794601336973,0.10275797756773705,0.8795274058413546,0.22831963001337674,0.7745449466522201,0.698535743983588,0.8175930836368981,0.8153269355419925,-0.5832676101472514,-0.1579790117792094,-0.5816294535683096,-0.560907451118556,-0.6208928806266094,-0.6197567313590661,0.28924638324047175,0.12621233924773478,0.3108928968387595,0.2921517178381393,0.32737918716328784,0.3307953235862391
105,0.20833333333333331,0.16666666666666666,1,2,2,False,0.08122092484441946,-3.996802888650564e-17,0.20518510312302565,0.08438987853221698,0.10533540630051828,0.10179623812102014,0.8795274058413546,0.22831963001337674,0.8034119834041537,0.7592577757425178,0.817196131663747,0.8148321915886815,-0.5832676101472514,-0.1579790117792094,-0.5927695204808958,-0.6045480418992637,-0.6202665225159671,-0.6190836990232707,0.28924638324047175,0.12621233924773478,0.29101532974039057,0.26922676321409683,0.32708040654407117,0.3306542933026578
106,0.25,0.16666666666666666,1,2,2,False,0.08122092484441946,-3.996802888650564e-17,0.1790896831204121,0.08147934267397723,0.10409713066537199,0.10008060221795212,0.8795274058413546,0.22831963001337674,0.8321872411379045,0.8158397442411947,0.8170356710477423,0.8143360444459905,-0.5832676101472514,-0.1579790117792094,-0.6005930792780898,-0.6256278499629409,-0.6199815729233261,-0.6185471492944886,0.28924638324047175,0.12621233924773478,0.2704992366907664,0.2589150593747288,0.32654861568640914,0.33064769680137573
107,0.29166666666666663,0.16666666666666666,1,2,2,False,0.08122092484441946,-3.996802888650564e-17,0.152237942274715,0.07818501128870267,0.10293253528295533,0.09844103940325062,0.8795274058413546,0.22831963001337674,0.8520624547580881,0.8520504270107145,0.8168962797151266,0.8138595635024503,-0.5832676101472514,-0.1579790117792094,-0.5968059119063571,-0.6294623815512296,-0.6196880315907725,-0.6179946540811562,0.28924638324047175,0.12621233924773478,0.24422246006160941,0.25735661188839026,0.3259938679524519,0.33062206049196585
108,0.3333333333333333,0.16666666666666666,1,2,2,False,0.08122092484441946,-3.996802888650564e-17,0.1512037575047552,0.07490763852851011,0.10183791116439106,0.09687688850116,0.8795274058413546,0.22831963001337674,0.8570257200975325,0.8505052958270285,0.8167761742675134,0.8134034431978073,-0.5832676101472514,-0.1579790117792094,-0.574427104544192,-0.6158982335244139,-0.6193888241195484,-0.6174318678248881,0.28924638324047175,0.12621233924773478,0.1806113224663848,0.23119903930988356,0.3254227065852898,0.33058002643796885
109,0.375,0.16666666666666666,1,2,2,False,0.08122092484441946,-3.996802888650564e-17,0.17155096868795866,0.0718387885116002,0.10080941845675703,0.09538664571602769,0.8795274058413546,0.22831963001337674,0.8230851027742897,0.7813252794198338,0.8166735987492368,0.8129679043200762,-0.5832676101472514,-0.1579790117792094,-0.5439955101659792,-0.5884972059662177,-0.6190864082917151,-0.6168634882674335,0.28924638324047175,0.12621233924773478,0.07889356496617377,0.11489689985998237,0.32484062459743884,0.3305239517979288
110,0.41666666666666663,0.16666666666666666,1,2,2,True,0.08122092484441946,-3.996802888650564e-17,0.18382676855389593,0.06831482315528006,0.09984319305835174,0.09396820012667992,0.8795274058413546,0.22831963001337674,0.7431808232608444,0.6671815333740982,0.8165868644458836,0.8125528131682287,-0.5832676101472514,-0.1579790117792094,-0.5024547902456583,-0.5232729080461737,-0.6187828332275089,-0.6162933916965738,0.28924638324047175,0.12621233924773478,-0.05536527468623889,-0.09728362181904171,0.3242522094855881,0.3304559308638383
111,0.4583333333333333,0.16666666666666666,3,3,3,True,0.03857373933452335,-3.996802888650564e-17,0.15791393229815,0.06482521353833269,0.007362079987813103,0.007362079987813103,0.29317580194711823,0.22831963001337674,0.6299975622666766,0.5400551683897413,0.30130123961137933,0.30130123961137933,-0.2916338050736257,-0.1579790117792094,-0.44778729704062825,-0.4125570695180139,-0.31943726077697254,-0.31943726077697254,-0.5784927664809435,0.12621233924773478,-0.23833573954474113,-0.3629897702560634,-0.5437011530028611,-0.5437011530028611
112,0.5,0.16666666666666666,3,3,3,False,0.03857373933452335,-3.996802888650564e-17,0.09953610205847578,0.06136835512440594,0.006072625912399078,0.006072625912399078,0.29317580194711823,0.22831963001337674,0.4942522816067133,0.44325243230565126,0.30092198025523775,0.30092198025523775,-0.2916338050736257,-0.1579790117792094,-0.39222948546628555,-0.31727752525377456,-0.3192568144354987,-0.3192568144354987,-0.5784927664809435,0.12621233924773478,-0.4275578952421374,-0.5360119156043959,-0.5433079823472846,-0.5433079823472846
113,0.5416666666666666,0.16666666666666666,3,3,3,False,0.03857373933452335,-3.996802888650564e-17,0.047854633331056426,0.058007592184812135,0.004513900670487694,0.004513900670487694,0.29317580194711823,0.22831963001337674,0.36201748430431974,0.3946646744568794,0.3005290977494952,0.3005290977494952,-0.2916338050736257,-0.1579790117792094,-0.3203789218349902,-0.2759095122278533,-0.3190405073838317,-0.3190405073838317,-0.5784927664809435,0.12621233924773478,-0.5442020271264054,-0.6237325212724302,-0.5427054220299952,-0.5427054220299952
114,0.5833333333333333,0.16666666666666666,3,3,3,False,0.03857373933452335,-3.996802888650564e-17,0.012206578674488919,0.054804786653859176,0.0026021910251934066,0.0026021910251934066,0.29317580194711823,0.22831963001337674,0.28373689480388686,0.34866773698434694,0.300155265934149,0.300155265934149,-0.2916338050736257,-0.1579790117792094,-0.28494651750655675,-0.25536605068591967,-0.31878096308889636,-0.31878096308889636,-0.5784927664809435,0.12621233924773478,-0.6005437125090873,-0.628752513654762,-0.5417619734941044,-0.5417619734941044
115,0.625,0.16666666666666666,3,3,3,False,0.03857373933452335,-3.996802888650564e-17,-0.024259448013392405,0.0517774252938083,0.00022446391562065682,0.00022446391562065682,0.29317580194711823,0.22831963001337674,0.2566176286212423,0.29386593570044545,0.2998764801048004,0.2998764801048004,-0.2916338050736257,-0.1579790117792094,-0.2875647446519563,-0.2579612169826543,-0.3184720043755931,-0.3184720043755931,-0.5784927664809435,0.12621233924773478,-0.5961525644093191,-0.5860361504319156,-0.5402411987067621,-0.5402411987067621
116,0.6666666666666666,0.16666666666666666,3,3,3,False,0.03857373933452335,-3.996802888650564e-17,-0.05691143587608708,0.04929041335231391,-0.0027603790777276857,-0.0027603790777276857,0.29317580194711823,0.22831963001337674,0.2492492871454991,0.24997124893008632,0.299861688094479,0.299861688094479,-0.2916338050736257,-0.1579790117792094,-0.30901637044099783,-0.27051232182382934,-0.3181123998905112,-0.3181123998905112,-0.5784927664809435,0.12621233924773478,-0.5563764692718973,-0.5563608375881604,-0.5376998493935066,-0.5376998493935066
117,0.7083333333333333,0.16666666666666666,3,3,3,False,0.03857373933452335,-3.996802888650564e-17,-0.07642390420933348,0.04680053876016135,-0.00647112510478267,-0.00647112510478267,0.29317580194711823,0.22831963001337674,0.26040388509087314,0.2199137023144085,0.3004651180256091,0.3004651180256091,-0.2916338050736257,-0.1579790117792094,-0.3352220077058997,-0.29236526307313254,-0.31770455946582754,-0.31770455946582754,-0.5784927664809435,0.12621233924773478,-0.5135691445245298,-0.5472322296063287,-0.5332836168608353,-0.5332836168608353
118,0.75,0.16666666666666666,3,3,3,False,0.03857373933452335,-3.996802888650564e-17,-0.06672061281111981,0.04448083020722945,-0.0062547206776177935,-0.0062547206776177935,0.29317580194711823,0.22831963001337674,0.2728506418612677,0.23626563010681917,0.3025739589097537,0.3025739589097537,-0.2916338050736257,-0.1579790117792094,-0.3483516832156118,-0.3244531222102001,-0.31410287072008536,-0.31410287072008536,-0.5784927664809435,0.12621233924773478,-0.48906287528171233,-0.5314306328081136,-0.5285526269045719,-0.5285526269045719
119,0.7916666666666666,0.16666666666666666,3,3,3,False,0.03857373933452335,-3.996802888650564e-17,-0.03880935778753052,0.042562063477373215,-0.002025350363320407,-0.002025350363320407,0.29317580194711823,0.22831963001337674,0.2959837955454681,0.2599844872543184,0.30427100481709973,0.30427100481709973,-0.2916338050736257,-0.1579790117792094,-0.3566022984420335,-0.35167985199380114,-0.30749286411097915,-0.30749286411097915,-0.5784927664809435,0.12621233924773478,-0.47449560753848485,-0.5009865256423285,-0.5277705961638861,-0.5277705961638861
120,0.8333333333333333,0.16666666666666666,3,3,3,False,0.03857373933452335,-3.996802888650564e-17,-0.0009871188016578462,0.04144119417521647,0.0014600675146243022,0.0014600675146243022,0.29317580194711823,0.22831963001337674,0.31187862472145567,0.29287273332062636,0.30516810284947615,0.30516810284947615,-0.2916338050736257,-0.1579790117792094,-0.3366993599786224,-0.3551253057788419,-0.30164853876824527,-0.30164853876824527,-0.5784927664809435,0.12621233924773478,-0.47345074753641103,-0.45435796960342156,-0.5282058476674042,-0.5282058476674042
121,0.875,0.16666666666666666,3,3,3,False,0.03857373933452335,-3.996802888650564e-17,0.022416686863718192,0.04021654569373154,0.004267836220800292,0.004267836220800292,0.29317580194711823,0.22831963001337674,0.317776093938173,0.3255534528580847,0.3056695869201689,0.3056695869201689,-0.2916338050736257,-0.1579790117792094,-0.3021086927829288,-0.3354577388292913,-0.2966971375841445,-0.2966971375841445,-0.5784927664809435,0.12621233924773478,-0.47246653774096586,-0.4339838564897284,-0.5290828349793149,-0.5290828349793149
122,0.9166666666666666,0.16666666666666666,3,3,3,False,0.03857373933452335,-3.996802888650564e-17,0.03119657370985811,0.03935435770481052,0.006536247987296587,0.006536247987296587,0.29317580194711823,0.22831963001337674,0.31972259820763926,0.33857084958098266,0.3059644711703413,0.3059644711703413,-0.2916338050736257,-0.1579790117792094,-0.2645252620822084,-0.2662984363453307,-0.2925439134087004,-0.2925439134087004,-0.5784927664809435,0.12621233924773478,-0.47964103571674993,-0.44837947270334166,-0.5300814945875619,-0.5300814945875619
123,0.9583333333333333,0.16666666666666666,3,3,3,False,0.03857373933452335,-3.996802888650564e-17,0.038526551925133816,0.03854990655334347,0.008389063953266496,0.008389063953266496,0.29317580194711823,0.22831963001337674,0.321395286800963,0.3427386052762487,0.3061451137544211,0.3061451137544211,-0.2916338050736257,-0.1579790117792094,-0.23781740226498652,-0.20191213606530817,-0.28905273108857815,-0.28905273108857815,-0.5784927664809435,0.12621233924773478,-0.48851958007227675,-0.46951864811187194,-0.5310706734150625,-0.5310706734150625
124,1.0,0.16666666666666666,3,3,3,False,0.03857373933452335,-3.996802888650564e-17,0.042172971466307094,0.03787122075438394,0.00992224255916215,0.00992224255916215,0.29317580194711823,0.22831963001337674,0.3212794453995237,0.34564233587238513,0.3062592658666049,0.3062592658666049,-0.2916338050736257,-0.1579790117792094,-0.22223591903034437,-0.1632543461654008,-0.2860980875431266,-0.2860980875431266,-0.5784927664809435,0.12621233924773478,-0.4996085900030354,-0.4857535748219941,-0.531999304017975,-0.531999304017975
125,0.0,0.20833333333333331,1,2,2,False,0.08122092484441946,-3.996802888650564e-17,0.17123399728351785,0.0908317977493796,0.1084717057480438,0.10544621922706003,0.8795274058413546,0.22831963001337674,0.7710053309327582,0.7303984838616631,0.8203507837837585,0.8183251438833195,-0.5832676101472514,-0.1579790117792094,-0.5964378412026257,-0.5887881575726897,-0.6236033025536438,-0.6226075899848036,0.28924638324047175,0.12621233924773478,0.32850443009605135,0.3338739862885379,0.328214666408825,0.33123299426358627
126,0.041666666666666664,0.20833333333333331,1,2,2,False,0.08122092484441946,-3.996802888650564e-17,0.1854762957379378,0.08981279594659752,0.10779243125581617,0.10464036830096529,0.8795274058413546,0.22831963001337674,0.7655452510034734,0.7220794924346289,0.8199140620267589,0.8177997469786467,-0.5832676101472514,-0.1579790117792094,-0.5886344919521881,-0.574178569111346,-0.6231395112849448,-0.622101363131409,0.28924638324047175,0.12621233924773478,0.33043257332972487,0.3401885564536977,0.32829974108813187,0.33145465400049556
127,0.08333333333333333,0.20833333333333331,1,2,2,False,0.08122092484441946,-3.996802888650564e-17,0.2043831077653503,0.08903049945648547,0.10705866809468076,0.10377184702958242,0.8795274058413546,0.22831963001337674,0.7572554553703463,0.7074352655370731,0.8194704562094345,0.8172612476895527,-0.5832676101472514,-0.1579790117792094,-0.5760532926890651,-0.5529855758589364,-0.6226330550087101,-0.6215500760951038,0.28924638324047175,0.12621233924773478,0.33187271287076153,0.33169788649646115,0.3283143835927802,0.33161645622845115
128,0.125,0.20833333333333331,1,2,2,False,0.08122092484441946,-3.996802888650564e-17,0.22076873075536527,0.08772232495240509,0.10626614604015477,0.10283590103056417,0.8795274058413546,0.22831963001337674,0.7628582411419953,0.7206814622804387,0.8190233592509263,0.8167125658431185,-0.5832676101472514,-0.1579790117792094,-0.5672801117076466,-0.5436703521736906,-0.6220789381260368,-0.620948659804768,0.28924638324047175,0.12621233924773478,0.3301092729743432,0.33100948422314314,0.32824486394718244,0.3317057543206627
129,0.16666666666666666,0.20833333333333331,1,2,2,False,0.08122092484441946,-3.996802888650564e-17,0.2375083753184091,0.08656779081696903,0.10541062059906625,0.1018278167692958,0.8795274058413546,0.22831963001337674,0.7808973124378591,0.732134546097787,0.8185773087972303,0.816157745345728,-0.5832676101472514,-0.1579790117792094,-0.5629009439868632,-0.5627743899326332,-0.6214716150413613,-0.6202915190236287,0.28924638324047175,0.12621233924773478,0.3170645131504895,0.3161851217066274,0.3280751921082037,0.3317077703344523
130,0.20833333333333331,0.20833333333333331,1,2,2,False,0.08122092484441946,-3.996802888650564e-17,0.2210300446512293,0.08433709695227923,0.10448805350795734,0.10074311897628724,0.8795274058413546,0.22831963001337674,0.8195006940631195,0.7850258089217652,0.8181382687057084,0.8156022414278665,-0.5832676101472514,-0.1579790117792094,-0.573705581901691,-0.5869212182377337,-0.6208049847165764,-0.6195725358472148,0.28924638324047175,0.12621233924773478,0.2923469753050575,0.3034172006600292,0.3277868103137297,0.3316053007816223
131,0.25,0.20833333333333331,1,2,2,False,0.08122092484441946,-3.996802888650564e-17,0.19093298689780913,0.08183641184194712,0.10316418377439762,0.09889388372810268,0.8795274058413546,0.22831963001337674,0.8415144667105158,0.8274399684426463,0.8179154043501043,0.8150055377613817,-0.5832676101472514,-0.1579790117792094,-0.5826908326561049,-0.6017103554251894,-0.6204815610123123,-0.6189712249649258,0.28924638324047175,0.12621233924773478,0.2720886259573892,0.2915900274671849,0.3271696992897278,0.3315725700930407
132,0.29166666666666663,0.20833333333333331,1,2,2,False,0.08122092484441946,-3.996802888650564e-17,0.16128915538754385,0.07825475662028161,0.10192780152727862,0.0971371010067714,0.8795274058413546,0.22831963001337674,0.8569806903610456,0.8496527981443993,0.8177214318624921,0.8144377964057403,-0.5832676101472514,-0.1579790117792094,-0.58091010809817,-0.60455636195647,-0.6201483135624317,-0.6183523138123989,0.28924638324047175,0.12621233924773478,0.24290426198307954,0.27816787027745415,0.32652824629413085,0.3315176590063722
133,0.3333333333333333,0.20833333333333331,1,2,2,False,0.08122092484441946,-3.996802888650564e-17,0.14658662417347493,0.07474168732357842,0.10077379992061822,0.09547118328075076,0.8795274058413546,0.22831963001337674,0.8668165765532106,0.8468931690606363,0.8175536054749369,0.8138992226598534,-0.5832676101472514,-0.1579790117792094,-0.5545030237871633,-0.6069623846571485,-0.6198090434215742,-0.6177229392654264,0.28924638324047175,0.12621233924773478,0.17078698864188707,0.23424281486371035,0.3258706729627075,0.33144410823135684
134,0.375,0.20833333333333331,1,2,2,False,0.08122092484441946,-3.996802888650564e-17,0.14609428914807637,0.07139853943238127,0.0996969757703521,0.09389351527071703,0.8795274058413546,0.22831963001337674,0.8522384578791247,0.802890998036859,0.8174092829612136,0.8133894486325761,-0.5832676101472514,-0.1579790117792094,-0.5217935850185667,-0.5927554177579472,-0.6194668810728019,-0.6170889154901944,0.28924638324047175,0.12621233924773478,0.06694983413167746,0.11126752235855077,0.3252037328923103,0.331355023091519
135,0.41666666666666663,0.20833333333333331,1,2,2,True,0.08122092484441946,-3.996802888650564e-17,0.13503396823864366,0.06764207707024697,0.09869217321812096,0.09240078613665839,0.8795274058413546,0.22831963001337674,0.7908400815740724,0.7291074083506546,0.8172859755550277,0.8129077043513123,-0.5832676101472514,-0.1579790117792094,-0.4817728377490056,-0.5471120192513945,-0.6191243812152502,-0.6164549393135894,0.28924638324047175,0.12621233924773478,-0.0779907609755158,-0.09185698381433723,0.3245329370292468,0.3312531137113197
136,0.4583333333333333,0.20833333333333331,3,3,3,True,0.03857373933452335,-3.996802888650564e-17,0.0986891140660916,0.06383574774888974,0.005840019158133314,0.005840019158133314,0.29317580194711823,0.22831963001337674,0.6855029886915088,0.633192030406899,0.3056246003934182,0.3056246003934182,-0.2916338050736257,-0.1579790117792094,-0.44014106682484755,-0.44916484427833187,-0.3200268404471795,-0.3200268404471795,-0.5784927664809435,0.12621233924773478,-0.2600825666395666,-0.3445987873302256,-0.5431260447822531,-0.5431260447822531
137,0.5,0.20833333333333331,3,3,3,False,0.03857373933452335,-3.996802888650564e-17,0.04755149753362624,0.060098333116359565,0.00421423645444776,0.00421423645444776,0.29317580194711823,0.22831963001337674,0.5601563658634447,0.5135673791080582,0.3055758422959103,0.3055758422959103,-0.2916338050736257,-0.1579790117792094,-0.40767948611993243,-0.33600482959296607,-0.3199871390124096,-0.3199871390124096,-0.5784927664809435,0.12621233924773478,-0.4301849451289767,-0.5152709419073709,-0.5427497827578525,-0.5427497827578525
138,0.5416666666666666,0.20833333333333331,3,3,3,False,0.03857373933452335,-3.996802888650564e-17,0.019654205069955577,0.05648984332448577,0.0021969539912076105,0.0021969539912076105,0.29317580194711823,0.22831963001337674,0.42020799368348205,0.4378036344339633,0.30554841982673075,0.30554841982673075,-0.2916338050736257,-0.1579790117792094,-0.346665938060024,-0.2750241803893594,-0.31996138699825316,-0.31996138699825316,-0.5784927664809435,0.12621233924773478,-0.5304558941230212,-0.6108524817271456,-0.5421734831345358,-0.5421734831345358
139,0.5833333333333333,0.20833333333333331,3,3,3,False,0.03857373933452335,-3.996802888650564e-17,-0.0024592484679231983,0.053050515497305294,-0.0003558672094061688,-0.0003558672094061688,0.29317580194711823,0.22831963001337674,0.32200419349669024,0.38881985802567903,0.30556666700647866,0.30556666700647866,-0.2916338050736257,-0.1579790117792094,-0.30232033467163677,-0.2647315798930443,-0.3199672410155349,-0.3199672410155349,-0.5784927664809435,0.12621233924773478,-0.5908056934557522,-0.6344452992792022,-0.5412631837327428,-0.5412631837327428
140,0.625,0.20833333333333331,3,3,3,False,0.03857373933452335,-3.996802888650564e-17,-0.03207884926287447,0.04992808871315337,-0.0036498793215405806,-0.0036498793215405806,0.29317580194711823,0.22831963001337674,0.2886562918186177,0.3209150754696424,0.3056758400584788,0.3056758400584788,-0.2916338050736257,-0.1579790117792094,-0.29560189507463475,-0.2798761396582642,-0.3200398135874317,-0.3200398135874317,-0.5784927664809435,0.12621233924773478,-0.5975484755551874,-0.60618479245491,-0.5397684173149061,-0.5397684173149061
141,0.6666666666666666,0.20833333333333331,3,3,3,False,0.03857373933452335,-3.996802888650564e-17,-0.058669896646368326,0.04736546568099283,-0.007951220532916345,-0.007951220532916345,0.29317580194711823,0.22831963001337674,0.2643925967513365,0.27733510442040804,0.30594949842744945,0.30594949842744945,-0.2916338050736257,-0.1579790117792094,-0.30279949911160575,-0.29689754656916995,-0.3202453454308335,-0.3202453454308335,-0.5784927664809435,0.12621233924773478,-0.5678219565296716,-0.56524780208804,-0.5371984808783308,-0.5371984808783308
142,0.7083333333333333,0.20833333333333331,3,3,3,False,0.03857373933452335,-3.996802888650564e-17,-0.07166788067846973,0.0448336618382457,-0.013438760173361215,-0.013438760173361215,0.29317580194711823,0.22831963001337674,0.26243861358728815,0.25591973956058645,0.3064354353202591,0.3064354353202591,-0.2916338050736257,-0.1579790117792094,-0.32034709030291375,-0.3126619038306529,-0.32067825561488583,-0.32067825561488583,-0.5784927664809435,0.12621233924773478,-0.5243167678292187,-0.549369041747046,-0.5325702324169845,-0.5325702324169845
143,0.75,0.20833333333333331,3,3,3,False,0.03857373933452335,-3.996802888650564e-17,-0.058708564975945884,0.04247391469643877,-0.013086773609845524,-0.013086773609845524,0.29317580194711823,0.22831963001337674,0.27706463187868485,0.2656392211008913,0.30703931539725454,0.30703931539725454,-0.2916338050736257,-0.1579790117792094,-0.3363292863064239,-0.33925443546600265,-0.3178582552758986,-0.3178582552758986,-0.5784927664809435,0.12621233924773478,-0.49348665732626557,-0.5332874733006772,-0.527910063233179,-0.527910063233179
144,0.7916666666666666,0.20833333333333331,3,3,3,False,0.03857373933452335,-3.996802888650564e-17,-0.03054966710016298,0.04094615457438591,-0.006909660828592949,-0.006909660828592949,0.29317580194711823,0.22831963001337674,0.30337497166520344,0.28259328674047474,0.30728612091998575,0.30728612091998575,-0.2916338050736257,-0.1579790117792094,-0.3539554691185387,-0.3718697432498599,-0.31084085566830766,-0.31084085566830766,-0.5784927664809435,0.12621233924773478,-0.47056269960645697,-0.5029604299319821,-0.52799300498169,-0.52799300498169
145,0.8333333333333333,0.20833333333333331,3,3,3,False,0.03857373933452335,-3.996802888650564e-17,-0.000635022479323175,0.039645750156778646,-0.0020204742065004343,-0.0020204742065004343,0.29317580194711823,0.22831963001337674,0.3208097529530885,0.3167902558134654,0.30727538186822967,0.30727538186822967,-0.2916338050736257,-0.1579790117792094,-0.35910343465444716,-0.37999716155195606,-0.30434101900680527,-0.30434101900680527,-0.5784927664809435,0.12621233924773478,-0.45972872053672714,-0.4447603454807063,-0.5291239743398986,-0.5291239743398986
146,0.875,0.20833333333333331,3,3,3,False,0.03857373933452335,-3.996802888650564e-17,0.018486356446859496,0.038917340663359674,0.001743320157743749,0.001743320157743749,0.29317580194711823,0.22831963001337674,0.32261878358478124,0.3363645521820242,0.30719386102459634,0.30719386102459634,-0.2916338050736257,-0.1579790117792094,-0.32211675430805997,-0.3419815174397953,-0.2988128133005358,-0.2988128133005358,-0.5784927664809435,0.12621233924773478,-0.47069630097530746,-0.4227759868998019,-0.5304578031675897,-0.5304578031675897
147,0.9166666666666666,0.20833333333333331,3,3,3,False,0.03857373933452335,-3.996802888650564e-17,0.03090758937767211,0.03813712193606657,0.004666089549070959,0.004666089549070959,0.29317580194711823,0.22831963001337674,0.3220912074861411,0.34670887868802674,0.307100870950469,0.307100870950469,-0.2916338050736257,-0.1579790117792094,-0.2840220668540026,-0.28497867501310004,-0.2942072842191985,-0.2942072842191985,-0.5784927664809435,0.12621233924773478,-0.4861214915634403,-0.45743222444749054,-0.5317328660426203,-0.5317328660426203
148,0.9583333333333333,0.20833333333333331,3,3,3,False,0.03857373933452335,-3.996802888650564e-17,0.03742853629891759,0.03760910608204909,0.006976278240281681,0.006976278240281681,0.29317580194711823,0.22831963001337674,0.3204436448682354,0.34378694221124567,0.3070141947151631,0.3070141947151631,-0.2916338050736257,-0.1579790117792094,-0.2568199323894635,-0.22957750872463284,-0.2903715283820325,-0.2903715283820325,-0.5784927664809435,0.12621233924773478,-0.5025891014338554,-0.49044090772599697,-0.5328779674585122,-0.5328779674585122
149,1.0,0.20833333333333331,3,3,3,False,0.03857373933452335,-3.996802888650564e-17,0.040182223756707124,0.03700109959453908,0.008836940504259629,0.008836940504259629,0.29317580194711823,0.22831963001337674,0.3156792033741655,0.3458538746491994,0.3069381355768756,0.3069381355768756,-0.2916338050736257,-0.1579790117792094,-0.2253943696607465,-0.1941239277084178,-0.28715492743204996,-0.28715492743204996,-0.5784927664809435,0.12621233924773478,-0.5160907926410596,-0.5178811492683053,-0.5338849295903505,-0.5338849295903505
150,0.0,0.25,1,2,2,False,0.08122092484441946,-3.996802888650564e-17,0.14670207523596412,0.0900287164179501,0.1079277687556102,0.10477360557226038,0.8795274058413546,0.22831963001337674,0.7922728286408217,0.7589099747581148,0.821665622456462,0.8195269466189792,-0.5832676101472514,-0.1579790117792094,-0.6007701257254008,-0.5917472548470817,-0.6243901395840166,-0.6233650691952806,0.28924638324047175,0.12621233924773478,0.3370114011183221,0.3376343347749796,0.3288126968085548,0.33198689125322567
151,0.041666666666666664,0.25,1,2,2,False,0.08122092484441946,-3.996802888650564e-17,0.16244596591828805,0.08930231981727599,0.10717672529414454,0.10387687918276128,0.8795274058413546,0.22831963001337674,0.7921554033774799,0.7514873286640793,0.8211930313693238,0.8189501308679789,-0.5832676101472514,-0.1579790117792094,-0.594164481651671,-0.5862444826984605,-0.6239194576875411,-0.6228470274680831,0.28924638324047175,0.12621233924773478,0.3414106052069161,0.3422113209099673,0.32897247392913975,0.33230533462473566
152,0.08333333333333333,0.25,1,2,2,False,0.08122092484441946,-3.996802888650564e-17,0.18093300575910468,0.0885262981388516,0.10636003037737568,0.10290402188916634,0.8795274058413546,0.22831963001337674,0.7954423802703894,0.737527592557757,0.8207083908876102,0.8183530983267919,-0.5832676101472514,-0.1579790117792094,-0.5864665595820621,-0.5781952145506057,-0.6234000994193385,-0.6222774130118859,0.28924638324047175,0.12621233924773478,0.3462828714236139,0.3392453707011005,0.3290554583338201,0.3325605506076258
153,0.125,0.25,1,2,2,False,0.08122092484441946,-3.996802888650564e-17,0.20203091964201814,0.08709673305558574,0.10547188962948044,0.10184852256416338,0.8795274058413546,0.22831963001337674,0.7962071231369713,0.7570403765966399,0.8202153023070494,0.817738740884262,-0.5832676101472514,-0.1579790117792094,-0.5766121105852846,-0.5740059089469337,-0.6228255620029537,-0.6216496294874199,0.28924638324047175,0.12621233924773478,0.3468443900776106,0.3395448353611605,0.32904437579909956,0.3327368065387898
154,0.16666666666666666,0.25,1,2,2,False,0.08122092484441946,-3.996802888650564e-17,0.2179381623057272,0.0859278253417845,0.10450647581554702,0.10070384970274968,0.8795274058413546,0.22831963001337674,0.8097392990384182,0.7770772235487713,0.8197188681612783,0.8171114109023445,-0.5832676101472514,-0.1579790117792094,-0.5674993874940892,-0.573345820074573,-0.6221884892471077,-0.6209562629652758,0.28924638324047175,0.12621233924773478,0.3331681590287869,0.34359929403877043,0.328918704687001,0.33281532764581034
155,0.20833333333333331,0.25,1,2,2,False,0.08122092484441946,-3.996802888650564e-17,0.20048187515978944,0.08418757110227038,0.10345819657611112,0.099463745641598,0.8795274058413546,0.22831963001337674,0.8357501122691794,0.8125285530413104,0.819226122057227,0.8164773593351708,-0.5832676101472514,-0.1579790117792094,-0.567132935869195,-0.5763883124340663,-0.6214806337393995,-0.62018905876664,0.28924638324047175,0.12621233924773478,0.3056123988548161,0.3462509881718443,0.3286541569246034,0.3327738030374439
156,0.25,0.25,1,2,2,False,0.08122092484441946,-3.996802888650564e-17,0.17011504932711682,0.08164424204539905,0.10204037993803111,0.09746336308087925,0.8795274058413546,0.22831963001337674,0.846805876960708,0.8375191694936333,0.8189214156321465,0.8157524378369503,-0.5832676101472514,-0.1579790117792094,-0.5679227078777422,-0.5775975213490171,-0.6211066763098806,-0.6195052264252521,0.28924638324047175,0.12621233924773478,0.28206220761517053,0.33299545896105975,0.3279263047965423,0.33270233704440316
157,0.29166666666666663,0.25,1,2,2,False,0.08122092484441946,-3.996802888650564e-17,0.14249105978285811,0.0783221087427781,0.10072761519310316,0.09557685565204085,0.8795274058413546,0.22831963001337674,0.8518741086635726,0.8487367463007977,0.8186568004865855,0.815070106515952,-0.5832676101472514,-0.1579790117792094,-0.5683323863305438,-0.5777283261824432,-0.6207215655669216,-0.6188021529050922,0.28924638324047175,0.12621233924773478,0.2521074345105681,0.3105211394340404,0.3271733245209811,0.3326048951285932
158,0.3333333333333333,0.25,1,2,2,False,0.08122092484441946,-3.996802888650564e-17,0.13043699852919804,0.07476331329476688,0.09951273569229918,0.09380107914283042,0.8795274058413546,0.22831963001337674,0.8597581353915179,0.8355959758373999,0.818427989106411,0.814429581712265,-0.5832676101472514,-0.1579790117792094,-0.5420611239769754,-0.5876114650364854,-0.6203303414114922,-0.6180890099997065,0.28924638324047175,0.12621233924773478,0.17572822008979846,0.25625261637485686,0.3264057092255509,0.33248634835576424
159,0.375,0.25,1,2,2,False,0.08122092484441946,-3.996802888650564e-17,0.11557172327936395,0.07082504570761347,0.09838857284400508,0.09213165647052929,0.8795274058413546,0.22831963001337674,0.8515445358839945,0.7968442555111437,0.8182309524320615,0.8138294108206264,-0.5832676101472514,-0.1579790117792094,-0.4864269457211639,-0.5951336951013083,-0.619937053097452,-0.6173730902395957,0.28924638324047175,0.12621233924773478,0.048691921709013174,0.13664098512539535,0.3256318434386216,0.33235087537782937
160,0.41666666666666663,0.25,1,2,2,True,0.08122092484441946,-3.996802888650564e-17,0.08697493598017753,0.066878016621123,0.09734814929557892,0.0905634521946699,0.8795274058413546,0.22831963001337674,0.8007064376807019,0.7480317475410792,0.8180619781185507,0.8132677201840789,-0.5832676101472514,-0.1579790117792094,-0.44063972704920473,-0.5673786785236905,-0.6195449171181963,-0.6166601300048387,0.28924638324047175,0.12621233924773478,-0.10565341729879539,-0.06231130266060657,0.3248583671819477,0.33220203958781497
161,0.4583333333333333,0.25,3,3,3,True,0.03857373933452335,-3.996802888650564e-17,0.04333645798571609,0.06264921540955146,0.004229719684176181,0.004229719684176181,0.29317580194711823,0.22831963001337674,0.7150803200425249,0.6723073585800651,0.3101990376756687,0.3101990376756687,-0.2916338050736257,-0.1579790117792094,-0.41934462099267056,-0.49316752991473034,-0.3200885891719685,-0.3200885891719685,-0.5784927664809435,0.12621233924773478,-0.2714873747726326,-0.2966729330352629,-0.5417741629496023,-0.5417741629496023
162,0.5,0.25,3,3,3,False,0.03857373933452335,-3.996802888650564e-17,0.0056003380897874785,0.05855873233707356,0.002428706259852434,0.002428706259852434,0.29317580194711823,0.22831963001337674,0.6013506675953838,0.5520617756077184,0.3105757332528994,0.3105757332528994,-0.2916338050736257,-0.1579790117792094,-0.3988018403256812,-0.37222082342482987,-0.32007065055160144,-0.32007065055160144,-0.5784927664809435,0.12621233924773478,-0.4213487758063573,-0.45975630853597227,-0.5413542008338186,-0.5413542008338186
163,0.5416666666666666,0.25,3,3,3,False,0.03857373933452335,-3.996802888650564e-17,-0.01136051030185175,0.0546235193618351,0.00020363432128772674,0.00020363432128772674,0.29317580194711823,0.22831963001337674,0.4636028673738175,0.4419256543945951,0.3110327344672641,0.3110327344672641,-0.2916338050736257,-0.1579790117792094,-0.3556848111762103,-0.29973845573669483,-0.32006883196482294,-0.32006883196482294,-0.5784927664809435,0.12621233924773478,-0.5200684988057791,-0.5595854521264242,-0.5407622894189225,-0.5407622894189225
164,0.5833333333333333,0.25,3,3,3,False,0.03857373933452335,-3.996802888650564e-17,-0.020584637226771618,0.05088382936361139,-0.002590475816865473,-0.002590475816865473,0.29317580194711823,0.22831963001337674,0.36554276017480836,0.3583144235006044,0.3115827678468217,0.3115827678468217,-0.2916338050736257,-0.1579790117792094,-0.31773040726871776,-0.2901780332628859,-0.32009501324509027,-0.32009501324509027,-0.5784927664809435,0.12621233924773478,-0.5785619079372218,-0.6169916376441928,-0.5399002192779037,-0.5399002192779037
165,0.625,0.25,3,3,3,False,0.03857373933452335,-3.996802888650564e-17,-0.03839535884320721,0.04782833729627602,-0.00614352925261058,-0.00614352925261058,0.29317580194711823,0.22831963001337674,0.3265395859912339,0.29787936344321725,0.312213699846238,0.312213699846238,-0.2916338050736257,-0.1579790117792094,-0.30659812850602775,-0.30087048245490605,-0.3201650795577554,-0.3201650795577554,-0.5784927664809435,0.12621233924773478,-0.5930037509118469,-0.6267312591363943,-0.538597984286147,-0.538597984286147
166,0.6666666666666666,0.25,3,3,3,False,0.03857373933452335,-3.996802888650564e-17,-0.050966864399546376,0.04496016440901649,-0.010645773294164468,-0.010645773294164468,0.29317580194711823,0.22831963001337674,0.2961635498368565,0.285139971867552,0.31280388422661837,0.31280388422661837,-0.2916338050736257,-0.1579790117792094,-0.30582684164992047,-0.30552332893612,-0.3202852508150601,-0.3202852508150601,-0.5784927664809435,0.12621233924773478,-0.575419623358116,-0.5962714752147025,-0.5365572181858143,-0.5365572181858143
167,0.7083333333333333,0.25,3,3,3,False,0.03857373933452335,-3.996802888650564e-17,-0.05533829451947447,0.04263510173110708,-0.01599796945858059,-0.01599796945858059,0.29317580194711823,0.22831963001337674,0.28673699435410843,0.28335237089692944,0.3128045974802318,0.3128045974802318,-0.2916338050736257,-0.1579790117792094,-0.31599035323077324,-0.3139694267726042,-0.3203711311698621,-0.3203711311698621,-0.5784927664809435,0.12621233924773478,-0.5375850763240415,-0.5687624667275084,-0.5332782471770363,-0.5332782471770363
168,0.75,0.25,3,3,3,False,0.03857373933452335,-3.996802888650564e-17,-0.04421479549736682,0.04065798856350478,-0.015269266294220527,-0.015269266294220527,0.29317580194711823,0.22831963001337674,0.2921960806466093,0.29282756084064604,0.3109551552993058,0.3109551552993058,-0.2916338050736257,-0.1579790117792094,-0.328522302502939,-0.335996122872969,-0.3182597519568091,-0.3182597519568091,-0.5784927664809435,0.12621233924773478,-0.5022520274657276,-0.5435056306394375,-0.530508565410933,-0.530508565410933
169,0.7916666666666666,0.25,3,3,3,False,0.03857373933452335,-3.996802888650564e-17,-0.02411557109035185,0.03928473073121348,-0.008916369605452952,-0.008916369605452952,0.29317580194711823,0.22831963001337674,0.30581820870570214,0.30757857392453763,0.30950708553026307,0.30950708553026307,-0.2916338050736257,-0.1579790117792094,-0.3484308919232685,-0.3580056035100997,-0.3124515186176025,-0.3124515186176025,-0.5784927664809435,0.12621233924773478,-0.471564405060477,-0.5048081244534863,-0.5311641709565516,-0.5311641709565516
170,0.8333333333333333,0.25,3,3,3,False,0.03857373933452335,-3.996802888650564e-17,-0.00819338065054786,0.0383804580707408,-0.0037662554754415156,-0.0037662554754415156,0.29317580194711823,0.22831963001337674,0.316701176906185,0.32948741631366285,0.30863579432024524,0.30863579432024524,-0.2916338050736257,-0.1579790117792094,-0.3563809246683314,-0.35792349002679336,-0.30644592157700745,-0.30644592157700745,-0.5784927664809435,0.12621233924773478,-0.45965986228638195,-0.45501779870053616,-0.5324457333479629,-0.5324457333479629
171,0.875,0.25,3,3,3,False,0.03857373933452335,-3.996802888650564e-17,0.009398692974965605,0.037760683040374915,0.000238348534210224,0.000238348534210224,0.29317580194711823,0.22831963001337674,0.3204810888076666,0.33287447967872286,0.3080728622540081,0.3080728622540081,-0.2916338050736257,-0.1579790117792094,-0.3381215346784115,-0.3321035146484417,-0.3010848345566183,-0.3010848345566183,-0.5784927664809435,0.12621233924773478,-0.47946062281162727,-0.43890152591815446,-0.5337417440620776,-0.5337417440620776
172,0.9166666666666666,0.25,3,3,3,False,0.03857373933452335,-3.996802888650564e-17,0.02342188844381885,0.03702246197211375,0.0033620885362977172,0.0033620885362977172,0.29317580194711823,0.22831963001337674,0.3187056288414385,0.34011502832925006,0.30768920927435595,0.30768920927435595,-0.2916338050736257,-0.1579790117792094,-0.31085100830193135,-0.28904915557530975,-0.2964954482211343,-0.2964954482211343,-0.5784927664809435,0.12621233924773478,-0.5014727831394381,-0.482133033858414,-0.5348984054350747,-0.5348984054350747
173,0.9583333333333333,0.25,3,3,3,False,0.03857373933452335,-3.996802888650564e-17,0.03340715689290889,0.03657894582983424,0.005835825247801827,0.005835825247801827,0.29317580194711823,0.22831963001337674,0.3144443362816298,0.33560553281697453,0.30741646338006645,0.30741646338006645,-0.2916338050736257,-0.1579790117792094,-0.26602164563260183,-0.2736913712369582,-0.29260640439177454,-0.29260640439177454,-0.5784927664809435,0.12621233924773478,-0.5212530058955127,-0.5207147966130403,-0.5358945323212682,-0.5358945323212682
174,1.0,0.25,3,3,3,False,0.03857373933452335,-3.996802888650564e-17,0.03956153322150744,0.036158312635319156,0.007829400205240502,0.007829400205240502,0.29317580194711823,0.22831963001337674,0.3072017393141849,0.33712794596543,0.30721577359594104,0.30721577359594104,-0.2916338050736257,-0.1579790117792094,-0.21483003582505025,-0.26771296345687856,-0.28930602190313626,-0.28930602190313626,-0.5784927664809435,0.12621233924773478,-0.539179757868545,-0.5610594244658259,-0.5367452935224148,-0.5367452935224148
175,0.0,0.29166666666666663,1,2,2,False,0.08122092484441946,-3.996802888650564e-17,0.11691458601348809,0.09006103957790654,0.10726812311211338,0.10396330463509776,0.8795274058413546,0.22831963001337674,0.8217190813407068,0.7951607989754075,0.8232126174226156,0.8209389558630406,-0.5832676101472514,-0.1579790117792094,-0.6046586003302197,-0.5950318700009947,-0.6253367385092075,-0.6242770609083911,0.28924638324047175,0.12621233924773478,0.33884221408283516,0.33297760349003935,0.3294937848124668,0.3328537001561378
176,0.041666666666666664,0.29166666666666663,1,2,2,False,0.08122092484441946,-3.996802888650564e-17,0.13217601562735326,0.0889743988820835,0.10642861252211541,0.1029539645666618,0.8795274058413546,0.22831963001337674,0.826307293002185,0.7920790795260085,0.8226986074730116,0.8203005412554489,-0.5832676101472514,-0.1579790117792094,-0.6008533411830862,-0.5991871344917415,-0.6248676767385697,-0.6237545695945195,0.28924638324047175,0.12621233924773478,0.3454151328746036,0.3355850629598419,0.3297564063609249,0.33330334300973713
177,0.08333333333333333,0.29166666666666663,1,2,2,False,0.08122092484441946,-3.996802888650564e-17,0.15111224973497037,0.08743913570527909,0.10550864479757026,0.10185046317157026,0.8795274058413546,0.22831963001337674,0.8327233424441317,0.7903814851779312,0.8221646530514342,0.8196312007664697,-0.5832676101472514,-0.1579790117792094,-0.5966137626891443,-0.6057385999425233,-0.6243433532020368,-0.6231732531819899,0.28924638324047175,0.12621233924773478,0.35338155234742424,0.3392542534078481,0.3299367478774594,0.3336884969684679
178,0.125,0.29166666666666663,1,2,2,False,0.08122092484441946,-3.996802888650564e-17,0.1691153121575288,0.0862349260538931,0.10450015732226037,0.1006436481006104,0.8795274058413546,0.22831963001337674,0.8382186203243668,0.8096493787102887,0.8216142682258987,0.8189333532865044,-0.5832676101472514,-0.1579790117792094,-0.5924455082997259,-0.608234998468763,-0.6237552367409489,-0.6225244592802737,0.28924638324047175,0.12621233924773478,0.35897840148290233,0.34321683542847337,0.3300129080650721,0.3339895189783748
179,0.16666666666666666,0.29166666666666663,1,2,2,False,0.08122092484441946,-3.996802888650564e-17,0.18058705944655423,0.08495372138637675,0.10339492570052619,0.0993242076733583,0.8795274058413546,0.22831963001337674,0.8466642599712357,0.8317341725997374,0.8210529385726717,0.81821130924932,-0.5832676101472514,-0.1579790117792094,-0.5872322971725223,-0.5937244715691262,-0.6230934512319866,-0.6217982463827958,0.28924638324047175,0.12621233924773478,0.3552768775315256,0.36596582793216575,0.3299582125301876,0.33418233177045953
180,0.20833333333333331,0.29166666666666663,1,2,2,False,0.08122092484441946,-3.996802888650564e-17,0.16538060928917772,0.08302533472747757,0.10218497218024643,0.09788312237608403,0.8795274058413546,0.22831963001337674,0.8511160645919599,0.8467054231996162,0.8204887959334795,0.8174719575587783,-0.5832676101472514,-0.1579790117792094,-0.5807043686576352,-0.5708138063935204,-0.6223466635243886,-0.6209832968528735,0.28924638324047175,0.12621233924773478,0.3348236791175698,0.38004073768532565,0.32974030692212597,0.3342375651486341
181,0.25,0.29166666666666663,1,2,2,False,0.08122092484441946,-3.996802888650564e-17,0.13609162381506776,0.08083836834916439,0.10066589215780229,0.0957126138271532,0.8795274058413546,0.22831963001337674,0.849631684804065,0.8526908269536513,0.8200756518602024,0.8165814918217338,-0.5832676101472514,-0.1579790117792094,-0.5739411345771264,-0.5568509530775457,-0.6219041397691627,-0.620191218964576,0.28924638324047175,0.12621233924773478,0.3100354267469078,0.371653483410782,0.3288650023013922,0.3341074804021168
182,0.29166666666666663,0.29166666666666663,1,2,2,False,0.08122092484441946,-3.996802888650564e-17,0.11222369382637011,0.07800817418264881,0.099274415358707,0.09368437699502909,0.8795274058413546,0.22831963001337674,0.8471861820497911,0.8485339009745484,0.8197189256870943,0.8157539340124546,-0.5832676101472514,-0.1579790117792094,-0.5636977980570731,-0.5615806635565084,-0.6214491967202218,-0.619378576764394,0.28924638324047175,0.12621233924773478,0.27111859736027977,0.339155371591017,0.32796515058059955,0.3339469205104368
183,0.3333333333333333,0.29166666666666663,1,2,2,False,0.08122092484441946,-3.996802888650564e-17,0.09748376253666416,0.07462883241654616,0.09800027839485267,0.09179264024050092,0.8795274058413546,0.22831963001337674,0.8456856722987444,0.8238403800606833,0.8194118015513784,0.8149865773307478,-0.5832676101472514,-0.1579790117792094,-0.5335360082901311,-0.5826460889033889,-0.6209886702225473,-0.6185573994935083,0.28924638324047175,0.12621233924773478,0.1900464829452148,0.270296913043347,0.32705437341847504,0.33376278930353964
184,0.375,0.29166666666666663,1,2,2,False,0.08122092484441946,-3.996802888650564e-17,0.08045720757993174,0.07011192410450777,0.09683343431417503,0.09003021044168191,0.8795274058413546,0.22831963001337674,0.8345430158778446,0.7797484920210296,0.8191480364714148,0.8142760005117331,-0.5832676101472514,-0.1579790117792094,-0.4692216986166973,-0.6082331221521343,-0.6205278812522523,-0.6177369603796898,0.28924638324047175,0.12621233924773478,0.05116793942201656,0.14122587750865084,0.3261431676591313,0.3335608384583284
185,0.41666666666666663,0.29166666666666663,1,2,2,True,0.08122092484441946,-3.996802888650564e-17,0.044611812472919544,0.06581562716225475,0.09576430827587887,0.08838915667811505,0.8795274058413546,0.22831963001337674,0.7955173808406836,0.7258362404854359,0.8189220155891155,0.8136184272049654,-0.5832676101472514,-0.1579790117792094,-0.40789742112203925,-0.5925029941186075,-0.6200709107632999,-0.6169243064961105,0.28924638324047175,0.12621233924773478,-0.11403689208131067,-0.047281196451876145,0.3252395187358607,0.3333458242004367
186,0.4583333333333333,0.29166666666666663,3,3,3,True,0.03857373933452335,-3.996802888650564e-17,0.0023757384737559104,0.061164883209905783,0.002673710683025521,0.002673710683025521,0.29317580194711823,0.22831963001337674,0.719743842781497,0.6470988887002194,0.3136939626922276,0.3136939626922276,-0.2916338050736257,-0.1579790117792094,-0.3888000607254629,-0.5232718581921219,-0.31999944555954896,-0.31999944555954896,-0.5784927664809435,0.12621233924773478,-0.2750227528100923,-0.24161346694947491,-0.5402281591312705,-0.5402281591312705
187,0.5,0.29166666666666663,3,3,3,False,0.03857373933452335,-3.996802888650564e-17,-0.026078824901502432,0.05661736938908628,0.000901674548628717,0.000901674548628717,0.29317580194711823,0.22831963001337674,0.6059792150575876,0.5211720296611011,0.3143053091401333,0.3143053091401333,-0.2916338050736257,-0.1579790117792094,-0.3675977788192909,-0.4252510516596728,-0.3199533921860141,-0.3199533921860141,-0.5784927664809435,0.12621233924773478,-0.4086379004963648,-0.3898212906364236,-0.539793801459703,-0.539793801459703
188,0.5416666666666666,0.29166666666666663,3,3,3,False,0.03857373933452335,-3.996802888650564e-17,-0.040171429348205424,0.05237119680154967,-0.0012217880152515515,-0.0012217880152515515,0.29317580194711823,0.22831963001337674,0.46880601859047677,0.37723773366160424,0.31499722794955565,0.31499722794955565,-0.2916338050736257,-0.1579790117792094,-0.34899385814594075,-0.338943836314055,-0.31990210976415046,-0.31990210976415046,-0.5784927664809435,0.12621233924773478,-0.5011871181621866,-0.49580259804697535,-0.5392430166353721,-0.5392430166353721
189,0.5833333333333333,0.29166666666666663,3,3,3,False,0.03857373933452335,-3.996802888650564e-17,-0.03298720365507076,0.0484582475987578,-0.0037817361498774654,-0.0037817361498774654,0.29317580194711823,0.22831963001337674,0.37425060556259915,0.2725996898255517,0.31575333448344445,0.31575333448344445,-0.2916338050736257,-0.1579790117792094,-0.3269874217404849,-0.3138181715441707,-0.31983847708123586,-0.31983847708123586,-0.5784927664809435,0.12621233924773478,-0.5587379070991209,-0.5788986399651939,-0.5385338975116636,-0.5385338975116636
190,0.625,0.29166666666666663,3,3,3,False,0.03857373933452335,-3.996802888650564e-17,-0.033443789815964416,0.045408273704415386,-0.006858528942987982,-0.006858528942987982,0.29317580194711823,0.22831963001337674,0.34331943091481987,0.2471828749240793,0.3165004703926927,0.3165004703926927,-0.2916338050736257,-0.1579790117792094,-0.3128023224584275,-0.3109695437466388,-0.3197408387309624,-0.3197408387309624,-0.5784927664809435,0.12621233924773478,-0.5896262526088953,-0.6276245502963405,-0.5376116422619526,-0.5376116422619526
191,0.6666666666666666,0.29166666666666663,3,3,3,False,0.03857373933452335,-3.996802888650564e-17,-0.03793773389968081,0.04230847989049113,-0.010453513215840732,-0.010453513215840732,0.29317580194711823,0.22831963001337674,0.3276050217331441,0.2762457902295306,0.317006753931422,0.317006753931422,-0.2916338050736257,-0.1579790117792094,-0.30478375250499806,-0.3051648758445824,-0.3195442573120475,-0.3195442573120475,-0.5784927664809435,0.12621233924773478,-0.5900519133188226,-0.6230621535790337,-0.5364188069278459,-0.5364188069278459
192,0.7083333333333333,0.29166666666666663,3,3,3,False,0.03857373933452335,-3.996802888650564e-17,-0.037473562314094204,0.040490831817574555,-0.014232657608911875,-0.014232657608911875,0.29317580194711823,0.22831963001337674,0.32048224468640774,0.30195598660062495,0.31661057101902096,0.31661057101902096,-0.2916338050736257,-0.1579790117792094,-0.3080068845837907,-0.3027594324314241,-0.31905793316982595,-0.31905793316982595,-0.5784927664809435,0.12621233924773478,-0.562158523365733,-0.5986465805006911,-0.5349505819068622,-0.5349505819068622
193,0.75,0.29166666666666663,3,3,3,False,0.03857373933452335,-3.996802888650564e-17,-0.031088576796857153,0.03910060589094357,-0.013267076476044595,-0.013267076476044595,0.29317580194711823,0.22831963001337674,0.3144420534536432,0.3199350843716714,0.3137500695794885,0.3137500695794885,-0.2916338050736257,-0.1579790117792094,-0.3209701313882889,-0.3103671296630902,-0.31710307443141644,-0.31710307443141644,-0.5784927664809435,0.12621233924773478,-0.5192699936886698,-0.5620120939510242,-0.5342635652690569,-0.5342635652690569
194,0.7916666666666666,0.29166666666666663,3,3,3,False,0.03857373933452335,-3.996802888650564e-17,-0.022096740878916034,0.03810551297432545,-0.008243519589059285,-0.008243519589059285,0.29317580194711823,0.22831963001337674,0.30803484806036835,0.3207126114013063,0.31131637785904476,0.31131637785904476,-0.2916338050736257,-0.1579790117792094,-0.33701073075107796,-0.31048561262413693,-0.3126630391338274,-0.3126630391338274,-0.5784927664809435,0.12621233924773478,-0.4791762626147352,-0.5155393064930773,-0.5351259315752201,-0.5351259315752201
195,0.8333333333333333,0.29166666666666663,3,3,3,False,0.03857373933452335,-3.996802888650564e-17,-0.014243847042786705,0.03723455423030526,-0.003921153589779767,-0.003921153589779767,0.29317580194711823,0.22831963001337674,0.3072092073298779,0.31707516708841965,0.3098600741259862,0.3098600741259862,-0.2916338050736257,-0.1579790117792094,-0.3429027403475707,-0.2999376950249082,-0.30774192533618056,-0.30774192533618056,-0.5784927664809435,0.12621233924773478,-0.4676794733766845,-0.46816641764315,-0.5362137379525447,-0.5362137379525447
196,0.875,0.29166666666666663,3,3,3,False,0.03857373933452335,-3.996802888650564e-17,0.003641111463795857,0.036674273306714814,-0.00038187564811291083,-0.00038187564811291083,0.29317580194711823,0.22831963001337674,0.29704298277992497,0.3126554449192105,0.3089282286193569,0.3089282286193569,-0.2916338050736257,-0.1579790117792094,-0.314131578022087,-0.31525034827505505,-0.3030959442347113,-0.3030959442347113,-0.5784927664809435,0.12621233924773478,-0.48206282516889754,-0.4740780468045219,-0.5372359415996661,-0.5372359415996661
197,0.9166666666666666,0.29166666666666663,3,3,3,False,0.03857373933452335,-3.996802888650564e-17,0.016100160905393554,0.036129406366838854,0.0024924696194554407,0.0024924696194554407,0.29317580194711823,0.22831963001337674,0.2817271839754261,0.3181512586800033,0.30829966045556034,0.30829966045556034,-0.2916338050736257,-0.1579790117792094,-0.24902633256602724,-0.35062242713864467,-0.2989422422304414,-0.2989422422304414,-0.5784927664809435,0.12621233924773478,-0.5061783368142408,-0.5291371658529896,-0.5381237330919273,-0.5381237330919273
198,0.9583333333333333,0.29166666666666663,3,3,3,False,0.03857373933452335,-3.996802888650564e-17,0.024494407951957325,0.03544351251726314,0.004840444715537446,0.004840444715537446,0.29317580194711823,0.22831963001337674,0.2763235638057345,0.313306533612665,0.3078575714053761,0.3078575714053761,-0.2916338050736257,-0.1579790117792094,-0.19234084409359847,-0.3484975027567451,-0.2953010534898836,-0.2953010534898836,-0.5784927664809435,0.12621233924773478,-0.5285449241557808,-0.5677532566480317,-0.53887671736173,-0.53887671736173
199,1.0,0.29166666666666663,3,3,3,False,0.03857373933452335,-3.996802888650564e-17,0.030945079560836863,0.034963740333496175,0.006778805622030481,0.006778805622030481,0.29317580194711823,0.22831963001337674,0.2719857408288041,0.309820876545412,0.30753597256979537,0.30753597256979537,-0.2916338050736257,-0.1579790117792094,-0.14195877403644058,-0.3118759689846028,-0.2921268578092963,-0.2921268578092963,-0.5784927664809435,0.12621233924773478,-0.546624705733076,-0.6053996183329012,-0.5395126889911503,-0.5395126889911503
200,0.0,0.3333333333333333,1,2,2,False,0.08122092484441946,-3.996802888650564e-17,0.09344088947899987,0.0894412121306275,0.10645697841090873,0.10297438653992129,0.8795274058413546,0.22831963001337674,0.8445380164673137,0.8269827383373864,0.8250524910993307,0.8226157871427635,-0.5832676101472514,-0.1579790117792094,-0.6071455290246978,-0.5978119789540297,-0.6264898200656016,-0.6253885484154503,0.28924638324047175,0.12621233924773478,0.33021051469400514,0.3258067490434729,0.33026875924284427,0.3338523666909238
201,0.041666666666666664,0.3333333333333333,1,2,2,False,0.08122092484441946,-3.996802888650564e-17,0.1073364937243794,0.08830892246672692,0.10550620624412338,0.101822787085719,0.8795274058413546,0.22831963001337674,0.853548257461245,0.8298848940660271,0.8244900502118806,0.8219022418172641,-0.5832676101472514,-0.1579790117792094,-0.60556804813229,-0.6119997387786213,-0.6260370585274635,-0.6248746799786409,0.28924638324047175,0.12621233924773478,0.33819287768272716,0.3243784118819346,0.3306747029045173,0.3344824126584273
202,0.08333333333333333,0.3333333333333333,1,2,2,False,0.08122092484441946,-3.996802888650564e-17,0.12573507389968905,0.08717418522899098,0.10445487085060738,0.10055228984511665,0.8795274058413546,0.22831963001337674,0.8637463127656128,0.8416790938576647,0.8238953038790013,0.821141239360196,-0.5832676101472514,-0.1579790117792094,-0.6049122774532901,-0.6303596337757407,-0.6255224179691585,-0.6242944461942341,0.28924638324047175,0.12621233924773478,0.3494405441892275,0.3325671946750669,0.3309955756300157,0.33505129730612104
203,0.125,0.3333333333333333,1,2,2,False,0.08122092484441946,-3.996802888650564e-17,0.14044691805710172,0.08585108910714348,0.103291432623192,0.099149650980489,0.8795274058413546,0.22831963001337674,0.8739132558913643,0.8575029309945958,0.8232709516401063,0.8203337355927516,-0.5832676101472514,-0.1579790117792094,-0.6071052530170463,-0.6312409498552509,-0.6249346759150872,-0.6236364608648838,0.28924638324047175,0.12621233924773478,0.3597167807467604,0.3479987017682191,0.3312035216984657,0.33553457679371534
204,0.16666666666666666,0.3333333333333333,1,2,2,False,0.08122092484441946,-3.996802888650564e-17,0.15228398990472147,0.08405576102217799,0.1020039160205644,0.09760116663892715,0.8795274058413546,0.22831963001337674,0.8812806726598836,0.878659477852983,0.8226222471870785,0.8194830834527806,-0.5832676101472514,-0.1579790117792094,-0.6117175043011505,-0.6080768798701777,-0.6242604612873478,-0.6228872788497353,0.28924638324047175,0.12621233924773478,0.37121301454622474,0.38104818116591915,0.33126351277166444,0.3359012136149707
205,0.20833333333333331,0.3333333333333333,1,2,2,False,0.08122092484441946,-3.996802888650564e-17,0.14243896129780823,0.08201619852473069,0.10058055285494932,0.0958933898740735,0.8795274058413546,0.22831963001337674,0.8641981367192145,0.8731774712300949,0.8219580863706311,0.8185961400530435,-0.5832676101472514,-0.1579790117792094,-0.6046421132672183,-0.5696040014040529,-0.623483976537849,-0.6220311628264826,0.28924638324047175,0.12621233924773478,0.3661298867036338,0.401017885975886,0.33113170373965084,0.3361120277094579
206,0.25,0.3333333333333333,1,2,2,False,0.08122092484441946,-3.996802888650564e-17,0.11661755529641721,0.07992366618784424,0.09895643193180828,0.09353409376535919,0.8795274058413546,0.22831963001337674,0.8520083841836328,0.8601670326636354,0.8214000396599969,0.8174895258461286,-0.5832676101472514,-0.1579790117792094,-0.5916118010749728,-0.5463552660020466,-0.6229449325646363,-0.6210921936023991,0.28924638324047175,0.12621233924773478,0.34150871653399884,0.3937178991337532,0.3300542251562867,0.33589099083128987
207,0.29166666666666663,0.3333333333333333,1,2,2,False,0.08122092484441946,-3.996802888650564e-17,0.09414897101282162,0.07734374707982278,0.09748902117005268,0.09135514250956178,0.8795274058413546,0.22831963001337674,0.8399911580701928,0.8406857739064981,0.8209226319930942,0.8164766330592406,-0.5832676101472514,-0.1579790117792094,-0.575196629849318,-0.5569021690870964,-0.6223926839476576,-0.6201323585433683,0.28924638324047175,0.12621233924773478,0.3014569115368868,0.34976644136460283,0.3289556886003293,0.3356344148602893
208,0.3333333333333333,0.3333333333333333,1,2,2,False,0.08122092484441946,-3.996802888650564e-17,0.07736542927910027,0.07360978978201595,0.09616331331146455,0.08934629528204142,0.8795274058413546,0.22831963001337674,0.8274226961075676,0.8037624452679155,0.8205148013479149,0.815551067816026,-0.5832676101472514,-0.1579790117792094,-0.5375992976394722,-0.5882732272672118,-0.6218367394087534,-0.6191677984740046,0.28924638324047175,0.12621233924773478,0.21533550652319636,0.2675700257313558,0.32785410061684095,0.33535241799439264
209,0.375,0.3333333333333333,1,2,2,False,0.08122092484441946,-3.996802888650564e-17,0.0559896958805723,0.06923490748624478,0.09496499100270098,0.08749582106609514,0.8795274058413546,0.22831963001337674,0.7947460230401638,0.755516767585725,0.8201667018751702,0.8147058507830095,-0.5832676101472514,-0.1579790117792094,-0.4616087755491296,-0.6280203622654555,-0.6212841978884391,-0.618210460025796,0.28924638324047175,0.12621233924773478,0.08808113552068902,0.11776016400737084,0.32676266696345446,0.3350531014128456
210,0.41666666666666663,0.3333333333333333,1,2,2,True,0.08122092484441946,-3.996802888650564e-17,0.017826694879916345,0.06444483857423128,0.09388074992111178,0.08579148377538146,0.8795274058413546,0.22831963001337674,0.7335581622169504,0.6922484542386984,0.8198697168563925,0.8139339292747514,-0.5832676101472514,-0.1579790117792094,-0.3728856654113067,-0.6190525678108065,-0.6207402515080758,-0.6172690076967697,0.28924638324047175,0.12621233924773478,-0.06443220017296891,-0.058477491272959495,0.3256908772664642,0.33474288738231817
211,0.4583333333333333,0.3333333333333333,3,3,3,True,0.03857373933452335,-3.996802888650564e-17,-0.023181119522798502,0.059289790301624054,0.0013007393572003617,0.0013007393572003617,0.29317580194711823,0.22831963001337674,0.6268243517609744,0.5930647240590107,0.3164699494244939,0.3164699494244939,-0.2916338050736257,-0.1579790117792094,-0.31339347614977403,-0.5412030746576093,-0.3199076743450294,-0.3199076743450294,-0.5784927664809435,0.12621233924773478,-0.19435288560849756,-0.21301936003917227,-0.539138365928673,-0.539138365928673
212,0.5,0.3333333333333333,3,3,3,False,0.03857373933452335,-3.996802888650564e-17,-0.04745606547512001,0.054281665992388387,-0.0004137613791533462,-0.0004137613791533462,0.29317580194711823,0.22831963001337674,0.48221196586411375,0.4472831765619071,0.3171760934945489,0.3171760934945489,-0.2916338050736257,-0.1579790117792094,-0.29060504542828003,-0.45442069816022584,-0.31983489191782943,-0.31983489191782943,-0.5784927664809435,0.12621233924773478,-0.2941086595960258,-0.35354064166488686,-0.5387537940718261,-0.5387537940718261
213,0.5416666666666666,0.3333333333333333,3,3,3,False,0.03857373933452335,-3.996802888650564e-17,-0.04843088134087146,0.04966357307827428,-0.0024093343205343065,-0.0024093343205343065,0.29317580194711823,0.22831963001337674,0.34881565680676957,0.3070712209024418,0.31793054796332615,0.31793054796332615,-0.2916338050736257,-0.1579790117792094,-0.31095132762642813,-0.37604073961340984,-0.31974084695114235,-0.31974084695114235,-0.5784927664809435,0.12621233924773478,-0.3931862551806885,-0.465289234055826,-0.5383101302827095,-0.5383101302827095
214,0.5833333333333333,0.3333333333333333,3,3,3,False,0.03857373933452335,-3.996802888650564e-17,-0.030165186466751155,0.04566454357365475,-0.004724726084617326,-0.004724726084617326,0.29317580194711823,0.22831963001337674,0.29791930334693845,0.22618346251967927,0.31868800249389195,0.31868800249389195,-0.2916338050736257,-0.1579790117792094,-0.3208628373044706,-0.33639776591609544,-0.3196079912161846,-0.3196079912161846,-0.5784927664809435,0.12621233924773478,-0.4816585665207735,-0.5558111331662237,-0.5378053389139733,-0.5378053389139733
215,0.625,0.3333333333333333,3,3,3,False,0.03857373933452335,-3.996802888650564e-17,-0.02104602539321676,0.042585229163592565,-0.007366842273022672,-0.007366842273022672,0.29317580194711823,0.22831963001337674,0.3128846010305151,0.21856383130007034,0.31933229003138175,0.31933229003138175,-0.2916338050736257,-0.1579790117792094,-0.3087680793708408,-0.31863612792381174,-0.31939860249155405,-0.31939860249155405,-0.5784927664809435,0.12621233924773478,-0.5509865941869089,-0.6160501534856155,-0.5372536007605262,-0.5372536007605262
216,0.6666666666666666,0.3333333333333333,3,3,3,False,0.03857373933452335,-3.996802888650564e-17,-0.015652959069937255,0.04014116838425819,-0.0102358563628474,-0.0102358563628474,0.29317580194711823,0.22831963001337674,0.3341118880812902,0.2570842323600738,0.3195868110077065,0.3195868110077065,-0.2916338050736257,-0.1579790117792094,-0.2934043215142756,-0.30133166841531334,-0.31902878568923787,-0.31902878568923787,-0.5784927664809435,0.12621233924773478,-0.595455591967645,-0.6350643714804811,-0.5367145710181571,-0.5367145710181571
217,0.7083333333333333,0.3333333333333333,3,3,3,False,0.03857373933452335,-3.996802888650564e-17,-0.01843936965554123,0.03840093479561214,-0.012930830163392124,-0.012930830163392124,0.29317580194711823,0.22831963001337674,0.33267182692304437,0.298591955818628,0.3188246003140732,0.3188246003140732,-0.2916338050736257,-0.1579790117792094,-0.2880222272175875,-0.284520059296798,-0.31831135455518605,-0.31831135455518605,-0.5784927664809435,0.12621233924773478,-0.5847801641615196,-0.6115909373464101,-0.5363652243361668,-0.5363652243361668
218,0.75,0.3333333333333333,3,3,3,False,0.03857373933452335,-3.996802888650564e-17,-0.009901183973537654,0.03750203889195915,-0.011852565726477138,-0.011852565726477138,0.29317580194711823,0.22831963001337674,0.2970722186819021,0.3175428777573691,0.3156287026278923,0.3156287026278923,-0.2916338050736257,-0.1579790117792094,-0.2852791785924842,-0.271928480115858,-0.3165831011132941,-0.3165831011132941,-0.5784927664809435,0.12621233924773478,-0.5287077271098741,-0.5724775694780261,-0.5367647557758197,-0.5367647557758197
219,0.7916666666666666,0.3333333333333333,3,3,3,False,0.03857373933452335,-3.996802888650564e-17,-0.0012282959099712092,0.03677720748151721,-0.0077465838116510324,-0.0077465838116510324,0.29317580194711823,0.22831963001337674,0.26104634581897707,0.3056837390668392,0.3127892755551466,0.3127892755551466,-0.2916338050736257,-0.1579790117792094,-0.28136277705266327,-0.25973693203622056,-0.3130434271241739,-0.3130434271241739,-0.5784927664809435,0.12621233924773478,-0.47647747723977724,-0.5257659194672604,-0.5377766021152782,-0.5377766021152782
220,0.8333333333333333,0.3333333333333333,3,3,3,False,0.03857373933452335,-3.996802888650564e-17,-0.0003392590492068975,0.03599076447185179,-0.004058157619482652,-0.004058157619482652,0.29317580194711823,0.22831963001337674,0.24102425923991957,0.27975710183325236,0.31100026202635556,0.31100026202635556,-0.2916338050736257,-0.1579790117792094,-0.2645489788204502,-0.2570040303899336,-0.30891501003150923,-0.30891501003150923,-0.5784927664809435,0.12621233924773478,-0.45724753409905616,-0.49658151215755436,-0.5388039412252652,-0.5388039412252652
221,0.875,0.3333333333333333,3,3,3,False,0.03857373933452335,-3.996802888650564e-17,0.006711631318865226,0.03530481990235474,-0.0009116940260058548,-0.0009116940260058548,0.29317580194711823,0.22831963001337674,0.2183743817997777,0.26552825146268627,0.30981319421286124,0.30981319421286124,-0.2916338050736257,-0.1579790117792094,-0.19121278052635185,-0.33471449493401995,-0.3048423733207246,-0.3048423733207246,-0.5784927664809435,0.12621233924773478,-0.47463477146223926,-0.5247397160184974,-0.5397094685979195,-0.5397094685979195
222,0.9166666666666666,0.3333333333333333,3,3,3,False,0.03857373933452335,-3.996802888650564e-17,0.014778574538066296,0.034831371211985374,0.0017317402820924699,0.0017317402820924699,0.29317580194711823,0.22831963001337674,0.2071552780194213,0.2677371542517416,0.3089910687222491,0.3089910687222491,-0.2916338050736257,-0.1579790117792094,-0.11239861859986738,-0.4124321464679156,-0.30106953606636855,-0.30106953606636855,-0.5784927664809435,0.12621233924773478,-0.49488443959896955,-0.5722538526939114,-0.5404707771298308,-0.5404707771298308
223,0.9583333333333333,0.3333333333333333,3,3,3,False,0.03857373933452335,-3.996802888650564e-17,0.020843430151496034,0.034424853957006854,0.003950693488669147,0.003950693488669147,0.29317580194711823,0.22831963001337674,0.20626510599853565,0.25971036395388347,0.30840138908404074,0.30840138908404074,-0.2916338050736257,-0.1579790117792094,-0.047395032771463355,-0.3185207282656039,-0.2976662490161578,-0.2976662490161578,-0.5784927664809435,0.12621233924773478,-0.5114113250175784,-0.619721647882446,-0.5411015243941327,-0.5411015243941327
224,1.0,0.3333333333333333,3,3,3,False,0.03857373933452335,-3.996802888650564e-17,0.027254448767818212,0.03401032639899207,0.005822959155323905,0.005822959155323905,0.29317580194711823,0.22831963001337674,0.20576519071655192,0.2583164377888066,0.30796604187731974,0.30796604187731974,-0.2916338050736257,-0.1579790117792094,0.004972104758883374,-0.22443712800825993,-0.29462980695892993,-0.29462980695892993,-0.5784927664809435,0.12621233924773478,-0.5244626180846953,-0.6406280651614884,-0.5416234709256477,-0.5416234709256477
225,0.0,0.375,1,2,2,False,0.08122092484441946,-3.996802888650564e-17,0.07687076008828976,0.088776674726458,0.105445362116342,0.10175162837723231,0.8795274058413546,0.22831963001337674,0.8588893428378352,0.8478399273829924,0.8272655374196906,0.8246297345678723,-0.5832676101472514,-0.1579790117792094,-0.6117231377389177,-0.609588163685137,-0.6279123228226642,-0.6267597519030066,0.28924638324047175,0.12621233924773478,0.3181143855051623,0.31316382476580246,0.33114434744649024,0.33500009873940273
226,0.041666666666666664,0.375,1,2,2,False,0.08122092484441946,-3.996802888650564e-17,0.08996795323873966,0.08784464913062724,0.10435164485482029,0.10041668679330176,0.8795274058413546,0.22831963001337674,0.87047799386383,0.8564749158621252,0.8266453827061018,0.8238224578273884,-0.5832676101472514,-0.1579790117792094,-0.6112806962481202,-0.6273030476480184,-0.6275007207170616,-0.6262769738897551,0.28924638324047175,0.12621233924773478,0.32595604201877443,0.30820255199012264,0.3317524675155651,0.33588168479583164
227,0.08333333333333333,0.375,1,2,2,False,0.08122092484441946,-3.996802888650564e-17,0.10889260171124916,0.0866487410361492,0.10312938200837876,0.09892806935214582,0.8795274058413546,0.22831963001337674,0.8840793643695217,0.875976233347588,0.8259729807695687,0.8229414427436574,-0.5832676101472514,-0.1579790117792094,-0.6132456402896417,-0.649264330161173,-0.6270219689783489,-0.6257212024463708,0.28924638324047175,0.12621233924773478,0.3386032724831945,0.32221658937791775,0.33227912713010693,0.33671478390756315
228,0.125,0.375,1,2,2,False,0.08122092484441946,-3.996802888650564e-17,0.1271135255786152,0.08508654668878156,0.10176154486978903,0.09726600685995468,0.8795274058413546,0.22831963001337674,0.8982300127169057,0.8846276010676251,0.8252485034089563,0.8219839994007622,-0.5832676101472514,-0.1579790117792094,-0.6209681585365807,-0.6539010438021795,-0.6264614193449485,-0.6250775438775145,0.28924638324047175,0.12621233924773478,0.3541069180114218,0.34226068053051795,0.33268912729320016,0.3374695108210518
229,0.16666666666666666,0.375,1,2,2,False,0.08122092484441946,-3.996802888650564e-17,0.14024415485698033,0.08352752280771955,0.10023009463400719,0.09540963571685786,0.8795274058413546,0.22831963001337674,0.9034846077763158,0.9006698944107276,0.8244752644583395,0.8209502729411913,-0.5832676101472514,-0.1579790117792094,-0.6313076578000909,-0.6263179093188629,-0.6258009632368997,-0.6243277883750749,0.28924638324047175,0.12621233924773478,0.37426643069712473,0.3893653592650272,0.33293628346147586,0.33810601245376326
230,0.20833333333333331,0.375,1,2,2,False,0.08122092484441946,-3.996802888650564e-17,0.13248786536387108,0.08131871419479395,0.0985170353713055,0.09333818620959705,0.8795274058413546,0.22831963001337674,0.8771934404416207,0.8803650541204979,0.8236615119668232,0.819845072010166,-0.5832676101472514,-0.1579790117792094,-0.6290782774493612,-0.5796810370862666,-0.6250183884582908,-0.6234498481127235,0.28924638324047175,0.12621233924773478,0.38129803230052034,0.4180769677932058,0.33296033156190985,0.33857156389793663
231,0.25,0.375,1,2,2,False,0.08122092484441946,-3.996802888650564e-17,0.11321404307755414,0.07870165681805917,0.09679281147831656,0.09077599906386644,0.8795274058413546,0.22831963001337674,0.8512057449680185,0.8534169741959021,0.8229091731477398,0.8184541883869155,-0.5832676101472514,-0.1579790117792094,-0.613550735782335,-0.5564826951416564,-0.6243379666830083,-0.6223037507991346,0.28924638324047175,0.12621233924773478,0.3667740129674933,0.4065012019445075,0.3315964284573491,0.3382054725861633
232,0.29166666666666663,0.375,1,2,2,False,0.08122092484441946,-3.996802888650564e-17,0.095191338050931,0.0756419023231158,0.09526275012455127,0.08844554923376483,0.8795274058413546,0.22831963001337674,0.822351418303544,0.8231533954551684,0.822273907945538,0.8172044522459598,-0.5832676101472514,-0.1579790117792094,-0.591067750195961,-0.5778586818923795,-0.6236450043840925,-0.6211390765871623,0.28924638324047175,0.12621233924773478,0.3375699847995829,0.3524144984025342,0.3302209590058961,0.3377988719267748
233,0.3333333333333333,0.375,1,2,2,False,0.08122092484441946,-3.996802888650564e-17,0.08302599858828333,0.07211611063362368,0.09390446935654209,0.0863289340466953,0.8795274058413546,0.22831963001337674,0.7747596849586906,0.7813576981596374,0.821737370852257,0.8160824268182395,-0.5832676101472514,-0.1579790117792094,-0.5428654389259925,-0.6141966831129495,-0.6229531096734037,-0.6199780393631246,0.28924638324047175,0.12621233924773478,0.2777708573607336,0.25743283723589,0.3288581825829744,0.33736715397079964
234,0.375,0.375,1,2,2,False,0.08122092484441946,-3.996802888650564e-17,0.04995972991680966,0.06763893402462001,0.09269727353171514,0.08440707399554298,0.8795274058413546,0.22831963001337674,0.6978221699469899,0.7198615619661323,0.8212837638626691,0.8150747071563574,-0.5832676101472514,-0.1579790117792094,-0.46079938218750643,-0.6101339915913536,-0.6222718792454642,-0.6188361881785971,0.28924638324047175,0.12621233924773478,0.17883820717666127,0.11785483937581379,0.32752466835128646,0.3369219764493929
235,0.41666666666666663,0.375,1,1,2,True,0.08122092484441946,-3.996802888650564e-17,-0.005272721561311721,0.06252993326563323,0.09162251380347287,0.0826611070692132,0.8795274058413546,0.22831963001337674,0.5953940072443832,0.612725820032009,0.8208996907131798,0.8141686083824761,-0.5832676101472514,-0.1579790117792094,-0.3421243387349455,-0.5443828246730203,-0.6216078720381759,-0.6177240684096721,0.28924638324047175,0.12621233924773478,0.06378800728351113,-0.027608845796204425,0.3262313225059714,0.33647203995096886
236,0.4583333333333333,0.375,3,1,3,True,0.03857373933452335,-3.996802888650564e-17,-0.05474268383984971,0.0570209462363222,0.00010882022365084343,0.00010882022365084343,0.29317580194711823,0.22831963001337674,0.4551266714139957,0.45748687424557855,0.31866904628659154,0.31866904628659154,-0.2916338050736257,-0.1579790117792094,-0.24082639859797303,-0.44889352049814724,-0.3198160912455956,-0.3198160912455956,-0.5784927664809435,0.12621233924773478,-0.04118593196763357,-0.14421083318679292,-0.5383804771344284,-0.5383804771344284
237,0.5,0.375,3,1,3,False,0.03857373933452335,-3.996802888650564e-17,-0.08114056197801875,0.05159011918090544,-0.0015262334615985251,-0.0015262334615985251,0.29317580194711823,0.22831963001337674,0.2960180912647341,0.2994492117639356,0.31938156154831726,0.31938156154831726,-0.2916338050736257,-0.1579790117792094,-0.19970799273160897,-0.38061709652134,-0.3197199923523859,-0.3197199923523859,-0.5784927664809435,0.12621233924773478,-0.12115612567075189,-0.2752324870079906,-0.5380757743007037,-0.5380757743007037
238,0.5416666666666666,0.375,3,1,3,False,0.03857373933452335,-3.996802888650564e-17,-0.0652987977849115,0.046929970920253895,-0.00337769813992618,-0.00337769813992618,0.29317580194711823,0.22831963001337674,0.1819173168808864,0.20665704663835832,0.32009981460520426,0.32009981460520426,-0.2916338050736257,-0.1579790117792094,-0.22453782300647596,-0.3511689098392465,-0.31959185772093207,-0.31959185772093207,-0.5784927664809435,0.12621233924773478,-0.22275918372243153,-0.3969165040745568,-0.5377615946722513,-0.5377615946722513
239,0.5833333333333333,0.375,3,3,3,False,0.03857373933452335,-3.996802888650564e-17,-0.0333393498950115,0.043033787519481274,-0.005450823063876717,-0.005450823063876717,0.29317580194711823,0.22831963001337674,0.16763081754926068,0.17544758937491933,0.320757621005921,0.320757621005921,-0.2916338050736257,-0.1579790117792094,-0.2628167718148711,-0.3393602304949225,-0.3194097130678424,-0.3194097130678424,-0.5784927664809435,0.12621233924773478,-0.34960171244819804,-0.4904895038427957,-0.5374610687864165,-0.5374610687864165
240,0.625,0.375,3,3,3,False,0.03857373933452335,-3.996802888650564e-17,-0.01893347760691412,0.04015710580724794,-0.0077071058256877045,-0.0077071058256877045,0.29317580194711823,0.22831963001337674,0.22767868976341485,0.18329141371278362,0.32121679641876366,0.32121679641876366,-0.2916338050736257,-0.1579790117792094,-0.27319189352875944,-0.31543645476036547,-0.31913197529223103,-0.31913197529223103,-0.5784927664809435,0.12621233924773478,-0.4743232392674568,-0.5661052547922367,-0.5372253423985298,-0.5372253423985298
241,0.6666666666666666,0.375,3,3,3,False,0.03857373933452335,-3.996802888650564e-17,-0.00801892330105774,0.038128198257498865,-0.010000395058699096,-0.010000395058699096,0.29317580194711823,0.22831963001337674,0.268344679916509,0.223822970134953,0.3211980077366141,0.3211980077366141,-0.2916338050736257,-0.1579790117792094,-0.25988454308157777,-0.2831256297458457,-0.3186783540727833,-0.3186783540727833,-0.5784927664809435,0.12621233924773478,-0.5453825667374086,-0.6187197483041942,-0.5371636562274031,-0.5371636562274031
242,0.7083333333333333,0.375,3,3,3,False,0.03857373933452335,-3.996802888650564e-17,0.009995597231194196,0.03701075039892754,-0.011939528090906232,-0.011939528090906232,0.29317580194711823,0.22831963001337674,0.2526221909180514,0.26910276414909806,0.3201579664819697,0.3201579664819697,-0.2916338050736257,-0.1579790117792094,-0.2389668393603542,-0.24896351535074768,-0.3178953154612644,-0.3178953154612644,-0.5784927664809435,0.12621233924773478,-0.547809557199303,-0.6065224671328794,-0.5375029066804047,-0.5375029066804047
243,0.75,0.375,3,3,3,False,0.03857373933452335,-3.996802888650564e-17,0.02490781601423093,0.03600563358099789,-0.010822534700437321,-0.010822534700437321,0.29317580194711823,0.22831963001337674,0.20664379607559194,0.2756878438378638,0.3169206431674636,0.3169206431674636,-0.2916338050736257,-0.1579790117792094,-0.2207492199250812,-0.2135366071933076,-0.3163881906469644,-0.3163881906469644,-0.5784927664809435,0.12621233924773478,-0.4936946351248454,-0.5715390054581855,-0.5384852376746037,-0.5384852376746037
244,0.7916666666666666,0.375,3,3,3,False,0.03857373933452335,-3.996802888650564e-17,0.03437739510320326,0.03515722539769038,-0.007371823208663732,-0.007371823208663732,0.29317580194711823,0.22831963001337674,0.15945515668183896,0.24566443128123133,0.3139667550861114,0.3139667550861114,-0.2916338050736257,-0.1579790117792094,-0.1964366094071464,-0.17330041773191324,-0.3134745031551786,-0.3134745031551786,-0.5784927664809435,0.12621233924773478,-0.4494904150687663,-0.5183534962604731,-0.5396006829914047,-0.5396006829914047
245,0.8333333333333333,0.375,3,3,3,False,0.03857373933452335,-3.996802888650564e-17,0.02458181560542422,0.034469363315574576,-0.004174848148733267,-0.004174848148733267,0.29317580194711823,0.22831963001337674,0.12894383798381073,0.19235433099713292,0.3120083767496795,0.3120083767496795,-0.2916338050736257,-0.1579790117792094,-0.1308244896119559,-0.16576764465226132,-0.3099476518074568,-0.3099476518074568,-0.5784927664809435,0.12621233924773478,-0.442326129658424,-0.5064938314988293,-0.5406204806026738,-0.5406204806026738
246,0.875,0.375,3,3,3,False,0.03857373933452335,-3.996802888650564e-17,0.014238273172340379,0.034078582118703224,-0.001358853798045609,-0.001358853798045609,0.29317580194711823,0.22831963001337674,0.10955506078228598,0.16636183180897232,0.3106573476322857,0.3106573476322857,-0.2916338050736257,-0.1579790117792094,-0.041034922030361236,-0.20701733022290011,-0.306345723271573,-0.306345723271573,-0.5784927664809435,0.12621233924773478,-0.45193583755072686,-0.5439649819951171,-0.5414840816247416,-0.5414840816247416
247,0.9166666666666666,0.375,3,3,3,False,0.03857373933452335,-3.996802888650564e-17,0.013460132093920362,0.033616460914762294,0.0010742477019294334,0.0010742477019294334,0.29317580194711823,0.22831963001337674,0.10748699844845608,0.16592237857592584,0.3096928347544746,0.3096928347544746,-0.2916338050736257,-0.1579790117792094,0.047204281379066085,-0.20436571377692242,-0.30290967471571334,-0.30290967471571334,-0.5784927664809435,0.12621233924773478,-0.459998004426518,-0.5834187332500687,-0.5421934695415658,-0.5421934695415658
248,0.9583333333333333,0.375,3,3,3,False,0.03857373933452335,-3.996802888650564e-17,0.018939202867740663,0.033298336708517166,0.0031651790927612403,0.0031651790927612403,0.29317580194711823,0.22831963001337674,0.11474549488639106,0.1675912087715073,0.3089840846581613,0.3089840846581613,-0.2916338050736257,-0.1579790117792094,0.1100367269781562,-0.12594572065532572,-0.29973381498327595,-0.29973381498327595,-0.5784927664809435,0.12621233924773478,-0.470428890763588,-0.6381399139417974,-0.5427700779679417,-0.5427700779679417
249,1.0,0.375,3,3,3,False,0.03857373933452335,-3.996802888650564e-17,0.030360632092989885,0.033070795305501624,0.004964047674693702,0.004964047674693702,0.29317580194711823,0.22831963001337674,0.12345167918414564,0.17577753196069168,0.30845044384574316,0.30845044384574316,-0.2916338050736257,-0.1579790117792094,0.1579843035482683,-0.05262065610333821,-0.29684243102582086,-0.29684243102582086,-0.5784927664809435,0.12621233924773478,-0.48207217589827334,-0.6438003208543104,-0.543238243111271,-0.543238243111271
250,0.0,0.41666666666666663,1,2,2,False,0.08122092484441946,-3.996802888650564e-17,0.06823417923202038,0.0880645033790681,0.10416750145258755,0.10022222010818954,0.8795274058413546,0.22831963001337674,0.8659235385815185,0.8537936430806257,0.8299570632446229,0.8270760316337213,-0.5832676101472514,-0.1579790117792094,-0.6224559726713266,-0.6230524498584982,-0.6296876705227177,-0.6284695778509747,0.28924638324047175,0.12621233924773478,0.3096584742607102,0.296586797307688,0.332114358539338,0.33630356522855137
251,0.041666666666666664,0.41666666666666663,1,2,2,False,0.08122092484441946,-3.996802888650564e-17,0.08181541542958647,0.08697520793088408,0.10288646137620457,0.09864667814362371,0.8795274058413546,0.22831963001337674,0.881421716388317,0.8634545616983904,0.8292659546238965,0.8261483895792818,-0.5832676101472514,-0.1579790117792094,-0.6224230914599577,-0.6399480894107893,-0.6293585981119301,-0.6280554124609441,0.28924638324047175,0.12621233924773478,0.31678758680388125,0.2945570727469847,0.33301047245178994,0.33753980726806726
252,0.08333333333333333,0.41666666666666663,1,2,2,False,0.08122092484441946,-3.996802888650564e-17,0.10196535284346588,0.08570457313231582,0.10143709772648433,0.09686754039774828,0.8795274058413546,0.22831963001337674,0.8980417074420685,0.8758394439633908,0.8284892656395451,0.8251038441328702,-0.5832676101472514,-0.1579790117792094,-0.624250052176272,-0.6643782102176603,-0.6289615296458941,-0.6275652103567335,0.28924638324047175,0.12621233924773478,0.3299163743553166,0.30818472101839545,0.33384242553131205,0.3387585029015914
253,0.125,0.41666666666666663,1,2,2,False,0.08122092484441946,-3.996802888650564e-17,0.123481458793118,0.08420811979888024,0.0997935230238458,0.09485441206941916,0.8795274058413546,0.22831963001337674,0.9140996622049241,0.8817689106736459,0.8276206357558856,0.8239312258778078,-0.5832676101472514,-0.1579790117792094,-0.629118232644516,-0.6825146389069214,-0.6284778806187337,-0.6269799285883348,0.28924638324047175,0.12621233924773478,0.34265699267184,0.3348674265725822,0.3345669042498038,0.3399248118663314
254,0.16666666666666666,0.41666666666666663,1,2,2,False,0.08122092484441946,-3.996802888650564e-17,0.1391536732646266,0.08242648535061232,0.09792766719107,0.09257451568431355,0.8795274058413546,0.22831963001337674,0.9151427861324027,0.8880271042302061,0.8266569612880487,0.8226220444792156,-0.5832676101472514,-0.1579790117792094,-0.6384095883834907,-0.6617182810036959,-0.6278835070163953,-0.6262751761062855,0.28924638324047175,0.12621233924773478,0.36570532807877465,0.3855877429600171,0.33512357058920555,0.3409886717823348
255,0.20833333333333331,0.41666666666666663,1,2,2,False,0.08122092484441946,-3.996802888650564e-17,0.1341057546287033,0.08019037421699352,0.09581109694732197,0.0899947897780889,0.8795274058413546,0.22831963001337674,0.8812580386811152,0.8721729277187825,0.8256013664321231,0.8211735629143811,-0.5832676101472514,-0.1579790117792094,-0.6444817691648805,-0.6147653484091526,-0.6271472634795878,-0.6254199142515469,0.28924638324047175,0.12621233924773478,0.3894382814679844,0.42882954687776964,0.3354290295457435,0.3418791243382688
256,0.25,0.41666666666666663,1,2,2,False,0.08122092484441946,-3.996802888650564e-17,0.11412336311670558,0.07762995893032226,0.09401030854724043,0.08722892681629704,0.8795274058413546,0.22831963001337674,0.8437533561938332,0.8407601202220638,0.8245908712566101,0.819409731417146,-0.5832676101472514,-0.1579790117792094,-0.6400088185959173,-0.594811218697705,-0.6262517735783528,-0.6239700697504527,0.28924638324047175,0.12621233924773478,0.39398690251228524,0.421765826129448,0.3336455347602086,0.34127589921741847
257,0.29166666666666663,0.41666666666666663,1,2,2,False,0.08122092484441946,-3.996802888650564e-17,0.1069724667862742,0.07436343331514461,0.09245098822073353,0.08476405479211802,0.8795274058413546,0.22831963001337674,0.7872392312645456,0.8044418061201528,0.8237524597147399,0.8178605681216584,-0.5832676101472514,-0.1579790117792094,-0.6089400061679104,-0.6166036605377905,-0.6253478267945405,-0.6225098160950537,0.28924638324047175,0.12621233924773478,0.3906710204795398,0.36857323710331324,0.3318720174151542,0.3406290933267772
258,0.3333333333333333,0.41666666666666663,1,2,2,False,0.08122092484441946,-3.996802888650564e-17,0.09356916658868122,0.07040630225527583,0.09109921204849365,0.0825690794516184,0.8795274058413546,0.22831963001337674,0.6875412014635337,0.7494443289029677,0.8230551422686445,0.8164992421359784,-0.5832676101472514,-0.1579790117792094,-0.5564102008920568,-0.6212112645836421,-0.6244555912655263,-0.6210706247478438,0.28924638324047175,0.12621233924773478,0.379065791148233,0.2777985820965925,0.33014185637676374,0.3399631279431592
259,0.375,0.41666666666666663,1,2,2,False,0.08122092484441946,-3.996802888650564e-17,0.04022622163368481,0.06559714577830122,0.08992480166785974,0.0806130486048632,0.8795274058413546,0.22831963001337674,0.5629068450819041,0.6380519813857799,0.8224732477215222,0.8153008114113488,-0.5832676101472514,-0.1579790117792094,-0.4662370398248512,-0.5498386885526063,-0.6235881900968276,-0.6196728249777164,0.28924638324047175,0.12621233924773478,0.32404174933587465,0.17260168341721388,0.3284754899525498,0.3392950800759087
260,0.41666666666666663,0.41666666666666663,1,1,2,True,0.08122092484441946,-3.996802888650564e-17,-0.025466128771162482,0.06024330957364853,0.08890158156097536,0.07886701665958462,0.8795274058413546,0.22831963001337674,0.42758296384485117,0.473742652643785,0.8219857989770742,0.814243001643111,-0.5832676101472514,-0.1579790117792094,-0.33121306098682246,-0.42629125125011363,-0.6227537087232591,-0.6183288318278831,0.28924638324047175,0.12621233924773478,0.23021634724949966,0.06379107932598307,0.3268844507649395,0.3386365855522817
261,0.4583333333333333,0.41666666666666663,3,1,3,True,0.03857373933452335,-3.996802888650564e-17,-0.07579832714204604,0.05435632578633217,-0.0009155524104513535,-0.0009155524104513535,0.29317580194711823,0.22831963001337674,0.276129812522258,0.2807392059617251,0.3204096141433205,0.3204096141433205,-0.2916338050736257,-0.1579790117792094,-0.2106845035733797,-0.28611105108257595,-0.3197277636287842,-0.3197277636287842,-0.5784927664809435,0.12621233924773478,0.11558206517226846,-0.0004504001075652832,-0.5378642003316024,-0.5378642003316024
262,0.5,0.41666666666666663,3,1,3,False,0.03857373933452335,-3.996802888650564e-17,-0.10977389142550964,0.048573205481299266,-0.0024570502657927096,-0.0024570502657927096,0.29317580194711823,0.22831963001337674,0.11939087218125895,0.13904539399602267,0.3210759913925418,0.3210759913925418,-0.2916338050736257,-0.1579790117792094,-0.1451618344701764,-0.20511211377551009,-0.3196127873039093,-0.3196127873039093,-0.5784927664809435,0.12621233924773478,0.03420572809041769,-0.09657572714038137,-0.5376500078160692,-0.5376500078160692
263,0.5416666666666666,0.41666666666666663,3,1,3,False,0.03857373933452335,-3.996802888650564e-17,-0.08998140309111546,0.04369073148188811,-0.004158150279948328,-0.004158150279948328,0.29317580194711823,0.22831963001337674,0.039092898185162386,0.0740888783315087,0.3217065905468714,0.3217065905468714,-0.2916338050736257,-0.1579790117792094,-0.12412994661129191,-0.20522192869433753,-0.31945946152506555,-0.31945946152506555,-0.5784927664809435,0.12621233924773478,-0.056487433105397375,-0.21474403634223838,-0.537465753936514,-0.537465753936514
264,0.5833333333333333,0.41666666666666663,3,1,3,False,0.03857373933452335,-3.996802888650564e-17,-0.03314449909319251,0.040374580967429866,-0.00600136603441704,-0.00600136603441704,0.29317580194711823,0.22831963001337674,0.03273085128732036,0.07388153246417595,0.32222319144142275,0.32222319144142275,-0.2916338050736257,-0.1579790117792094,-0.14738771861726674,-0.2553091009739492,-0.31924508939142765,-0.31924508939142765,-0.5784927664809435,0.12621233924773478,-0.18944181914490452,-0.34643616820608536,-0.5373489558672802,-0.5373489558672802
265,0.625,0.41666666666666663,3,3,3,False,0.03857373933452335,-3.996802888650564e-17,-0.00434494998005811,0.037857176045534784,-0.007922664490982313,-0.007922664490982313,0.29317580194711823,0.22831963001337674,0.0817827045867676,0.10953006950703681,0.3224814403637293,0.3224814403637293,-0.2916338050736257,-0.1579790117792094,-0.1791664670576632,-0.23686782282550672,-0.31893029731067635,-0.31893029731067635,-0.5784927664809435,0.12621233924773478,-0.3358379373797891,-0.44900865892113984,-0.5373679998840065,-0.5373679998840065
266,0.6666666666666666,0.41666666666666663,3,3,3,False,0.03857373933452335,-3.996802888650564e-17,0.012879518157101035,0.0360509164071718,-0.009761032218591578,-0.009761032218591578,0.29317580194711823,0.22831963001337674,0.12380381862905397,0.15863511574217443,0.3222208308727069,0.3222208308727069,-0.2916338050736257,-0.1579790117792094,-0.1681308183876816,-0.19076211947015104,-0.3184462563844339,-0.3184462563844339,-0.5784927664809435,0.12621233924773478,-0.4384434117074466,-0.511243658589422,-0.5376474868124659,-0.5376474868124659
267,0.7083333333333333,0.41666666666666663,3,3,3,False,0.03857373933452335,-3.996802888650564e-17,0.04126886111308568,0.03504890517103584,-0.011164457743360182,-0.011164457743360182,0.29317580194711823,0.22831963001337674,0.10614850481598782,0.1840128835616439,0.3209882078104043,0.3209882078104043,-0.2916338050736257,-0.1579790117792094,-0.13033789363179868,-0.1462540454317694,-0.31767517074550855,-0.31767517074550855,-0.5784927664809435,0.12621233924773478,-0.46523917619635863,-0.522400104768604,-0.5384120016939344,-0.5384120016939344
268,0.75,0.41666666666666663,3,3,3,False,0.03857373933452335,-3.996802888650564e-17,0.05890125672453686,0.034265023432047285,-0.010049645225024169,-0.010049645225024169,0.29317580194711823,0.22831963001337674,0.06331419994327653,0.1644722127565287,0.3178355130121609,0.3178355130121609,-0.2916338050736257,-0.1579790117792094,-0.10223461214238667,-0.09052109423901353,-0.3163616041546927,-0.3163616041546927,-0.5784927664809435,0.12621233924773478,-0.4332634938517154,-0.49242592578561994,-0.5397093756959368,-0.5397093756959368
269,0.7916666666666666,0.41666666666666663,3,3,3,False,0.03857373933452335,-3.996802888650564e-17,0.052688227197415546,0.033759161328433276,-0.007083424175318841,-0.007083424175318841,0.29317580194711823,0.22831963001337674,0.017543002095685045,0.10835152899180568,0.31490902018545464,0.31490902018545464,-0.2916338050736257,-0.1579790117792094,-0.04638957187358566,-0.03782349296637476,-0.31390302771979295,-0.31390302771979295,-0.5784927664809435,0.12621233924773478,-0.4019146194184154,-0.45819000530918236,-0.5408913285623391,-0.5408913285623391
270,0.8333333333333333,0.41666666666666663,3,3,3,False,0.03857373933452335,-3.996802888650564e-17,0.033575059482111175,0.03325100583640263,-0.004273617282973999,-0.004273617282973999,0.29317580194711823,0.22831963001337674,-0.012015111345581692,0.04766672800778202,0.31288174590286494,0.31288174590286494,-0.2916338050736257,-0.1579790117792094,0.031829209382586335,0.02095999789511957,-0.31084598673327524,-0.31084598673327524,-0.5784927664809435,0.12621233924773478,-0.39523675971777766,-0.47031517063666883,-0.5419203702708191,-0.5419203702708191
271,0.875,0.41666666666666663,3,3,3,False,0.03857373933452335,-3.996802888650564e-17,0.008440445383608967,0.03289994313879404,-0.0017359601256991056,-0.0017359601256991056,0.29317580194711823,0.22831963001337674,-0.014560198049767213,0.02959174126406073,0.31143325760329094,0.31143325760329094,-0.2916338050736257,-0.1579790117792094,0.12427733313011918,0.06711293987339864,-0.30763667065650857,-0.30763667065650857,-0.5784927664809435,0.12621233924773478,-0.39447804386210644,-0.514649935739376,-0.5427751506096095,-0.5427751506096095
272,0.9166666666666666,0.41666666666666663,3,3,3,False,0.03857373933452335,-3.996802888650564e-17,0.008357615484633344,0.03261115716852703,0.0005078381121765181,0.0005078381121765181,0.29317580194711823,0.22831963001337674,-0.0005765227978838262,0.03620660861211626,0.3103693900096558,0.3103693900096558,-0.2916338050736257,-0.1579790117792094,0.197584835020203,0.07440027227230452,-0.30449968050291076,-0.30449968050291076,-0.5784927664809435,0.12621233924773478,-0.40029150380367473,-0.5483764715611473,-0.5434697751146145,-0.5434697751146145
273,0.9583333333333333,0.41666666666666663,3,3,3,False,0.03857373933452335,-3.996802888650564e-17,0.017318512206812315,0.032370361745211046,0.0024751969530690306,0.0024751969530690306,0.29317580194711823,0.22831963001337674,0.017749313954302775,0.057577431933472686,0.30956914134155705,0.30956914134155705,-0.2916338050736257,-0.1579790117792094,0.24591811399341765,0.10785031080222658,-0.30153916298474276,-0.30153916298474276,-0.5784927664809435,0.12621233924773478,-0.4128657256915814,-0.6101030947028564,-0.5440290497117605,-0.5440290497117605
274,1.0,0.41666666666666663,3,3,3,False,0.03857373933452335,-3.996802888650564e-17,0.030148443264626373,0.032167301380515156,0.00419698317137953,0.00419698317137953,0.29317580194711823,0.22831963001337674,0.036708798826208616,0.07668978112543529,0.308954699183016,0.308954699183016,-0.2916338050736257,-0.1579790117792094,0.27913090584733424,0.14088396831787783,-0.2987956754492812,-0.2987956754492812,-0.5784927664809435,0.12621233924773478,-0.4248479989678132,-0.6073138168167556,-0.5444781747909484,-0.5444781747909484
275,0.0,0.4583333333333333,1,2,2,False,0.08122092484441946,-3.996802888650564e-17,0.06569322721519325,0.08729995508365408,0.10254071616893488,0.09829718341531986,0.8795274058413546,0.22831963001337674,0.862660083134642,0.8519680331952133,0.8332601773363874,0.830076553385974,-0.5832676101472514,-0.1579790117792094,-0.6378254552283826,-0.6341404025036521,-0.6319204685386668,-0.6306146702837976,0.28924638324047175,0.12621233924773478,0.3051464288791373,0.28560424759247205,0.33313945506188203,0.33773693789310366
276,0.041666666666666664,0.4583333333333333,1,2,2,False,0.08122092484441946,-3.996802888650564e-17,0.07723785082692249,0.08610880969953777,0.10101157241410404,0.0964030552392906,0.8795274058413546,0.22831963001337674,0.8769321452367155,0.8600144179074765,0.8324769925528644,0.8289885179036547,-0.5832676101472514,-0.1579790117792094,-0.6386297083983355,-0.6504208104721019,-0.6317406085540929,-0.6303289832585195,0.28924638324047175,0.12621233924773478,0.3119070749978138,0.2853795785997545,0.3344467016320486,0.33947464205261335
277,0.08333333333333333,0.4583333333333333,1,2,2,False,0.08122092484441946,-3.996802888650564e-17,0.09441489675573918,0.08485010407331192,0.09925728142806314,0.09423334128106814,0.8795274058413546,0.22831963001337674,0.892944052829116,0.8651585312392748,0.8315503164583871,0.8277103759782533,-0.5832676101472514,-0.1579790117792094,-0.6391145933030289,-0.6778825999903269,-0.6315023828026434,-0.6299728113766547,0.28924638324047175,0.12621233924773478,0.32551084360295,0.30194035830165644,0.3357342495231776,0.341259683736513
278,0.125,0.4583333333333333,1,2,2,False,0.08122092484441946,-3.996802888650564e-17,0.11497804146120155,0.08314225434060885,0.09723777164883159,0.09174051696319481,0.8795274058413546,0.22831963001337674,0.9056028547889972,0.8680718433240373,0.830457900458937,0.82621178904292,-0.5832676101472514,-0.1579790117792094,-0.6429223859673534,-0.7016712102577523,-0.6311837084210979,-0.6295229082689844,0.28924638324047175,0.12621233924773478,0.3438668793169127,0.3238928197993904,0.33695224900544096,0.3430557320642583
279,0.16666666666666666,0.4583333333333333,1,2,2,False,0.08122092484441946,-3.996802888650564e-17,0.13407044186904302,0.08133365150696246,0.09490862736141881,0.0888723784760231,0.8795274058413546,0.22831963001337674,0.904175136140363,0.8675792574902214,0.8291787719811017,0.824462770163279,-0.5832676101472514,-0.1579790117792094,-0.6512371494486786,-0.6883252588681839,-0.6307536851642066,-0.6289473781851278,0.28924638324047175,0.12621233924773478,0.37453561317924644,0.3731328988850088,0.3380244208837744,0.34480303830656006
280,0.20833333333333331,0.4583333333333333,1,2,2,False,0.08122092484441946,-3.996802888650564e-17,0.13035373965603358,0.07893931755766648,0.09222456862705707,0.08557621371931028,0.8795274058413546,0.22831963001337674,0.8674867875856328,0.8586287849505929,0.8276980541353147,0.8224389427818686,-0.5832676101472514,-0.1579790117792094,-0.6566353782881731,-0.6542265136158079,-0.6301693927740839,-0.6282026544557887,0.28924638324047175,0.12621233924773478,0.41006869630274156,0.42974537934363244,0.3388358651403435,0.3464067428130997
281,0.25,0.4583333333333333,1,2,2,False,0.08122092484441946,-3.996802888650564e-17,0.1103131377938771,0.07616111460642228,0.09040424313796022,0.08263244611759477,0.8795274058413546,0.22831963001337674,0.8200109040347798,0.8330023251173437,0.8263575153986567,0.8201972572693903,-0.5832676101472514,-0.1579790117792094,-0.6597097350534085,-0.6485332779467667,-0.6289397711690667,-0.6262948403201654,0.28924638324047175,0.12621233924773478,0.434497461574842,0.43769040735879694,0.3364226244853025,0.3454135731003121
282,0.29166666666666663,0.4583333333333333,1,2,2,False,0.08122092484441946,-3.996802888650564e-17,0.1082250653523857,0.07273540273088083,0.08888293407837207,0.0800821102816526,0.8795274058413546,0.22831963001337674,0.7361788832446258,0.7899926417851039,0.8252704808001952,0.8182830258082067,-0.5832676101472514,-0.1579790117792094,-0.6250490096063704,-0.659008765907672,-0.6277117488962585,-0.6243962450360699,0.28924638324047175,0.12621233924773478,0.4619239133521769,0.3872068690999289,0.334063168366022,0.34437857066765276
283,0.3333333333333333,0.4583333333333333,1,2,2,False,0.08122092484441946,-3.996802888650564e-17,0.09325297505108485,0.06849243300980659,0.08760866402235022,0.0778713850457346,0.8795274058413546,0.22831963001337674,0.6025175090188797,0.6916692248484212,0.8243842272529049,0.816644433971999,-0.5832676101472514,-0.1579790117792094,-0.5628579003195883,-0.6150288027730193,-0.6265169753393185,-0.6225533111826854,0.28924638324047175,0.12621233924773478,0.4841372307883668,0.3191478036242578,0.33180505494388673,0.3433426897746962
284,0.375,0.4583333333333333,1,2,2,False,0.08122092484441946,-3.996802888650564e-17,0.04186126560795941,0.06336116559342758,0.08653739154510733,0.07595032517845728,0.8795274058413546,0.22831963001337674,0.45429834388563356,0.5206732010587365,0.8236570266939631,0.815236291224553,-0.5832676101472514,-0.1579790117792094,-0.4701878317169162,-0.49565876976715134,-0.6253738393215706,-0.6207926602736977,0.28924638324047175,0.12621233924773478,0.45983432799670776,0.26414683259234506,0.32967265799764833,0.34233145695054185
285,0.41666666666666663,0.4583333333333333,1,1,2,True,0.08122092484441946,-3.996802888650564e-17,-0.030750785221407773,0.05763782951623142,0.08563272549404805,0.07427499867293536,0.8795274058413546,0.22831963001337674,0.29092776083648175,0.31909459036576016,0.8230562362988597,0.8140204562730509,-0.5832676101472514,-0.1579790117792094,-0.3424300381011886,-0.3165320415073473,-0.6242919135757647,-0.6191278372900852,0.28924638324047175,0.12621233924773478,0.39171108001524196,0.21032784617278105,0.3276757894428019,0.3413599130974273
286,0.4583333333333333,0.4583333333333333,3,1,3,True,0.03857373933452335,-3.996802888650564e-17,-0.0915270138428939,0.05178986776896052,-0.0017907147238519772,-0.0017907147238519772,0.29317580194711823,0.22831963001337674,0.12278377137608397,0.1259466670479586,0.3217872913270128,0.3217872913270128,-0.2916338050736257,-0.1579790117792094,-0.21014664776775976,-0.1412632677022624,-0.3196450310799287,-0.3196450310799287,-0.5784927664809435,0.12621233924773478,0.27549703731670927,0.18642511300185077,-0.5375242701915024,-0.5375242701915024
287,0.5,0.4583333333333333,3,1,3,True,0.03857373933452335,-3.996802888650564e-17,-0.12813743682172038,0.045758552095257074,-0.0032313550370206695,-0.0032313550370206695,0.29317580194711823,0.22831963001337674,-0.023398793767108548,0.009033482891906745,0.3223788758664557,0.3223788758664557,-0.2916338050736257,-0.1579790117792094,-0.09610068160091007,-0.03171812657962664,-0.31951579126409235,-0.31951579126409235,-0.5784927664809435,0.12621233924773478,0.1792512896429693,0.12409360357900073,-0.537400667412963,-0.537400667412963
288,0.5416666666666666,0.4583333333333333,3,1,3,True,0.03857373933452335,-3.996802888650564e-17,-0.110619511352996,0.04131647767467731,-0.004783374211646263,-0.004783374211646263,0.29317580194711823,0.22831963001337674,-0.07149878762152209,-0.06433775609103023,0.32289908660991107,0.32289908660991107,-0.2916338050736257,-0.1579790117792094,-0.020933616823212736,0.00022783783753761722,-0.31934529068449397,-0.31934529068449397,-0.5784927664809435,0.12621233924773478,0.10183989999346076,0.02109852442333867,-0.5373367162943425,-0.5373367162943425
289,0.5833333333333333,0.4583333333333333,3,1,3,True,0.03857373933452335,-3.996802888650564e-17,-0.0467697260164658,0.037600550065245764,-0.006414855173550574,-0.006414855173550574,0.29317580194711823,0.22831963001337674,-0.08434071135452352,-0.05732164647333466,0.32326475609599964,0.32326475609599964,-0.2916338050736257,-0.1579790117792094,0.00655612261244331,-0.01920781510866648,-0.3191121304238781,-0.3191121304238781,-0.5784927664809435,0.12621233924773478,-0.021077075560016926,-0.1139150417606461,-0.5373771157021756,-0.5373771157021756
290,0.625,0.4583333333333333,3,1,3,True,0.03857373933452335,-3.996802888650564e-17,0.008068771326021865,0.035766405621129475,-0.008049390682824696,-0.008049390682824696,0.29317580194711823,0.22831963001337674,-0.06373837073975107,0.00670636289536599,0.32333526163793164,0.32333526163793164,-0.2916338050736257,-0.1579790117792094,-0.009447346211153656,-0.014731089204525039,-0.3187816473419043,-0.3187816473419043,-0.5784927664809435,0.12621233924773478,-0.16858541022814688,-0.23736479749766715,-0.5375961062085457,-0.5375961062085457
291,0.6666666666666666,0.4583333333333333,3,3,3,True,0.03857373933452335,-3.996802888650564e-17,0.03573176973482321,0.0342340863759415,-0.009527840046379604,-0.009527840046379604,0.29317580194711823,0.22831963001337674,-0.03680735724779846,0.053749983822151154,0.32287758727592425,0.32287758727592425,-0.2916338050736257,-0.1579790117792094,-0.004028173507819447,0.027834998780689305,-0.3182978024211437,-0.3182978024211437,-0.5784927664809435,0.12621233924773478,-0.2862341001809606,-0.31328303746888453,-0.5381172667079572,-0.5381172667079572
292,0.7083333333333333,0.4583333333333333,3,3,3,True,0.03857373933452335,-3.996802888650564e-17,0.07593726341207185,0.03347974025875594,-0.010544775472944246,-0.010544775472944246,0.29317580194711823,0.22831963001337674,-0.0636974943456058,0.0472652862993995,0.32151954480511635,0.32151954480511635,-0.2916338050736257,-0.1579790117792094,0.03682081782963376,0.08722637778673277,-0.3175726770953259,-0.3175726770953259,-0.5784927664809435,0.12621233924773478,-0.33472243544945735,-0.3407188184058139,-0.539144303605392,-0.539144303605392
293,0.75,0.4583333333333333,3,3,3,True,0.03857373933452335,-3.996802888650564e-17,0.07750687892773502,0.03292076429332794,-0.00945382700170437,-0.00945382700170437,0.29317580194711823,0.22831963001337674,-0.10371695827781298,-0.011413442586642127,0.3185023311124886,0.3185023311124886,-0.2916338050736257,-0.1579790117792094,0.09449191098564104,0.1527123991007579,-0.31642229909002784,-0.31642229909002784,-0.5784927664809435,0.12621233924773478,-0.3216680957211968,-0.3057286935405444,-0.5406079424433266,-0.5406079424433266
294,0.7916666666666666,0.4583333333333333,3,3,3,True,0.03857373933452335,-3.996802888650564e-17,0.0534477388395495,0.03249724900507852,-0.006857257867367829,-0.006857257867367829,0.29317580194711823,0.22831963001337674,-0.14091846782517814,-0.08323326640323367,0.31566962875858173,0.31566962875858173,-0.2916338050736257,-0.1579790117792094,0.16656397863690053,0.2130555630437855,-0.31430673723597813,-0.31430673723597813,-0.5784927664809435,0.12621233924773478,-0.3034133469761537,-0.27838843678756503,-0.5418280381160232,-0.5418280381160232
295,0.8333333333333333,0.4583333333333333,3,3,3,True,0.03857373933452335,-3.996802888650564e-17,0.017679843774800943,0.03206174526903055,-0.0043576448213362914,-0.0043576448213362914,0.29317580194711823,0.22831963001337674,-0.1546875413953413,-0.13132544525978201,0.31363365767936424,0.31363365767936424,-0.2916338050736257,-0.1579790117792094,0.23468216087111243,0.3091020472763168,-0.3116248802968326,-0.3116248802968326,-0.5784927664809435,0.12621233924773478,-0.3002196084136192,-0.31757340090845376,-0.5428680852938312,-0.5428680852938312
296,0.875,0.4583333333333333,3,3,3,True,0.03857373933452335,-3.996802888650564e-17,-0.00020311472049716611,0.03187714195679644,-0.0020554088671548426,-0.0020554088671548426,0.29317580194711823,0.22831963001337674,-0.1358693973798504,-0.11107087404182008,0.31213406064306687,0.31213406064306687,-0.2916338050736257,-0.1579790117792094,0.28634360689873206,0.3251931618953105,-0.3087467297271913,-0.3087467297271913,-0.5784927664809435,0.12621233924773478,-0.3074278938798334,-0.3920922131244366,-0.5437268504588438,-0.5437268504588438
297,0.9166666666666666,0.4583333333333333,3,3,3,True,0.03857373933452335,-3.996802888650564e-17,0.004632295737049196,0.03158383710120671,1.923198461530745e-05,1.923198461530745e-05,0.29317580194711823,0.22831963001337674,-0.10754774526226513,-0.08867318950792012,0.3110044822150776,0.3110044822150776,-0.2916338050736257,-0.1579790117792094,0.32489153239243224,0.30229181682865547,-0.30587559723785185,-0.30587559723785185,-0.5784927664809435,0.12621233924773478,-0.31976084256306664,-0.44229203746356427,-0.5444238567972784,-0.5444238567972784
298,0.9583333333333333,0.4583333333333333,3,3,3,True,0.03857373933452335,-3.996802888650564e-17,0.01477654946051351,0.03147445757134386,0.0018696520772959972,0.0018696520772959972,0.29317580194711823,0.22831963001337674,-0.0812316594379524,-0.048634139081436045,0.31013654453473455,0.31013654453473455,-0.2916338050736257,-0.1579790117792094,0.35378563080090164,0.29699941671598945,-0.30311694977598247,-0.30311694977598247,-0.5784927664809435,0.12621233924773478,-0.33738216671097504,-0.51598954225239,-0.5449845880385845,-0.5449845880385845
299,1.0,0.4583333333333333,3,3,3,True,0.03857373933452335,-3.996802888650564e-17,0.02754985724024058,0.031311016058053726,0.003513561105218152,0.003513561105218152,0.29317580194711823,0.22831963001337674,-0.05749654839387831,-0.019648194192689816,0.30945792467923694,0.30945792467923694,-0.2916338050736257,-0.1579790117792094,0.3716544846497043,0.30016374682816793,-0.30052040987931783,-0.30052040987931783,-0.5784927664809435,0.12621233924773478,-0.34879727130894306,-0.5203275079315985,-0.5454338094176415,-0.5454338094176415
300,0.0,0.5,1,2,2,False,0.08122092484441946,-3.996802888650564e-17,0.0755036858272008,0.08644798046305391,0.10048156384125224,0.09589230085816225,0.8795274058413546,0.22831963001337674,0.8623583929692794,0.8472441640945992,0.8373236194875562,0.8337724185987628,-0.5832676101472514,-0.1579790117792094,-0.6487638112945101,-0.6519378909958475,-0.6347211069664699,-0.6332908189312817,0.28924638324047175,0.12621233924773478,0.30708427568727203,0.2790885364565237,0.3341034544159601,0.3391907196664885
301,0.041666666666666664,0.5,1,2,2,False,0.08122092484441946,-3.996802888650564e-17,0.08059686717759887,0.08531483379618986,0.09863007119606276,0.09358430875284753,0.8795274058413546,0.22831963001337674,0.8677873151759327,0.8490771028979331,0.8364091034843345,0.8324602217271069,-0.5832676101472514,-0.1579790117792094,-0.6539210016217871,-0.6735794576672085,-0.6347896411887954,-0.6332194955132062,0.28924638324047175,0.12621233924773478,0.31607994867236766,0.27711968298258827,0.33598802652395315,0.34162499609874564
302,0.08333333333333333,0.5,1,2,2,False,0.08122092484441946,-3.996802888650564e-17,0.08868131129286441,0.08386336282593741,0.09647635920305939,0.09090177377423342,0.8795274058413546,0.22831963001337674,0.8727968396405573,0.8520402035016563,0.8352468488195492,0.8308309536606693,-0.5832676101472514,-0.1579790117792094,-0.6583666919394212,-0.7010430461159084,-0.6348289262426638,-0.6330979564211769,0.28924638324047175,0.12621233924773478,0.33318665028980876,0.30094641219238966,0.3379455671202972,0.34422793650475264
303,0.125,0.5,1,2,2,False,0.08122092484441946,-3.996802888650564e-17,0.1005634478917071,0.08223450485146303,0.09396019665687981,0.08777263768664277,0.8795274058413546,0.22831963001337674,0.8773702438585473,0.8571673294704547,0.8337774108770635,0.8288124311335862,-0.5832676101472514,-0.1579790117792094,-0.6636464511482163,-0.7088977072758518,-0.6348152399007044,-0.6328987454437673,0.28924638324047175,0.12621233924773478,0.35480428068993636,0.32579614705173854,0.33992598667689017,0.34696960063644755
304,0.16666666666666666,0.5,1,2,2,False,0.08122092484441946,-3.996802888650564e-17,0.11709323070010787,0.08017376063909512,0.09101472591265386,0.08411819914538904,0.8795274058413546,0.22831963001337674,0.8790247936501845,0.8536106118219966,0.8319341332017903,0.8263247545965084,-0.5832676101472514,-0.1579790117792094,-0.6652520073826219,-0.6887740161513234,-0.6347105203389402,-0.6325793758430076,0.28924638324047175,0.12621233924773478,0.3864869992212729,0.37889874765479115,0.3418375825851604,0.3497821463300805
305,0.20833333333333331,0.5,1,2,2,False,0.08122092484441946,-3.996802888650564e-17,0.1162843184826233,0.07771409173448215,0.08757477882793319,0.07986353442575927,0.8795274058413546,0.22831963001337674,0.8462103868759956,0.8413833996715576,0.8296508194414167,0.8232901509965636,-0.5832676101472514,-0.1579790117792094,-0.6626235897977545,-0.6691877860902926,-0.6344548065998026,-0.6320745908999683,0.28924638324047175,0.12621233924773478,0.43079499056063036,0.4370998657715811,0.34352080715859923,0.35253317010314716
306,0.25,0.5,1,2,2,False,0.08122092484441946,-3.996802888650564e-17,0.09952894643129237,0.07477188470938287,0.08582523812489207,0.07678907394038634,0.8795274058413546,0.22831963001337674,0.7960754023736593,0.8191137972971672,0.8279320155698717,0.8204751469969982,-0.5832676101472514,-0.1579790117792094,-0.6571553761948978,-0.6772433582320372,-0.6327280446920571,-0.6294919533959203,0.28924638324047175,0.12621233924773478,0.4603890645636013,0.4621455916291287,0.3401800284326916,0.35093915833381123
307,0.29166666666666663,0.5,1,2,2,False,0.08122092484441946,-3.996802888650564e-17,0.09856788808431505,0.07120137513448643,0.08444516478386868,0.07423442298822565,0.8795274058413546,0.22831963001337674,0.6964753307555007,0.7728942457404888,0.8265793275450547,0.8181532930930092,-0.5832676101472514,-0.1579790117792094,-0.612923154103067,-0.6965312561240138,-0.6310125711762375,-0.6269504032696136,0.28924638324047175,0.12621233924773478,0.5014639041134445,0.4330204031371478,0.33696477855535595,0.3493035125676306
308,0.3333333333333333,0.5,1,2,2,False,0.08122092484441946,-3.996802888650564e-17,0.09073911491201608,0.06671134340310496,0.08335346041344915,0.07210574423969618,0.8795274058413546,0.22831963001337674,0.5460120588259489,0.6302262710200079,0.8255045680208548,0.8162286709781866,-0.5832676101472514,-0.1579790117792094,-0.541353992031564,-0.6246895173503504,-0.6293651179893534,-0.6245249858194166,0.28924638324047175,0.12621233924773478,0.5452565708794401,0.3972366634849627,0.33395055071384777,0.347702555228251
309,0.375,0.5,1,2,2,False,0.08122092484441946,-3.996802888650564e-17,0.0501825850486316,0.061313584866699467,0.08248551331649541,0.07032235717979085,0.8795274058413546,0.22831963001337674,0.36404743079137086,0.4192016638630308,0.8246414576600889,0.8146224202710992,-0.5832676101472514,-0.1579790117792094,-0.45918392014536624,-0.45397454693845,-0.6278146795931847,-0.6222523096027945,0.28924638324047175,0.12621233924773478,0.559122034087523,0.3961638393663818,0.3311671199314664,0.34617750196351404
310,0.41666666666666663,0.5,1,1,2,True,0.08122092484441946,-3.996802888650564e-17,-0.01653009792239663,0.05523660105738923,0.08179122839675647,0.06881818146949661,0.8795274058413546,0.22831963001337674,0.17853568623727464,0.19907767790795688,0.8239407281810666,0.813271660191788,-0.5832676101472514,-0.1579790117792094,-0.3579418614668288,-0.24132257701465296,-0.6263731909893504,-0.6201457783998697,0.28924638324047175,0.12621233924773478,0.5172822680650687,0.3943490454945774,0.32861853355266424,0.34474790950756184
311,0.4583333333333333,0.5,2,1,1,True,0.09177274342519921,-3.996802888650564e-17,-0.07865998445300405,0.049080430882549236,0.07447793006547208,0.0801353171671235,-0.5863516038942365,0.22831963001337674,0.006356210763752812,0.00741767983234886,-0.5500903234378365,-0.5639936462520625,0.5832676101472514,-0.1579790117792094,-0.22218605499114266,-0.04379177740363509,0.6063247622523856,0.6215727752907809,0.28924638324047175,0.12621233924773478,0.42437261751923355,0.38527214202544613,0.2788190166019318,0.3174857508464827
312,0.5,0.5,2,1,1,True,0.09177274342519921,-3.996802888650564e-17,-0.11198009271091806,0.043718827944577654,0.07692234239377109,0.08226690283102922,-0.5863516038942365,0.22831963001337674,-0.12453246929835694,-0.11629987198036337,-0.5491918192270493,-0.561848070868272,0.5832676101472514,-0.1579790117792094,-0.05473238374954601,0.09841423290608597,0.6094038146278007,0.6234720024132805,0.28924638324047175,0.12621233924773478,0.3243203928587476,0.355304534184275,0.28071777162551287,0.3159899347919681
313,0.5416666666666666,0.5,2,1,1,True,0.09177274342519921,-3.996802888650564e-17,-0.10087628506210618,0.03895322584364113,0.07988595712559055,0.08487796176332953,-0.5863516038942365,0.22831963001337674,-0.17884307168755434,-0.19248514120619228,-0.5481672926942982,-0.5594421068637077,0.5832676101472514,-0.1579790117792094,0.09651802359318215,0.20257811810404386,0.6128985710209871,0.6256081168288916,0.28924638324047175,0.12621233924773478,0.24165286645054354,0.25661894247077854,0.28274792026399886,0.3142122095898642
314,0.5833333333333333,0.5,2,1,1,True,0.09177274342519921,-3.996802888650564e-17,-0.050569177215992335,0.03578280480459924,0.08352322135054603,0.08811150650863384,-0.5863516038942365,0.22831963001337674,-0.1967942563326679,-0.18658143746696632,-0.5469989046869668,-0.5567504414182377,0.5832676101472514,-0.1579790117792094,0.1935537601127845,0.2734737257114306,0.6168679958393535,0.628013679278224,0.28924638324047175,0.12621233924773478,0.14847657481050136,0.1205555915079719,0.2848739143466334,0.3120781369520884
315,0.625,0.5,2,3,1,True,0.09177274342519921,-3.996802888650564e-17,0.007911598721169666,0.03394523186701581,0.08804333843250708,0.09216054186272446,-0.5863516038942365,0.22831963001337674,-0.19017619451580098,-0.11666448317098665,-0.545670499703446,-0.5537586093666953,0.5832676101472514,-0.1579790117792094,0.21598857113602044,0.3195059672158142,0.6213646527169712,0.6307200263107597,0.28924638324047175,0.12621233924773478,0.0266176977006891,-0.007962123883120294,0.2870153498737197,0.3094912891457078
316,0.6666666666666666,0.5,2,3,1,True,0.09177274342519921,-3.996802888650564e-17,0.060467834997610825,0.03272704222097926,0.0937273276536483,0.09728420444621365,-0.5863516038942365,0.22831963001337674,-0.1920273299738286,-0.07396178531756412,-0.5441724402130101,-0.5504774670813359,0.5832676101472514,-0.1579790117792094,0.22799567620530706,0.37495226288778233,0.6264143880101531,0.633749960835398,0.28924638324047175,0.12621233924773478,-0.08889745038126784,-0.06898949987166293,0.28901085110204433,0.30632980759206396
317,0.7083333333333333,0.5,2,3,1,True,0.09177274342519921,-3.996802888650564e-17,0.09792538448504563,0.03203621064171638,0.10094064430036284,0.10382286242173411,-0.5863516038942365,0.22831963001337674,-0.2277838808120572,-0.10481626600188887,-0.5425101142054154,-0.5469687133036845,0.5832676101472514,-0.1579790117792094,0.2810071953282871,0.4371727998680426,0.6319733845884077,0.6371024364693612,0.28924638324047175,0.12621233924773478,-0.13444184708067836,-0.06515040829175571,0.2905577053706758,0.3024493601389279
318,0.75,0.5,2,3,1,True,0.09177274342519921,-3.996802888650564e-17,0.1043827108268544,0.031694001356206106,0.10626642537921795,0.10849861084657982,-0.5863516038942365,0.22831963001337674,-0.2760066986332367,-0.18134911315388297,-0.5425953086632553,-0.545751292934274,0.5832676101472514,-0.1579790117792094,0.36308303877707754,0.48051301331530055,0.6345609094829746,0.6380475102682424,0.28924638324047175,0.12621233924773478,-0.14902690184966094,0.01714608603566667,0.2879090316462424,0.2959408046370524
319,0.7916666666666666,0.5,2,3,1,True,0.09177274342519921,-3.996802888650564e-17,0.0676468035596751,0.031329494725725444,0.10746482542169582,0.10923837939283554,-0.5863516038942365,0.22831963001337674,-0.29370037508940516,-0.2658527004109387,-0.5444612886334669,-0.5469698180693902,0.5832676101472514,-0.1579790117792094,0.4236445939326886,0.536265716121695,0.63337476405936,0.6360413746358754,0.28924638324047175,0.12621233924773478,-0.14495267557916625,0.05394270254383171,0.28258350138885774,0.2887630733482115
320,0.8333333333333333,0.5,2,3,1,True,0.09177274342519921,-3.996802888650564e-17,0.02617045362421837,0.03102142170578967,0.10789053057378128,0.10929628192321168,-0.5863516038942365,0.22831963001337674,-0.2820192008682278,-0.30369556616946636,-0.5461832218345889,-0.5481889768380493,0.5832676101472514,-0.1579790117792094,0.4503186105352429,0.5650453685251698,0.6318003280475196,0.6338537510066228,0.28924638324047175,0.12621233924773478,-0.15466830237109494,0.016157255408967758,0.27826127396983974,0.2830602684389573
321,0.875,0.5,2,3,1,True,0.09177274342519921,-3.996802888650564e-17,0.013110522356333879,0.03078581946608025,0.10782422633777211,0.10894065987525706,-0.5863516038942365,0.22831963001337674,-0.2430919169690397,-0.25337065354809774,-0.5477430131571684,-0.5493575945534458,0.5832676101472514,-0.1579790117792094,0.4425039613252716,0.5159393707617987,0.6300716777690241,0.6316650564189772,0.28924638324047175,0.12621233924773478,-0.19481161522600304,-0.13650852425445226,0.27475178944755996,0.27851377820425227
322,0.9166666666666666,0.5,2,3,1,True,0.09177274342519921,-3.996802888650564e-17,0.017104193327090213,0.03069118574865627,0.10745287363195263,0.10834359905193418,-0.5863516038942365,0.22831963001337674,-0.20924564362206252,-0.20548135464524572,-0.5491444304809859,-0.5504529864568123,0.5832676101472514,-0.1579790117792094,0.4390989403984539,0.4677476387963998,0.6283201919355543,0.6295660445509954,0.28924638324047175,0.12621233924773478,-0.22120959122238934,-0.254260802056016,0.2718888686377376,0.27486399747728407
323,0.9583333333333333,0.5,2,3,1,True,0.09177274342519921,-3.996802888650564e-17,0.02504939233870132,0.030563748260840785,0.10689900278404714,0.10761403464876093,-0.5863516038942365,0.22831963001337674,-0.17853896281067042,-0.15927227538434333,-0.5504000827751871,-0.5514674807665937,0.5832676101472514,-0.1579790117792094,0.445311773687343,0.43758957634059015,0.6266167100964362,0.6275978264089324,0.28924638324047175,0.12621233924773478,-0.2418622986063613,-0.34241436704154693,0.2695373058029105,0.2719088629691279
324,1.0,0.5,2,3,1,True,0.09177274342519921,-3.996802888650564e-17,0.03465099541356957,0.03053631119207194,0.10624221109702811,0.10682034197812093,-0.5863516038942365,0.22831963001337674,-0.14953921285123548,-0.12093771951033185,-0.5515253209165701,-0.5524011615565049,0.5832676101472514,-0.1579790117792094,0.4527965453367719,0.42068778737548496,0.6249969795194542,0.6257746567154812,0.28924638324047175,0.12621233924773478,-0.25457071912117035,-0.37307176740297704,0.2675904965198517,0.2694940937276112
325,0.0,0.5416666666666666,1,2,2,False,0.08122092484441946,-3.996802888650564e-17,0.08629121069519376,0.08564528956112873,0.09952393134717635,0.09325727809961917,0.8795274058413546,0.22831963001337674,0.8605136528084311,0.8454938898531416,0.8408265271803634,0.8359217527909942,-0.5832676101472514,-0.1579790117792094,-0.6594304103551906,-0.6689184059248142,-0.6352841869322092,-0.6326474321462104,0.28924638324047175,0.12621233924773478,0.314023340339409,0.27982234814431356,0.3274865589889603,0.3347318093558069
326,0.041666666666666664,0.5416666666666666,1,2,2,False,0.08122092484441946,-3.996802888650564e-17,0.08845638063380819,0.08433837965652785,0.09779097562518152,0.09097329013125709,0.8795274058413546,0.22831963001337674,0.8611349418444552,0.8439222175225065,0.840026376569261,0.834630087355832,-0.5832676101472514,-0.1579790117792094,-0.6655052204725679,-0.6997906092536625,-0.635358166287642,-0.6324692810023534,0.28924638324047175,0.12621233924773478,0.32717743949060873,0.2699327723703448,0.3289846461663278,0.3369235612280724
327,0.08333333333333333,0.5416666666666666,1,2,2,False,0.08122092484441946,-3.996802888650564e-17,0.09185011543091508,0.08292770751789072,0.09581370302513414,0.08837194021807562,0.8795274058413546,0.22831963001337674,0.8610436965734227,0.841125701259029,0.838998372301318,0.8330385226261985,-0.5832676101472514,-0.1579790117792094,-0.6714110506320268,-0.7226293239845821,-0.6354151886720751,-0.6322372670425137,0.28924638324047175,0.12621233924773478,0.3450483722197522,0.3008714590713781,0.3305685136030482,0.33930117520028735
328,0.125,0.5416666666666666,1,2,2,False,0.08122092484441946,-3.996802888650564e-17,0.0961666444243937,0.08108011747289927,0.09355020055647961,0.08540201326349121,0.8795274058413546,0.22831963001337674,0.8584049445079719,0.8440916229608837,0.8376855017997679,0.8310799376004561,-0.5832676101472514,-0.1579790117792094,-0.6775233028436508,-0.7106774394643319,-0.6354431091459054,-0.6319325272239952,0.28924638324047175,0.12621233924773478,0.3659798458052877,0.33537833856191185,0.33222380601252155,0.3418662181164471
329,0.16666666666666666,0.5416666666666666,1,2,2,False,0.08122092484441946,-3.996802888650564e-17,0.10713440962593221,0.07906708292448211,0.09095377519635156,0.08200802896433183,0.8795274058413546,0.22831963001337674,0.8527819309155569,0.8424938335095788,0.836018699472346,0.828675674422072,-0.5832676101472514,-0.1579790117792094,-0.671001736765651,-0.6828649995647718,-0.6354235982005421,-0.6315287086380222,0.28924638324047175,0.12621233924773478,0.4007401390870877,0.4022765184621111,0.33392110663179847,0.3446065642430359
330,0.20833333333333331,0.5416666666666666,1,2,2,False,0.08122092484441946,-3.996802888650564e-17,0.10561908948727475,0.07648448550027306,0.08797589890999756,0.07813472730938043,0.8795274058413546,0.22831963001337674,0.8280139888633162,0.8295908196934684,0.8339170267312016,0.8257376102394003,-0.5832676101472514,-0.1579790117792094,-0.6554455410212011,-0.665196795570084,-0.635329304447748,-0.630988945375571,0.28924638324047175,0.12621233924773478,0.4399771531599034,0.45474138108734846,0.3356065689871007,0.3474860133244863
331,0.25,0.5416666666666666,1,2,2,False,0.08122092484441946,-3.996802888650564e-17,0.08656774197311545,0.07344934664007827,0.08690955707764213,0.07597109119998374,0.8795274058413546,0.22831963001337674,0.7881977301958908,0.799494505112943,0.8325053719702084,0.8234121633256803,-0.5832676101472514,-0.1579790117792094,-0.6414586779788084,-0.6703843657675107,-0.6336324763786023,-0.6284801183563251,0.28924638324047175,0.12621233924773478,0.4631960460896841,0.48864414213369844,0.3329655383744009,0.3463245421700148
332,0.29166666666666663,0.5416666666666666,1,2,2,False,0.08122092484441946,-3.996802888650564e-17,0.08841867735057854,0.06971543717566903,0.08600558044646109,0.07409319779727182,0.8795274058413546,0.22831963001337674,0.6825080198435844,0.746715762762385,0.8312917592659974,0.8213942099964183,-0.5832676101472514,-0.1579790117792094,-0.592943367203289,-0.6795095868669185,-0.6319915156028857,-0.6260855994291428,0.28924638324047175,0.12621233924773478,0.5019088834575942,0.4859681084132585,0.33046162695963,0.3451459118752952
333,0.3333333333333333,0.5416666666666666,1,2,2,False,0.08122092484441946,-3.996802888650564e-17,0.0861244677012289,0.06510395352512323,0.08523784316234082,0.07246139208735032,0.8795274058413546,0.22831963001337674,0.4849687529687283,0.5871977321591137,0.8302448869259048,0.8196413538170134,-0.5832676101472514,-0.1579790117792094,-0.5187154920538095,-0.6090880718745022,-0.6304322722491486,-0.6238336151605101,0.28924638324047175,0.12621233924773478,0.5635811399224356,0.45284671144730043,0.32812060372670987,0.34398762081611556
334,0.375,0.5416666666666666,1,2,2,False,0.08122092484441946,-3.996802888650564e-17,0.057737709605761606,0.05973797636915235,0.08458366028768588,0.07103945183639579,0.8795274058413546,0.22831963001337674,0.27989432281700727,0.31277379947113426,0.8293378716613047,0.8181147960914972,-0.5832676101472514,-0.1579790117792094,-0.44099084796942917,-0.4450229695697672,-0.6289673596379132,-0.6217352525300657,0.28924638324047175,0.12621233924773478,0.5998052691957906,0.4499556902021954,0.32595048984423036,0.34287203555219614
335,0.41666666666666663,0.5416666666666666,1,1,2,True,0.08122092484441946,-3.996802888650564e-17,0.006486642003842325,0.05342975626706554,0.08402391675768896,0.06979575698609941,0.8795274058413546,0.22831963001337674,0.09433447390659626,0.07564523380934993,0.828548166559447,0.8167805890147506,-0.5832676101472514,-0.1579790117792094,-0.3393941207061851,-0.2389403860052202,-0.6276009551554956,-0.6197911332649261,0.28924638324047175,0.12621233924773478,0.5907404963783627,0.4994777310423054,0.32394890371389584,0.3418114204464987
336,0.4583333333333333,0.5416666666666666,2,1,1,True,0.09177274342519921,-3.996802888650564e-17,-0.030614189228743423,0.047725658798271314,0.07058803670335079,0.07605394807723673,-0.5863516038942365,0.22831963001337674,-0.056799865702480426,-0.10462363751356459,-0.5516851138637655,-0.5665272199884344,0.5832676101472514,-0.1579790117792094,-0.18808805631267736,-0.027587381139615397,0.6046166768468902,0.6204054968471534,0.28924638324047175,0.12621233924773478,0.5444046461762562,0.53182064758914,0.2758715640604787,0.3160700200933561
337,0.5,0.5416666666666666,2,1,1,False,0.09177274342519921,-3.996802888650564e-17,-0.05025005903087925,0.042179332684023435,0.07274742626893894,0.07787601945378111,-0.5863516038942365,0.22831963001337674,-0.18441299710217784,-0.23637395045163884,-0.5508709181077436,-0.5644079789465581,0.5832676101472514,-0.1579790117792094,0.01095629484749376,0.1704710697172802,0.6077861991748152,0.6223713010734662,0.28924638324047175,0.12621233924773478,0.4514602680495291,0.523192404679932,0.2777383784649499,0.3144327452633978
338,0.5416666666666666,0.5416666666666666,2,1,1,False,0.09177274342519921,-3.996802888650564e-17,-0.04659978738183072,0.03815410837196125,0.07541112404451342,0.08016237225054115,-0.5863516038942365,0.22831963001337674,-0.27329494874620874,-0.31477682257918316,-0.5499305305077549,-0.5619995445734798,0.5832676101472514,-0.1579790117792094,0.20768295717172808,0.3714828105366492,0.6114267164778607,0.6246072132424305,0.28924638324047175,0.12621233924773478,0.35108840140117037,0.4585520353428263,0.27975859077057086,0.31247850922293247
339,0.5833333333333333,0.5416666666666666,2,1,1,False,0.09177274342519921,-3.996802888650564e-17,-0.013312931572994693,0.03466434567136736,0.07874721393908153,0.0830705328103059,-0.5863516038942365,0.22831963001337674,-0.3181452279381357,-0.30404678890407744,-0.5488423034790578,-0.5592649524296773,0.5832676101472514,-0.1579790117792094,0.3710530867298387,0.5073419600755108,0.6156165244181471,0.6271559217193601,0.28924638324047175,0.12621233924773478,0.265413624842726,0.3319966096733114,0.2819008519224794,0.310119117430599
340,0.625,0.5416666666666666,2,1,1,False,0.09177274342519921,-3.996802888650564e-17,0.03301918490240218,0.032885918045940835,0.08299288829190815,0.08682238274930287,-0.5863516038942365,0.22831963001337674,-0.30783142603219954,-0.2513526816026787,-0.5475845732835822,-0.5561767988134083,0.5832676101472514,-0.1579790117792094,0.4577640668039319,0.5544850518556629,0.6204303292442965,0.6300601830280563,0.28924638324047175,0.12621233924773478,0.1994567069005952,0.20419281126078198,0.284082688082032,0.307237855927732
341,0.6666666666666666,0.5416666666666666,2,1,1,False,0.09177274342519921,-3.996802888650564e-17,0.08193623849371968,0.031528797464145546,0.08848234517369932,0.09173074109078666,-0.5863516038942365,0.22831963001337674,-0.31581339592637453,-0.22492295050502334,-0.5461405928040877,-0.5527358377785063,0.5832676101472514,-0.1579790117792094,0.5040392714900311,0.5996827331382981,0.6259127730459839,0.6333530606977487,0.28924638324047175,0.12621233924773478,0.13548416639861058,0.1507170307606311,0.28612221715748437,0.3036835611457154
342,0.7083333333333333,0.5416666666666666,2,1,1,False,0.09177274342519921,-3.996802888650564e-17,0.13222278969926762,0.03094374333075608,0.09567459002978049,0.09822978435800295,-0.5863516038942365,0.22831963001337674,-0.37018292893368215,-0.2711170261361497,-0.5445082108561619,-0.5490073621425463,0.5832676101472514,-0.1579790117792094,0.5570644898730231,0.6449345369760702,0.6320168837847697,0.6370357835233227,0.28924638324047175,0.12621233924773478,0.11145988771490921,0.1704413346616798,0.2876506257062188,0.29927277143851116
343,0.75,0.5416666666666666,2,1,1,False,0.09177274342519921,-3.996802888650564e-17,0.13452451913187374,0.03056908858703441,0.10134365536868885,0.10325002917814219,-0.5863516038942365,0.22831963001337674,-0.40496833956512307,-0.35734785833679955,-0.5446963206750229,-0.5477235643364954,0.5832676101472514,-0.1579790117792094,0.6011114911924034,0.6798590299915617,0.6347545949469646,0.6379904651406724,0.28924638324047175,0.12621233924773478,0.09778090635592847,0.25693853435276015,0.28479038540981483,0.2922421685423233
344,0.7916666666666666,0.5416666666666666,2,1,1,False,0.09177274342519921,-3.996802888650564e-17,0.0895402424892195,0.030322508210228426,0.10288351828316429,0.10435546980783438,-0.5863516038942365,0.22831963001337674,-0.4007442307873753,-0.4310696706945443,-0.5467073138033475,-0.5490363865582811,0.5832676101472514,-0.1579790117792094,0.6102714308044904,0.6966946600120436,0.6332278697719838,0.6356217075371371,0.28924638324047175,0.12621233924773478,0.08092396402969747,0.3383179943518441,0.2793584790298861,0.2849159367701025
345,0.8333333333333333,0.5416666666666666,2,1,1,False,0.09177274342519921,-3.996802888650564e-17,0.0581918703628875,0.030041275821718786,0.10353153394616671,0.1046661868647043,-0.5863516038942365,0.22831963001337674,-0.38597571529535957,-0.45085739095280714,-0.5485110051268706,-0.5503182721229428,0.5832676101472514,-0.1579790117792094,0.5953949505199752,0.6793315270740781,0.6313269024361977,0.6331141275960224,0.28924638324047175,0.12621233924773478,0.042932396040678986,0.35723231989686516,0.27507611112225744,0.2792701068898466
346,0.875,0.5416666666666666,2,3,1,False,0.09177274342519921,-3.996802888650564e-17,0.04951439038175116,0.030006340245619153,0.10362716035535402,0.10450516938544648,-0.5863516038942365,0.22831963001337674,-0.3399906983522439,-0.3824767925325357,-0.5501037435816448,-0.5515189458731913,0.5832676101472514,-0.1579790117792094,0.5559994963275204,0.6290618651911115,0.6293225362607225,0.6306700741358053,0.28924638324047175,0.12621233924773478,-0.043458638373364424,0.186254079747845,0.27168952746676917,0.27489131507521875
347,0.9166666666666666,0.5416666666666666,2,3,1,False,0.09177274342519921,-3.996802888650564e-17,0.04950212401334312,0.02983524788857659,0.1033884001879745,0.10407257752312701,-0.5863516038942365,0.22831963001337674,-0.30087637852246557,-0.32230679247105876,-0.5515032502368528,-0.5526212013041542,0.5832676101472514,-0.1579790117792094,0.5341904175082042,0.5779761082796047,0.6273526382827415,0.6283783252481324,0.28924638324047175,0.12621233924773478,-0.09292818816577472,-0.021839394247745753,0.26899078991536196,0.27146085196507846
348,0.9583333333333333,0.5416666666666666,2,3,1,False,0.09177274342519921,-3.996802888650564e-17,0.054318930468620095,0.029846181252948148,0.10295323670292891,0.10349116434961893,-0.5863516038942365,0.22831963001337674,-0.2682346305745519,-0.26441156810000954,-0.5527332023698679,-0.5536234191700695,0.5832676101472514,-0.1579790117792094,0.5283996592991357,0.5399488211538113,0.6254828723073225,0.6262703552904687,0.28924638324047175,0.12621233924773478,-0.12338052752765588,-0.12260951369099085,0.26681923198909363,0.2687422667257355
349,1.0,0.5416666666666666,2,3,1,False,0.09177274342519921,-3.996802888650564e-17,0.05931147841527922,0.02978440189491667,0.10240849125528421,0.102835841557726,-0.5863516038942365,0.22831963001337674,-0.2389649420171066,-0.2172709889775875,-0.5538170970796632,-0.5545309691335888,0.5832676101472514,-0.1579790117792094,0.5273037495567486,0.5187058981597972,0.6237403931992203,0.6243496562392387,0.28924638324047175,0.12621233924773478,-0.14451985964875208,-0.18779561305248074,0.26505359302274956,0.266562351543817
350,0.0,0.5833333333333333,1,2,2,False,0.08122092484441946,-3.996802888650564e-17,0.09292420243887572,0.08477843998160636,0.09943326170446189,0.09171643635070142,0.8795274058413546,0.22831963001337674,0.856681904975136,0.8480222877440016,0.8443044644006505,0.8382024437666968,-0.5832676101472514,-0.1579790117792094,-0.6728136394726676,-0.6836853998502812,-0.6354897381299822,-0.6316328403842859,0.28924638324047175,0.12621233924773478,0.31801663728019014,0.28576873046237183,0.32106842176022254,0.3302858386371104
351,0.041666666666666664,0.5833333333333333,1,2,2,False,0.08122092484441946,-3.996802888650564e-17,0.09471760641013148,0.0834489175916104,0.09790155511182344,0.08958620747822851,0.8795274058413546,0.22831963001337674,0.8558291118642728,0.8468256436518724,0.8436824912964325,0.8370373061051583,-0.5832676101472514,-0.1579790117792094,-0.6789883784206697,-0.7053102198673451,-0.6355258580103805,-0.6313260977319024,0.28924638324047175,0.12621233924773478,0.3332002248776043,0.2787154128679914,0.322149975185652,0.3321479880509842
352,0.08333333333333333,0.5833333333333333,1,2,2,False,0.08122092484441946,-3.996802888650564e-17,0.09670813574321344,0.08190129984399319,0.09618608283810132,0.08720506794722047,0.8795274058413546,0.22831963001337674,0.8545667740701633,0.8418013288054875,0.8428743189063711,0.8356184071451848,-0.5832676101472514,-0.1579790117792094,-0.6825817829589483,-0.7172731984858245,-0.635543042275956,-0.6309545250362604,0.28924638324047175,0.12621233924773478,0.35287189427793697,0.31560285557237255,0.3232923103086927,0.3341658160737975
353,0.125,0.5833333333333333,1,2,2,False,0.08122092484441946,-3.996802888650564e-17,0.10077704967883885,0.0800822004561973,0.09426095377177512,0.08454039605133186,0.8795274058413546,0.22831963001337674,0.8521880194671065,0.8390589268719626,0.8418351509599368,0.8338936384078283,-0.5832676101472514,-0.1579790117792094,-0.6803631746243175,-0.6975184412548714,-0.6355323855120031,-0.630501665168048,0.28924638324047175,0.12621233924773478,0.37479766426851396,0.3524614627443885,0.3244900432275948,0.3363455834820113
354,0.16666666666666666,0.5833333333333333,1,2,2,False,0.08122092484441946,-3.996802888650564e-17,0.10320719830703791,0.07792127125344954,0.09209818744845483,0.08155813662548514,0.8795274058413546,0.22831963001337674,0.8402424531039336,0.8369273131228444,0.8405103273171421,0.8318019210611324,-0.5832676101472514,-0.1579790117792094,-0.6670054407332354,-0.663354398981114,-0.6354815023112104,-0.629946315534528,0.28924638324047175,0.12621233924773478,0.40860644303193006,0.4189705711208559,0.3257314698402535,0.3386873801494936
355,0.20833333333333331,0.5833333333333333,1,2,2,False,0.08122092484441946,-3.996802888650564e-17,0.0939244580370868,0.07528893317069991,0.08966922059038035,0.07822530246728247,0.8795274058413546,0.22831963001337674,0.8179834843701731,0.8312307735453874,0.8388341977319328,0.8292734530536272,-0.5832676101472514,-0.1579790117792094,-0.6460885947803033,-0.6284121392228952,-0.6353732783403476,-0.6292611813135283,0.28924638324047175,0.12621233924773478,0.4381204909710959,0.46497434277953636,0.32699494770697424,0.34118054147449295
356,0.25,0.5833333333333333,1,2,2,False,0.08122092484441946,-3.996802888650564e-17,0.07053337335525049,0.07216962255256226,0.08885882299405184,0.07649139752659043,0.8795274058413546,0.22831963001337674,0.7857555160953393,0.794686669746578,0.8374399876680534,0.8271086448616808,-0.5832676101472514,-0.1579790117792094,-0.6270418205508996,-0.5944508916213445,-0.6338458958976741,-0.6270080401834234,0.28924638324047175,0.12621233924773478,0.45147567942125644,0.4970420777200965,0.3251909650814133,0.34062750244872375
357,0.29166666666666663,0.5833333333333333,1,2,2,False,0.08122092484441946,-3.996802888650564e-17,0.0680430912481376,0.06834727571519433,0.08813221404910944,0.07493985681350829,0.8795274058413546,0.22831963001337674,0.6503938841986939,0.7461080009454408,0.8361837027330186,0.8251719628991304,-0.5832676101472514,-0.1579790117792094,-0.5855556250898408,-0.5971856663691861,-0.6323716852670886,-0.62486978337608,0.28924638324047175,0.12621233924773478,0.48973075364505936,0.49861062736294837,0.32346134132796195,0.34001803309325296
358,0.3333333333333333,0.5833333333333333,1,2,2,False,0.08122092484441946,-3.996802888650564e-17,0.07232860916665974,0.06375641962754261,0.08748138423591774,0.07355171606649001,0.8795274058413546,0.22831963001337674,0.4258084925589453,0.5288098042542988,0.835053185596641,0.823441285894996,-0.5832676101472514,-0.1579790117792094,-0.5137425224447185,-0.5790846567053516,-0.6309657841494953,-0.6228587098105155,0.28924638324047175,0.12621233924773478,0.5407409183147804,0.4549224390770976,0.32182108944696397,0.3393799145285478
359,0.375,0.5833333333333333,1,1,2,False,0.08122092484441946,-3.996802888650564e-17,0.054588275338089735,0.05855616236391459,0.08689826996574579,0.07230850500299059,0.8795274058413546,0.22831963001337674,0.21240942088983691,0.2097995105829595,0.8340357440099436,0.8218941421817445,-0.5832676101472514,-0.1579790117792094,-0.4132232927891755,-0.46429523087888763,-0.6296359722266512,-0.6209784154433142,0.28924638324047175,0.12621233924773478,0.5778572826025005,0.4448578814945576,0.3202769105529698,0.33873281087916746
360,0.41666666666666663,0.5833333333333333,1,1,2,True,0.08122092484441946,-3.996802888650564e-17,0.04268508245270785,0.05277975620646899,0.08637522524364213,0.07119310835671039,0.8795274058413546,0.22831963001337674,0.03244187556929329,-0.024129988179480935,0.8331191021337525,0.820509210166027,-0.5832676101472514,-0.1579790117792094,-0.272959470405091,-0.28290121669341317,-0.6283850744178053,-0.6192270066751284,0.28924638324047175,0.12621233924773478,0.6018217062593698,0.5047899051891772,0.3188301123326004,0.3380902998067534
361,0.4583333333333333,0.5833333333333333,2,1,1,True,0.09177274342519921,-3.996802888650564e-17,0.047760293570548104,0.046822175799332136,0.06638572946055835,0.0716295906759521,-0.5863516038942365,0.22831963001337674,-0.11086633490695236,-0.18717158658464722,-0.5534242868332844,-0.5693465183706339,0.5832676101472514,-0.1579790117792094,-0.0992349607539796,-0.048747775519764544,0.6026774293277068,0.6190477760905112,0.28924638324047175,0.12621233924773478,0.6034254562983916,0.5569073066859148,0.27250708323363615,0.31438019830551855
362,0.5,0.5833333333333333,2,1,1,False,0.09177274342519921,-3.996802888650564e-17,0.03645521086150757,0.04174977203722685,0.06817744373041204,0.0730502128291737,-0.5863516038942365,0.22831963001337674,-0.22949559568598163,-0.3297589811965372,-0.5527266350480848,-0.5672903639641323,0.5832676101472514,-0.1579790117792094,0.09007448324426692,0.20860441481216427,0.6059260831384794,0.6210739973827843,0.28924638324047175,0.12621233924773478,0.5454341747522992,0.5583242781714425,0.2742936339392976,0.3125568478508345
363,0.5416666666666666,0.5833333333333333,2,1,1,False,0.09177274342519921,-3.996802888650564e-17,0.032547169361177665,0.037509053511667306,0.07043483341450071,0.07489525286362857,-0.5863516038942365,0.22831963001337674,-0.33755338069513197,-0.4207143499400866,-0.5519099952437125,-0.5649177408211957,0.5832676101472514,-0.1579790117792094,0.30231620179065277,0.4789098438802456,0.6097092856604693,0.623409631029431,0.28924638324047175,0.12621233924773478,0.42704299207353263,0.5341606053260181,0.27625193375031437,0.3103697724046525
364,0.5833333333333333,0.5833333333333333,2,1,1,False,0.09177274342519921,-3.996802888650564e-17,0.039654848229494506,0.03453309422108613,0.07333381289473936,0.07733181219358247,-0.5863516038942365,0.22831963001337674,-0.40790217595317874,-0.40619946512255845,-0.5509500884939392,-0.5621771248320839,0.5832676101472514,-0.1579790117792094,0.4862765661557515,0.6220845499696119,0.6141316563508441,0.6261116548784239,0.28924638324047175,0.12621233924773478,0.34654096840739734,0.4635603130434737,0.27835641454471927,0.3077124887787815
365,0.625,0.5833333333333333,2,1,1,False,0.09177274342519921,-3.996802888650564e-17,0.05552102295323228,0.03229272174509557,0.07713506017828363,0.08060791835867426,-0.5863516038942365,0.22831963001337674,-0.39656499576832066,-0.35095794976659894,-0.5498204437850986,-0.559023417638783,0.5832676101472514,-0.1579790117792094,0.6068697632313511,0.6562847814387385,0.6193002841388713,0.6292399873686253,0.28924638324047175,0.12621233924773478,0.30999018160949326,0.37935379276815684,0.28052413601943876,0.30444111302570254
366,0.6666666666666666,0.5833333333333333,2,1,1,False,0.09177274342519921,-3.996802888650564e-17,0.09314905529646572,0.030798206855747683,0.08222782782836853,0.08509503666516416,-0.5863516038942365,0.22831963001337674,-0.3965523204377351,-0.3486638833779926,-0.5484966637428559,-0.5554414183827114,0.5832676101472514,-0.1579790117792094,0.6594543899034209,0.6692058481590881,0.6252905330998528,0.6328444862840363,0.28924638324047175,0.12621233924773478,0.27686535417717695,0.31568082752849685,0.28255042245347983,0.30036475736144097
367,0.7083333333333333,0.5833333333333333,2,1,1,False,0.09177274342519921,-3.996802888650564e-17,0.1450526499082969,0.030087199705944638,0.08918434282570721,0.09134569515879351,-0.5863516038942365,0.22831963001337674,-0.45157007518917597,-0.40499890976830216,-0.5469659868161256,-0.5514981158191772,0.5832676101472514,-0.1579790117792094,0.698273145475654,0.6809275301038439,0.6320559823014384,0.6369319890961842,0.28924638324047175,0.12621233924773478,0.2735739723142042,0.30583998682549673,0.28398055184922305,0.2952463931153416
368,0.75,0.5833333333333333,2,1,1,False,0.09177274342519921,-3.996802888650564e-17,0.15406846425272458,0.029631961550076115,0.09520813953530974,0.09674181967259239,-0.5863516038942365,0.22831963001337674,-0.48517001877517696,-0.47569288019885114,-0.5473123996587562,-0.5501636422436726,0.5832676101472514,-0.1579790117792094,0.7019112829592538,0.69953773914321,0.6349555421894147,0.637889854624658,0.28924638324047175,0.12621233924773478,0.28218797680801133,0.36014144364029216,0.2808944494360907,0.28764386000263353
369,0.7916666666666666,0.5833333333333333,2,1,1,False,0.09177274342519921,-3.996802888650564e-17,0.12757322429221626,0.029464064464906396,0.09725725059018847,0.09840009734264506,-0.5863516038942365,0.22831963001337674,-0.48922198599747097,-0.5248888044745563,-0.5494751922582282,-0.5515790489183257,0.5832676101472514,-0.1579790117792094,0.6760970199656173,0.703933261268628,0.6329857868478185,0.6350675981373488,0.28924638324047175,0.12621233924773478,0.2702878729436381,0.44753416559485026,0.2754825878516834,0.28032360718313504
370,0.8333333333333333,0.5833333333333333,2,1,1,False,0.09177274342519921,-3.996802888650564e-17,0.09817066558785717,0.029257939609783953,0.09825541970904766,0.09910690537000054,-0.5863516038942365,0.22831963001337674,-0.47036021138252704,-0.5424507886701475,-0.5513395402400496,-0.5529111384080665,0.5832676101472514,-0.1579790117792094,0.6426681306077986,0.6924807006527536,0.6306846494549508,0.6321801205627404,0.28924638324047175,0.12621233924773478,0.23891297056048774,0.49682972805826936,0.27136734415448244,0.2748926910709988
371,0.875,0.5833333333333333,2,1,1,False,0.09177274342519921,-3.996802888650564e-17,0.08620344818052361,0.02918991315793594,0.09861735562832105,0.09925622316879743,-0.5863516038942365,0.22831963001337674,-0.42596771731270533,-0.4776969099997675,-0.5529304974125887,-0.5541190720130965,0.5832676101472514,-0.1579790117792094,0.6121866646121039,0.6649730007805829,0.628361235037117,0.6294493445585301,0.28924638324047175,0.12621233924773478,0.12791138744271027,0.3691440685971359,0.2682160985504698,0.27082020328963796
372,0.9166666666666666,0.5833333333333333,2,1,1,False,0.09177274342519921,-3.996802888650564e-17,0.0847250081868231,0.029155210208009964,0.09859990053204105,0.09908463345455182,-0.5863516038942365,0.22831963001337674,-0.3820861295069629,-0.42318489116494923,-0.5542884864598321,-0.5551975619248944,0.5832676101472514,-0.1579790117792094,0.596345765475055,0.6391407032257848,0.6261524135368879,0.6269535853355837,0.28924638324047175,0.12621233924773478,0.04862623934237313,0.16557703699410464,0.2657745993231062,0.2677222581594583
373,0.9583333333333333,0.5833333333333333,2,3,1,False,0.09177274342519921,-3.996802888650564e-17,0.08635637109551537,0.029141782038852614,0.09836028100093615,0.09873328313708075,-0.5863516038942365,0.22831963001337674,-0.35005544067421296,-0.35433237737786105,-0.5554530102439855,-0.5561551226227057,0.5832676101472514,-0.1579790117792094,0.5867489039605156,0.6132844917073021,0.6241109699673297,0.62470713582549,0.28924638324047175,0.12621233924773478,0.006903560492291077,0.06190675401484455,0.2638574705262002,0.265329342803623
374,1.0,0.5833333333333333,2,3,1,False,0.09177274342519921,-3.996802888650564e-17,0.08921054069513543,0.029141751631112076,0.09799464985815952,0.09828647148922476,-0.5863516038942365,0.22831963001337674,-0.32613688081193326,-0.3032186246655913,-0.5564580549735968,-0.5570047513772323,0.5832676101472514,-0.1579790117792094,0.578563827812935,0.5936280514854995,0.6222496237391112,0.6226973812923703,0.28924638324047175,0.12621233924773478,-0.019537990660994934,-0.018514109020706136,0.26233147567582615,0.26345311593184617
375,0.0,0.625,1,2,2,False,0.08122092484441946,-3.996802888650564e-17,0.09961090851044681,0.08388174232075388,0.09975953022016287,0.09080821531649522,0.8795274058413546,0.22831963001337674,0.8572878409006868,0.8525383596314735,0.8474803635587405,0.8403450100667995,-0.5832676101472514,-0.1579790117792094,-0.6879642370347079,-0.6919509076364979,-0.6355473674625636,-0.6305352957878221,0.28924638324047175,0.12621233924773478,0.3150026090282531,0.29771814207527675,0.315271242949597,0.32623358520126006
376,0.041666666666666664,0.625,1,2,2,False,0.08122092484441946,-3.996802888650564e-17,0.10061517870515461,0.08255333609871096,0.09843152717385138,0.08886390028588648,0.8795274058413546,0.22831963001337674,0.856135658856894,0.8493579114520708,0.8470208376230433,0.8393195215842666,-0.5832676101472514,-0.1579790117792094,-0.6916260086988442,-0.6950682474360823,-0.6355441188620653,-0.630123112207517,0.28924638324047175,0.12621233924773478,0.32928780200016017,0.3067173691937023,0.3160061115023022,0.3277941807296886
377,0.08333333333333333,0.625,1,2,2,False,0.08122092484441946,-3.996802888650564e-17,0.10166272869014097,0.08093938345869994,0.0969676671974627,0.08672432698403909,0.8795274058413546,0.22831963001337674,0.8531014971329208,0.8461547536375291,0.8464120286226402,0.8380842930229027,-0.5832676101472514,-0.1579790117792094,-0.6918690523151378,-0.6876357100438881,-0.6355193791067937,-0.629640092742344,0.28924638324047175,0.12621233924773478,0.3498826464411974,0.34152584862799995,0.3167779696265173,0.3294776578266942
378,0.125,0.625,1,2,2,False,0.08122092484441946,-3.996802888650564e-17,0.10435735258976613,0.07897357609513289,0.09535247142583678,0.08436924422537416,0.8795274058413546,0.22831963001337674,0.8500775141411985,0.8425148005917349,0.845619804144148,0.8366001096305645,-0.5832676101472514,-0.1579790117792094,-0.6860174936400436,-0.6674732694625967,-0.6354658706679426,-0.6290717953308722,0.28924638324047175,0.12621233924773478,0.3752284782732258,0.37387606347079827,0.31758422601764014,0.3312896818161251
379,0.16666666666666666,0.625,1,2,2,False,0.08122092484441946,-3.996802888650564e-17,0.09862148424137056,0.07679386564149894,0.09356984422083373,0.08177839362004978,0.8795274058413546,0.22831963001337674,0.8440394493579878,0.846166468184066,0.8446027492563223,0.8348214130618292,-0.5832676101472514,-0.1579790117792094,-0.6643310110765939,-0.6384295965195684,-0.6353740827363876,-0.6284005493878445,0.28924638324047175,0.12621233924773478,0.4030580682022892,0.4244092309622146,0.318419416496393,0.3332326723811219
380,0.20833333333333331,0.625,1,2,2,False,0.08122092484441946,-3.996802888650564e-17,0.08541484376663101,0.07407525521867495,0.091603982618641,0.07893303947912839,0.8795274058413546,0.22831963001337674,0.8287704758310448,0.8516753842610351,0.8433110810119844,0.8326961539366393,-0.5832676101472514,-0.1579790117792094,-0.6439440658912208,-0.5867559873669181,-0.6352316456821204,-0.6276048124344662,0.28924638324047175,0.12621233924773478,0.4159909130563639,0.46086196171928134,0.3192737183313813,0.3353035668349265
381,0.25,0.625,1,2,2,False,0.08122092484441946,-3.996802888650564e-17,0.06047209166964412,0.0708872651646401,0.09090213925875085,0.07743895349480633,0.8795274058413546,0.22831963001337674,0.7867851532687478,0.8134250504355471,0.8419013875150771,0.8306246245133384,-0.5832676101472514,-0.1579790117792094,-0.6230110530043776,-0.521091118291855,-0.6338723976412407,-0.6256062123271643,0.28924638324047175,0.12621233924773478,0.4286841426008041,0.48635522459652636,0.3181368786421862,0.3352355736360487
382,0.29166666666666663,0.625,1,2,2,False,0.08122092484441946,-3.996802888650564e-17,0.054517472040928064,0.0671480036749035,0.09025087944767386,0.07607470116159618,0.8795274058413546,0.22831963001337674,0.6236512491185415,0.7390430707935935,0.840599247206629,0.8287347879998936,-0.5832676101472514,-0.1579790117792094,-0.5998249017815895,-0.5134099683744109,-0.6325569879868735,-0.6237086548926342,0.28924638324047175,0.12621233924773478,0.45748000803611966,0.48253908313418165,0.3170240566582885,0.3350828348365219
383,0.3333333333333333,0.625,1,2,2,False,0.08122092484441946,-3.996802888650564e-17,0.06438175064982586,0.0627383984753974,0.08964824461804691,0.07482989825105633,0.8795274058413546,0.22831963001337674,0.39458219796744587,0.45429203116640765,0.8394001154047643,0.8270139761683672,-0.5832676101472514,-0.1579790117792094,-0.5228442694491051,-0.526228271725448,-0.6312956066017366,-0.6219181051619023,0.28924638324047175,0.12621233924773478,0.4970711919793019,0.44099255251961855,0.3159467436464322,0.3348681089973676
384,0.375,0.625,1,1,2,False,0.08122092484441946,-3.996802888650564e-17,0.06161638268127742,0.05773929978030562,0.08909151312761769,0.07369393415806133,0.8795274058413546,0.22831963001337674,0.178254750538757,0.14533689357286048,0.8382976633728176,0.8254481153238148,-0.5832676101472514,-0.1579790117792094,-0.3772765026292704,-0.4674268024158461,-0.6300939327015723,-0.6202356391591021,0.28924638324047175,0.12621233924773478,0.5381851391126113,0.41995012170164536,0.3149120526124065,0.3346092989232167
385,0.41666666666666663,0.625,1,1,2,True,0.08122092484441946,-3.996802888650564e-17,0.0817239758920748,0.05236297376901491,0.08857758202240218,0.07265652492631111,0.8795274058413546,0.22831963001337674,-0.012156003365227376,-0.07777651485313622,0.8372847404843912,0.8240229494300866,-0.5832676101472514,-0.1579790117792094,-0.19088905781564988,-0.2928094980959792,-0.6289544530509431,-0.6186591377444457,0.28924638324047175,0.12621233924773478,0.5802706277971563,0.4618998774621163,0.31392394059324397,0.33432030656933287
386,0.4583333333333333,0.625,2,1,1,True,0.09177274342519921,-3.996802888650564e-17,0.10139538238141756,0.04710235437826864,0.061872027285117544,0.06686282694930482,-0.5863516038942365,0.22831963001337674,-0.16288181955777295,-0.24080040310021494,-0.555305418167278,-0.5724713058264662,0.5832676101472514,-0.1579790117792094,-0.010070551859016293,-0.025495878028497565,0.6004605780834136,0.6174491209128239,0.28924638324047175,0.12621233924773478,0.5996995827662216,0.521235661511713,0.2686559943757492,0.31235368527498175
387,0.5,0.625,2,1,1,False,0.09177274342519921,-3.996802888650564e-17,0.09669382907118279,0.0421446584169322,0.06319871460425278,0.06777212182519424,-0.5863516038942365,0.22831963001337674,-0.29054136933383923,-0.3729244805473631,-0.554762642635001,-0.5705254811215748,0.5832676101472514,-0.1579790117792094,0.1651425495827934,0.26011170466980427,0.6037673796766917,0.6195213150982296,0.28924638324047175,0.12621233924773478,0.5626293955860872,0.54995490774064,0.27029405664290146,0.3102820081381139
388,0.5416666666666666,0.625,2,1,1,False,0.09177274342519921,-3.996802888650564e-17,0.077336199578474,0.038027781978406186,0.06491836156124298,0.06902976688921703,-0.5863516038942365,0.22831963001337674,-0.39649303860499063,-0.46819137729432914,-0.5541193311367105,-0.5682407345833216,0.5832676101472514,-0.1579790117792094,0.370157447134456,0.4837077359281228,0.6076803279750087,0.6219484598665908,0.28924638324047175,0.12621233924773478,0.46548269755721994,0.5430925579772421,0.27211277336718637,0.307781627817454
389,0.5833333333333333,0.625,2,1,1,False,0.09177274342519921,-3.996802888650564e-17,0.047520446439912926,0.034692605445889764,0.06720252632091861,0.07080123510035491,-0.5863516038942365,0.22831963001337674,-0.46326970654554994,-0.47154991413560077,-0.5533517470943009,-0.5655482891860322,0.5832676101472514,-0.1579790117792094,0.5460829040288285,0.6322151000721992,0.6123397763975689,0.624807798468612,0.28924638324047175,0.12621233924773478,0.39442188544569273,0.49888914654885574,0.27409284942852535,0.3047203643734083
390,0.625,0.625,2,1,1,False,0.09177274342519921,-3.996802888650564e-17,0.04190907243617261,0.0322731039167644,0.07032133591871467,0.07334936330757169,-0.5863516038942365,0.22831963001337674,-0.45554369202029826,-0.40889420360082207,-0.5524320262687668,-0.5623800037381786,0.5832676101472514,-0.1579790117792094,0.6548826954900938,0.6730372457009967,0.617900515850691,0.6281856058768276,0.28924638324047175,0.12621233924773478,0.36712706987489013,0.4202015571663773,0.27615169862578903,0.30091605331662596
391,0.6666666666666666,0.625,2,1,1,False,0.09177274342519921,-3.996802888650564e-17,0.0653938620489926,0.03064469203046336,0.07470887638508439,0.07709987359198278,-0.5863516038942365,0.22831963001337674,-0.4400863295708989,-0.39621840175470363,-0.5513306645519945,-0.5586972868709639,0.5832676101472514,-0.1579790117792094,0.6952705153038117,0.6816687620295427,0.624488931937602,0.632160506682859,0.28924638324047175,0.12621233924773478,0.33856737117941565,0.3570323780676095,0.27805829913538266,0.29612172501335443
392,0.7083333333333333,0.625,2,1,1,False,0.09177274342519921,-3.996802888650564e-17,0.10725694136774436,0.02990317996039109,0.08106200552023748,0.08274598427349587,-0.5863516038942365,0.22831963001337674,-0.48221038903917235,-0.4427528285698086,-0.5500228685526066,-0.5545671565343042,0.5832676101472514,-0.1579790117792094,0.7120689118269858,0.6758565222064497,0.6320690545795432,0.6367535181871982,0.28924638324047175,0.12621233924773478,0.32166954459206765,0.3519991930310073,0.2792435281508763,0.2900255770783887
393,0.75,0.625,2,1,1,False,0.09177274342519921,-3.996802888650564e-17,0.12826191073857238,0.02932961364034803,0.08742246747004678,0.08853542193188699,-0.5863516038942365,0.22831963001337674,-0.5194514218973918,-0.49636650234507196,-0.5506229333643694,-0.5532283240266103,0.5832676101472514,-0.1579790117792094,0.7040929762246083,0.667822471402694,0.635144412156674,0.6377127921991189,0.28924638324047175,0.12621233924773478,0.31795316937032286,0.39554773552508843,0.27593518273265044,0.28182621207988856
394,0.7916666666666666,0.625,2,1,1,False,0.09177274342519921,-3.996802888650564e-17,0.1269406602351233,0.02890538132103881,0.09024860007718008,0.09104208664950651,-0.5863516038942365,0.22831963001337674,-0.5365690251909911,-0.5432964117696605,-0.5529388968408093,-0.5547583625873643,0.5832676101472514,-0.1579790117792094,0.6826001181341221,0.6607710772735542,0.6325968165304916,0.6343235499362141,0.28924638324047175,0.12621233924773478,0.3232672081988237,0.4378629621511547,0.27078107956005676,0.27479982552505616
395,0.8333333333333333,0.625,2,1,1,False,0.09177274342519921,-3.996802888650564e-17,0.12446507104413182,0.02861741774241361,0.09180017404244804,0.09236764480108907,-0.5863516038942365,0.22831963001337674,-0.5340965326337277,-0.5674254385883548,-0.5548204809257505,-0.5561138436285488,0.5832676101472514,-0.1579790117792094,0.6585972854814024,0.654602925688471,0.6298072619357168,0.6309881004053008,0.28924638324047175,0.12621233924773478,0.3001319693587253,0.4510496427092765,0.2670370126077464,0.26983289754765266
396,0.875,0.625,2,1,1,False,0.09177274342519921,-3.996802888650564e-17,0.10695103022447398,0.028631067910781176,0.09259009377988502,0.09300144525830879,-0.5863516038942365,0.22831963001337674,-0.48872456034064615,-0.5438161237346947,-0.5563493086060557,-0.5572840867697206,0.5832676101472514,-0.1579790117792094,0.6420079742619471,0.6469805414788754,0.6271199514378243,0.6279412014059054,0.28924638324047175,0.12621233924773478,0.2285384154831945,0.35574027599370667,0.2642830403277199,0.26626264185653936
397,0.9166666666666666,0.625,2,1,1,False,0.09177274342519921,-3.996802888650564e-17,0.10290090925311068,0.028510351154112976,0.09292645938929754,0.09323076451737466,-0.5863516038942365,0.22831963001337674,-0.4511148108067246,-0.5053807091562403,-0.5576026811528572,-0.558287944063744,0.5832676101472514,-0.1579790117792094,0.6242652530673761,0.6449954154175991,0.6246568237895147,0.6252367462033794,0.28924638324047175,0.12621233924773478,0.16732869435082046,0.23168726381069724,0.2622223137806298,0.26364445080802124
398,0.9583333333333333,0.625,2,1,1,False,0.09177274342519921,-3.996802888650564e-17,0.10553590381563802,0.02851831959998407,0.09299284240628473,0.09322387527861885,-0.5863516038942365,0.22831963001337674,-0.4247284361870336,-0.442260862583398,-0.5586422707624611,-0.5591504084477072,0.5832676101472514,-0.1579790117792094,0.6130837758128241,0.645059711249604,0.6224459333559575,0.6228609986575119,0.28924638324047175,0.12621233924773478,0.12951660393030862,0.15772713517271186,0.26065210862902066,0.2616854712596447
399,1.0,0.625,2,1,1,False,0.09177274342519921,-3.996802888650564e-17,0.10917695599482544,0.028595032188604878,0.09289929782303019,0.09308025597692811,-0.5863516038942365,0.22831963001337674,-0.402686902320893,-0.3988665389111627,-0.5595149284493938,-0.5598950475660306,0.5832676101472514,-0.1579790117792094,0.6038853143337112,0.6346622372592898,0.6204775725018794,0.620778306912499,0.28924638324047175,0.12621233924773478,0.10044501936576264,0.09504280345029983,0.2594344920872597,0.26019177262419974
400,0.0,0.6666666666666666,1,2,2,False,0.08122092484441946,-3.996802888650564e-17,0.10681570209038473,0.08295440355863366,0.1002729235656936,0.09027253143854083,0.8795274058413546,0.22831963001337674,0.8575718481414014,0.8533016799713569,0.8502830781147122,0.8422629620950584,-0.5832676101472514,-0.1579790117792094,-0.7011140497966537,-0.6896488199917505,-0.6355460712614884,-0.629474076141372,0.28924638324047175,0.12621233924773478,0.307980338443232,0.30631509092781706,0.310180568561761,0.32266648510137397
401,0.041666666666666664,0.6666666666666666,1,2,2,False,0.08122092484441946,-3.996802888650564e-17,0.10483630503974434,0.0814265592567231,0.09912580478907483,0.08850906350665672,0.8795274058413546,0.22831963001337674,0.854932868918323,0.8475196550589041,0.8499527360439303,0.8413622488775494,-0.5832676101472514,-0.1579790117792094,-0.7035938483293339,-0.6859549994449579,-0.6355117373811948,-0.6289859666792283,0.28924638324047175,0.12621233924773478,0.32483724971234645,0.320833268245397,0.3106498188133789,0.32397834741832215
402,0.08333333333333333,0.6666666666666666,1,2,2,False,0.08122092484441946,-3.996802888650564e-17,0.10233102825025354,0.07976499321639222,0.09787792212300243,0.08659306328407662,0.8795274058413546,0.22831963001337674,0.8499109086133231,0.8428787646218179,0.849501412373432,0.8402876306875315,-0.5832676101472514,-0.1579790117792094,-0.7021347654426431,-0.6753398323495889,-0.6354549181440283,-0.6284260744392622,0.28924638324047175,0.12621233924773478,0.34464104241996174,0.34871988336057436,0.3111396667538077,0.3253868001421578
403,0.125,0.6666666666666666,1,2,2,False,0.08122092484441946,-3.996802888650564e-17,0.09960892946134602,0.07783226012512975,0.09652007184643985,0.08451193825005476,0.8795274058413546,0.22831963001337674,0.8452752571273083,0.8430443145978237,0.8489028462035929,0.8390093892989244,-0.5832676101472514,-0.1579790117792094,-0.6914795362799221,-0.656141846676123,-0.6353695847748235,-0.6277820774643127,0.28924638324047175,0.12621233924773478,0.36539453101978453,0.3835093199722418,0.31164878775650734,0.3268962936521328
404,0.16666666666666666,0.6666666666666666,1,2,2,False,0.08122092484441946,-3.996802888650564e-17,0.08996880484272529,0.0754859325631724,0.09504308039491063,0.0822536377749746,0.8795274058413546,0.22831963001337674,0.8502654723395291,0.8532040552243851,0.848125465787049,0.8374933516658356,-0.5832676101472514,-0.1579790117792094,-0.6702171342814247,-0.6396707825347784,-0.6352481922482105,-0.6270394231785089,0.28924638324047175,0.12621233924773478,0.3845355647232201,0.41184787276935597,0.31217454014915125,0.3285094088252922
405,0.20833333333333331,0.6666666666666666,1,2,2,False,0.08122092484441946,-3.996802888650564e-17,0.07138795270545575,0.07279165760292082,0.0934383835982466,0.07980762176693246,0.8795274058413546,0.22831963001337674,0.8412306011310974,0.8612137363995697,0.847131559509386,0.8357006940487053,-0.5832676101472514,-0.1579790117792094,-0.6488956871886391,-0.5999253749496276,-0.6350813384739581,-0.6261810149671382,0.28924638324047175,0.12621233924773478,0.38947032244158225,0.42757742936028437,0.31271233468672816,0.330225679232489
406,0.25,0.6666666666666666,1,2,2,False,0.08122092484441946,-3.996802888650564e-17,0.05053532132451926,0.06971523913101768,0.09279251561420364,0.07847028633006425,0.8795274058413546,0.22831963001337674,0.7936712380778663,0.8232031271513657,0.845725910437876,0.8337163249288921,-0.5832676101472514,-0.1579790117792094,-0.6269373837614117,-0.5296692594045973,-0.6338637424233203,-0.6243993854836863,0.28924638324047175,0.12621233924773478,0.39957276823301713,0.44031630573811115,0.31205838190499313,0.33049782539134925
407,0.29166666666666663,0.6666666666666666,1,2,2,False,0.08122092484441946,-3.996802888650564e-17,0.05292033785446426,0.06606120499480737,0.09218123648089857,0.07723213489856881,0.8795274058413546,0.22831963001337674,0.6139218468314311,0.7161093577400997,0.8444074717547748,0.8318806577500379,-0.5832676101472514,-0.1579790117792094,-0.6053101375269611,-0.4868009876377031,-0.6326816877225462,-0.6227041983696205,0.28924638324047175,0.12621233924773478,0.4224707836264768,0.4422161865126557,0.3113978772488095,0.3306728104495632
408,0.3333333333333333,0.6666666666666666,1,2,2,False,0.08122092484441946,-3.996802888650564e-17,0.0635376192140408,0.061813504818294424,0.09160462898413042,0.07608680406378576,0.8795274058413546,0.22831963001337674,0.38740589899252664,0.41577619074153155,0.8431751830791286,0.8301861758734828,-0.5832676101472514,-0.1579790117792094,-0.525810978253605,-0.47079950741676235,-0.631542540477467,-0.6210985460617131,0.28924638324047175,0.12621233924773478,0.4545382054718411,0.4266774529124414,0.31074008098640127,0.3307692630321129
409,0.375,0.6666666666666666,1,1,2,False,0.08122092484441946,-3.996802888650564e-17,0.08217926734912814,0.05711576939047765,0.0910620137340903,0.07502759477001902,0.8795274058413546,0.22831963001337674,0.16040029528076538,0.12295216050352717,0.842026064975139,0.8286237993171666,-0.5832676101472514,-0.1579790117792094,-0.3365182752977573,-0.40708655662097837,-0.6304507181434003,-0.6195825561504766,0.28924638324047175,0.12621233924773478,0.5039870955978281,0.41201121440966815,0.31009180713191054,0.33080277175368694
410,0.41666666666666663,0.6666666666666666,1,1,2,True,0.08122092484441946,-3.996802888650564e-17,0.10876970457643637,0.05217033573643486,0.09055220579869899,0.07404781459408637,0.8795274058413546,0.22831963001337674,-0.044818262472036,-0.10203489430158953,0.8409559845157097,0.827183791453354,-0.5832676101472514,-0.1579790117792094,-0.11704649186448035,-0.21891644746539501,-0.6294084653885288,-0.6181543546747823,0.28924638324047175,0.12621233924773478,0.551422235827939,0.42896742723735065,0.30945794174168967,0.3307862392639849
411,0.4583333333333333,0.6666666666666666,2,1,1,True,0.09177274342519921,-3.996802888650564e-17,0.1324668020979892,0.047351388889634596,0.05707314632574574,0.06178384371795046,-0.5863516038942365,0.22831963001337674,-0.2125198690523303,-0.27302284757538225,-0.5573111940239595,-0.5759056823971387,0.5832676101472514,-0.1579790117792094,0.06972965506702346,0.059550885291774186,0.5979084316662007,0.6155416118954864,0.28924638324047175,0.12621233924773478,0.5699253238582418,0.47768617316515233,0.2642410833321964,0.30991365208480554
412,0.5,0.6666666666666666,2,1,1,False,0.09177274342519921,-3.996802888650564e-17,0.11552692271150614,0.042828364081799096,0.05782630160178273,0.0620571589024986,-0.5863516038942365,0.22831963001337674,-0.3548133638508891,-0.39632445506595804,-0.5569653363084117,-0.574126680698235,0.5832676101472514,-0.1579790117792094,0.24629628739505455,0.31497282301147533,0.6012372273789028,0.6176307038236357,0.28924638324047175,0.12621233924773478,0.5392138439950153,0.5146352161941592,0.26563635776180095,0.3075068096980047
413,0.5416666666666666,0.6666666666666666,2,1,1,False,0.09177274342519921,-3.996802888650564e-17,0.06094081670162112,0.03869068476029119,0.05885353432740874,0.06255251377465076,-0.5863516038942365,0.22831963001337674,-0.45669816854985307,-0.4825844812170732,-0.5565529688667464,-0.5719952242771811,0.5832676101472514,-0.1579790117792094,0.4270627316116233,0.48796229133004615,0.6052494401268801,0.6201247137704429,0.28924638324047175,0.12621233924773478,0.46289460189515763,0.5120857095376122,0.26720206163414817,0.3045775949051241
414,0.5833333333333333,0.6666666666666666,2,1,1,False,0.09177274342519921,-3.996802888650564e-17,0.011567627028154165,0.03522995511358145,0.060300009145501834,0.06341248132849343,-0.5863516038942365,0.22831963001337674,-0.5188868011357375,-0.4877784400245629,-0.5560572381062524,-0.5694234378503253,0.5832676101472514,-0.1579790117792094,0.5703529146845093,0.6129395947526368,0.6101330142772007,0.6231290933751372,0.28924638324047175,0.12621233924773478,0.4059296416652403,0.4710141832098952,0.26892243917493114,0.3009553656064717
415,0.625,0.6666666666666666,2,1,1,False,0.09177274342519921,-3.996802888650564e-17,-0.007091612458387804,0.032692093189060745,0.06241417524085072,0.06488729276855981,-0.5863516038942365,0.22831963001337674,-0.5001339376502851,-0.427850470672936,-0.5554574119289925,-0.566314914141417,0.5832676101472514,-0.1579790117792094,0.6606114667469235,0.6611080350869528,0.6161125319778634,0.6267705992406007,0.28924638324047175,0.12621233924773478,0.375096281340699,0.40358444191506326,0.270712482670314,0.2964004601631217
416,0.6666666666666666,0.6666666666666666,2,1,1,False,0.09177274342519921,-3.996802888650564e-17,0.017353516359563073,0.030767440738195758,0.06563786377757183,0.0674302871956089,-0.5863516038942365,0.22831963001337674,-0.47117604845511496,-0.41594424964867627,-0.5547287885747085,-0.5625995196468296,0.5832676101472514,-0.1579790117792094,0.6952526116330606,0.6719561297744165,0.6233994555081737,0.6311783450549505,0.28924638324047175,0.12621233924773478,0.33927393016453905,0.3465058596226137,0.27230665204987003,0.2905823051112639
417,0.7083333333333333,0.6666666666666666,2,1,1,False,0.09177274342519921,-3.996802888650564e-17,0.06138492512217364,0.029510958513099456,0.07077352281832314,0.0718800448760939,-0.5863516038942365,0.22831963001337674,-0.4919979964061962,-0.46304630595523977,-0.5538401252690673,-0.5583469592713224,0.5832676101472514,-0.1579790117792094,0.7019940716279345,0.6546611244281998,0.6319917404103679,0.6364088818144263,0.28924638324047175,0.12621233924773478,0.3097918835201762,0.331105708001015,0.2729775803903358,0.28308311586160334
418,0.75,0.6666666666666666,2,1,1,False,0.09177274342519921,-3.996802888650564e-17,0.08908345907861108,0.029045833590061673,0.07738241992069421,0.07803753013868679,-0.5863516038942365,0.22831963001337674,-0.5246007306471108,-0.5041304865971558,-0.5548684506267887,-0.5571247711477805,0.5832676101472514,-0.1579790117792094,0.69283330686943,0.6375657221980591,0.6352669911594564,0.6373897640160364,0.28924638324047175,0.12621233924773478,0.29847449696465217,0.34364548881761536,0.2694987908531437,0.2743376767649495
419,0.7916666666666666,0.6666666666666666,2,1,1,False,0.09177274342519921,-3.996802888650564e-17,0.10059856393668669,0.02881503270140608,0.08140867705288213,0.08185251187371377,-0.5863516038942365,0.22831963001337674,-0.5435820788687993,-0.5454087996090582,-0.5573367992884655,-0.558798751907234,0.5832676101472514,-0.1579790117792094,0.6758547307638871,0.6218357786231028,0.6319748392618413,0.6333042441599428,0.28924638324047175,0.12621233924773478,0.30159316944106856,0.3393427756151193,0.26503956257144046,0.26812806109923554
420,0.8333333333333333,0.6666666666666666,2,1,1,False,0.09177274342519921,-3.996802888650564e-17,0.1112243943395423,0.028506100198000463,0.08383249229589906,0.08413708691125878,-0.5863516038942365,0.22831963001337674,-0.5522769083420646,-0.5732069350949028,-0.5591557869496719,-0.560127247604891,0.5832676101472514,-0.1579790117792094,0.6594062086407766,0.6183514118716009,0.6285985096160664,0.6294509784036335,0.28924638324047175,0.12621233924773478,0.29170800768046895,0.31280060893190276,0.2619875910719385,0.2640094619650212
421,0.875,0.6666666666666666,2,1,1,False,0.09177274342519921,-3.996802888650564e-17,0.11286340168126369,0.02826195909985447,0.08529597745226203,0.08551197973541368,-0.5863516038942365,0.22831963001337674,-0.5358576913406818,-0.5648557307118534,-0.5605216913227297,-0.5611814146046827,0.5832676101472514,-0.1579790117792094,0.6484340822702842,0.6300466450882651,0.6255077292049338,0.6260670839702731,0.28924638324047175,0.12621233924773478,0.2537238876159265,0.26511019083482823,0.25985805556086594,0.2612101588472197
422,0.9166666666666666,0.6666666666666666,2,1,1,False,0.09177274342519921,-3.996802888650564e-17,0.1064800819559524,0.02822345186556486,0.08617957538618555,0.08634028539498187,-0.5863516038942365,0.22831963001337674,-0.5144926848957533,-0.5542280566320976,-0.5615723196785729,-0.5620279824209197,0.5832676101472514,-0.1579790117792094,0.6385528949406268,0.643715454369288,0.6227864728963817,0.6231613185814958,0.28924638324047175,0.12621233924773478,0.22227611524737784,0.21814765129832225,0.25833651729711243,0.25925562796891266
423,0.9583333333333333,0.6666666666666666,2,1,1,False,0.09177274342519921,-3.996802888650564e-17,0.10485132545962815,0.028217046263045754,0.08621435223865229,0.08683380067034246,-0.5863516038942365,0.22831963001337674,-0.4975400391734091,-0.5228715863197235,-0.562523267644916,-0.562718092678386,0.5832676101472514,-0.1579790117792094,0.6288706046576444,0.6453738583954425,0.6200019592812928,0.6206774246474012,0.28924638324047175,0.12621233924773478,0.199188761610575,0.1678617595082837,0.25749984004896737,0.25785552971426073
424,1.0,0.6666666666666666,2,1,1,False,0.09177274342519921,-3.996802888650564e-17,0.10614207820290435,0.02814759818518602,0.08614819328455298,0.08711813722563594,-0.5863516038942365,0.22831963001337674,-0.48006056014293236,-0.4962566472306146,-0.5632633443912088,-0.5632890996433941,0.5832676101472514,-0.1579790117792094,0.6182351270451211,0.6416407791202577,0.6177324298293103,0.6185483778825674,0.28924638324047175,0.12621233924773478,0.18014279255450252,0.14971966643620635,0.2569219272017338,0.2568291455514251
425,0.0,0.7083333333333333,1,2,2,False,0.08122092484441946,-3.996802888650564e-17,0.11949633193195135,0.0820041061539376,0.1008569709528783,0.08996149822888065,0.8795274058413546,0.22831963001337674,0.8519925664048468,0.8509591903104801,0.8527239314854879,0.8439464216923943,-0.5832676101472514,-0.1579790117792094,-0.7059874130715239,-0.6925488275830426,-0.6355233368209134,-0.6284933647700977,0.28924638324047175,0.12621233924773478,0.2979677879324694,0.3064740626731236,0.30575489668837214,0.3195660030842667
426,0.041666666666666664,0.7083333333333333,1,2,2,False,0.08122092484441946,-3.996802888650564e-17,0.1115589720736215,0.08042952770012325,0.09986315904079512,0.08836155906174915,0.8795274058413546,0.22831963001337674,0.8473685631705509,0.844775752475699,0.8524912963673663,0.8431502200288448,-0.5832676101472514,-0.1579790117792094,-0.706253458156798,-0.6874248569953162,-0.6354666091105939,-0.6279544943623584,0.28924638324047175,0.12621233924773478,0.31528904050129636,0.3206881378818487,0.30602685672389085,0.32067923537698323
427,0.08333333333333333,0.7083333333333333,1,2,2,False,0.08122092484441946,-3.996802888650564e-17,0.10167061982730045,0.07851361562410876,0.0987937850231973,0.086641133560551,0.8795274058413546,0.22831963001337674,0.8427693129210823,0.8393844258337125,0.8521587349558613,0.8422081972103346,-0.5832676101472514,-0.1579790117792094,-0.7034173722583502,-0.6796836341140445,-0.635387663816595,-0.6273460964248041,0.28924638324047175,0.12621233924773478,0.33431159598623145,0.3403611344637415,0.30630923301232266,0.3218694233754199
428,0.125,0.7083333333333333,1,2,2,False,0.08122092484441946,-3.996802888650564e-17,0.09222245169592,0.07657935036183638,0.09764337116252864,0.0847923148418264,0.8795274058413546,0.22831963001337674,0.8410510534172527,0.8337921214639209,0.8517056592559105,0.8410974482294872,-0.5832676101472514,-0.1579790117792094,-0.6964643798496548,-0.6805735489992422,-0.6352815163925583,-0.6266578610032401,0.28924638324047175,0.12621233924773478,0.3520914477583311,0.3630787712203177,0.306601462707023,0.3231400188424812
429,0.16666666666666666,0.7083333333333333,1,2,2,False,0.08122092484441946,-3.996802888650564e-17,0.08256835611696516,0.07437376892074374,0.09640671144386244,0.08280788152166879,0.8795274058413546,0.22831963001337674,0.844760523887652,0.8366228407435681,0.8511075719489472,0.8397918946414831,-0.5832676101472514,-0.1579790117792094,-0.6826896074845343,-0.6941919085084584,-0.635142119745477,-0.6258779257578411,0.28924638324047175,0.12621233924773478,0.3640577324444724,0.37734244414478374,0.3069024195000526,0.32449333353172904
430,0.20833333333333331,0.7083333333333333,1,2,2,False,0.08122092484441946,-3.996802888650564e-17,0.06534236805712894,0.07168061428421794,0.09507924955455567,0.08068192543542146,0.8795274058413546,0.22831963001337674,0.8477559343380154,0.8442179400141767,0.8503354707353735,0.8382621190282071,-0.5832676101472514,-0.1579790117792094,-0.6620909601347007,-0.6682553112142999,-0.6349621669984594,-0.6249927248063161,0.28924638324047175,0.12621233924773478,0.36562636011961597,0.377957910334508,0.3072101445137026,0.3259298792657255
431,0.25,0.7083333333333333,1,2,2,False,0.08122092484441946,-3.996802888650564e-17,0.04496737150872965,0.06860408223836521,0.09446955982637237,0.07945980840286485,0.8795274058413546,0.22831963001337674,0.8165115251625332,0.8131906355084076,0.8489554721109625,0.8363681109255872,-0.5832676101472514,-0.1579790117792094,-0.6357110337979806,-0.590550537303731,-0.6338607215301272,-0.6233901785897988,0.28924638324047175,0.12621233924773478,0.37049619018619756,0.3793453425787612,0.30689651711669175,0.32642989716817605
432,0.29166666666666663,0.7083333333333333,1,2,2,False,0.08122092484441946,-3.996802888650564e-17,0.05431673794444334,0.0650537740822042,0.09388570797169385,0.07831696831921331,0.8795274058413546,0.22831963001337674,0.6399235769498581,0.7253668645546567,0.8476472343504118,0.8345974770071296,-0.5832676101472514,-0.1579790117792094,-0.596157867900336,-0.5140982158372235,-0.632788364422365,-0.6218614620391687,0.28924638324047175,0.12621233924773478,0.3951463216998529,0.38240404878637246,0.30655973743223225,0.3268306106749364
433,0.3333333333333333,0.7083333333333333,1,2,2,False,0.08122092484441946,-3.996802888650564e-17,0.07728936139331422,0.06102105360155825,0.09332842266413852,0.07724915873497874,0.8795274058413546,0.22831963001337674,0.40426815488617523,0.4204897512749185,0.8464113996427579,0.8329457421054491,-0.5832676101472514,-0.1579790117792094,-0.4886661693848303,-0.44912321767879015,-0.631750656171782,-0.6204082469966449,0.28924638324047175,0.12621233924773478,0.4399188703312799,0.3790776677630355,0.3062072402363242,0.32714711182131856
434,0.375,0.7083333333333333,1,1,2,False,0.08122092484441946,-3.996802888650564e-17,0.10442954746204965,0.056702594590478786,0.0927978154711295,0.07625183767646367,0.8795274058413546,0.22831963001337674,0.15202823626520598,0.11820022181498302,0.8452468857554716,0.8314069935979851,-0.5832676101472514,-0.1579790117792094,-0.280009362644857,-0.3138814672799523,-0.6307511363660487,-0.6190302947296936,0.28924638324047175,0.12621233924773478,0.4859063314481183,0.3789245655900865,0.30584505302846016,0.32739254222738234
435,0.41666666666666663,0.7083333333333333,1,1,1,True,0.08122092484441946,-3.996802888650564e-17,0.13245018761162922,0.052175153892381844,0.05204301965265572,0.0753203804745768,0.8795274058413546,0.22831963001337674,-0.07156866524161862,-0.12937899074533304,-0.5594953417358035,0.8299745347086455,-0.5832676101472514,-0.1579790117792094,-0.04820012942692187,-0.08284381141653761,0.5922365579588477,-0.6177260392398463,0.28924638324047175,0.12621233924773478,0.5228079018572044,0.40118440360763535,0.258277305502293,0.32757822553694027
436,0.4583333333333333,0.7083333333333333,2,1,1,True,0.09177274342519921,-3.996802888650564e-17,0.14049549335883044,0.04782454981843397,0.05205993362313235,0.05647616237225121,-0.5863516038942365,0.22831963001337674,-0.26722819031878614,-0.30865498177667233,-0.5593981334485668,-0.5796215278017515,0.5832676101472514,-0.1579790117792094,0.1585770058335757,0.1758607926595432,0.59495023555813,0.6132340945427369,0.28924638324047175,0.12621233924773478,0.5258198233504245,0.440545326907035,0.2591819019408095,0.3069677706674468
437,0.5,0.7083333333333333,2,1,1,False,0.09177274342519921,-3.996802888650564e-17,0.09625887152394015,0.04362710901700757,0.05213168414159581,0.05598651692439579,-0.5863516038942365,0.22831963001337674,-0.4109763841208012,-0.43749026869824204,-0.5592877833103903,-0.5780679260240189,0.5832676101472514,-0.1579790117792094,0.333155704243096,0.38356961952695195,0.5982413933427673,0.6152857236260998,0.28924638324047175,0.12621233924773478,0.47911102592995736,0.4708454604932945,0.260207790808866,0.3041054495911648
438,0.5416666666666666,0.7083333333333333,2,1,1,False,0.09177274342519921,-3.996802888650564e-17,0.02233590345521646,0.03978758375628318,0.05230230004727862,0.05552941403007673,-0.5863516038942365,0.22831963001337674,-0.5046797509529483,-0.5002905306160563,-0.5591631287146164,-0.5761598859355942,0.5832676101472514,-0.1579790117792094,0.48508890865621057,0.5196352611532011,0.602291849338936,0.6177899566771898,0.28924638324047175,0.12621233924773478,0.41514191898946257,0.47009705468131363,0.26135972345482195,0.30058190162390486
439,0.5833333333333333,0.7083333333333333,2,1,1,False,0.09177274342519921,-3.996802888650564e-17,-0.03147593754609534,0.0363444067669161,0.05265613161499894,0.0551899373961855,-0.5863516038942365,0.22831963001337674,-0.5501994712620242,-0.49904677334740666,-0.5590241018811886,-0.5737892567852554,0.5832676101472514,-0.1579790117792094,0.5923183002535386,0.5974839218665762,0.6073496350680557,0.6208888077057715,0.28924638324047175,0.12621233924773478,0.38337587538861406,0.42502488824310863,0.2626154371387406,0.2961653678922374
440,0.625,0.7083333333333333,2,1,1,False,0.09177274342519921,-3.996802888650564e-17,-0.03450907104904349,0.03380660076118211,0.053363471037038104,0.05515356778292919,-0.5863516038942365,0.22831963001337674,-0.5193292199262194,-0.4693509339665747,-0.5588726681693795,-0.5708260204156457,0.5832676101472514,-0.1579790117792094,0.6599771489568198,0.6335612234284892,0.613737406357066,0.6247681672259533,0.28924638324047175,0.12621233924773478,0.3455899747705251,0.35831345985626045,0.26387456244102436,0.2905236989863543
441,0.6666666666666666,0.7083333333333333,2,1,1,False,0.09177274342519921,-3.996802888650564e-17,-0.0029313040029492385,0.03128758759382328,0.05478844398524825,0.055833497126884825,-0.5863516038942365,0.22831963001337674,-0.48930519754894836,-0.46606876003047326,-0.558711522294147,-0.5671601228192571,0.5832676101472514,-0.1579790117792094,0.681070783088222,0.6494823861474297,0.6218040357021312,0.6296432549354928,0.28924638324047175,0.12621233924773478,0.2948373936622173,0.3096971566227094,0.2648147964290569,0.2831934193533737
442,0.7083333333333333,0.7083333333333333,2,1,1,False,0.09177274342519921,-3.996802888650564e-17,0.03865671343199096,0.029980296700307763,0.05774844565094627,0.058173171372870654,-0.5863516038942365,0.22831963001337674,-0.5037064722584271,-0.4952781673799228,-0.5585247990513247,-0.5628818724936533,0.5832676101472514,-0.1579790117792094,0.6807405842690297,0.6418290479964572,0.6316279294056428,0.6356535547101674,0.28924638324047175,0.12621233924773478,0.2605602601979368,0.2814550190853204,0.2644765503746561,0.2736077483129712
443,0.75,0.7083333333333333,2,1,1,False,0.09177274342519921,-3.996802888650564e-17,0.06262940040775376,0.029107073555000498,0.06435380759395753,0.06455664329454099,-0.5863516038942365,0.22831963001337674,-0.5282948874383026,-0.5257920487261625,-0.5603237294310862,-0.5620856396468191,0.5832676101472514,-0.1579790117792094,0.6735239396471939,0.6232782383862265,0.6351651125526169,0.6367518057399193,0.28924638324047175,0.12621233924773478,0.2500788558070491,0.26370764936817725,0.2610004189493908,0.26456851253379926
444,0.7916666666666666,0.7083333333333333,2,1,1,False,0.09177274342519921,-3.996802888650564e-17,0.06935684687931518,0.02862060076702248,0.07019599108262303,0.07033506581084922,-0.5863516038942365,0.22831963001337674,-0.5496772197957778,-0.5521105362441847,-0.5629755389321427,-0.5640017214503547,0.5832676101472514,-0.1579790117792094,0.663781417105655,0.6117618712257049,0.6309669207682188,0.6318704730076563,0.28924638324047175,0.12621233924773478,0.25544669615434745,0.24689700700903766,0.25802416861178,0.26010126108497544
445,0.8333333333333333,0.7083333333333333,2,1,1,False,0.09177274342519921,-3.996802888650564e-17,0.07468354306353545,0.028254791027359467,0.07396479384189789,0.07406729950336682,-0.5863516038942365,0.22831963001337674,-0.5614558080771632,-0.576216307731866,-0.5646012121720201,-0.5652195186653615,0.5832676101472514,-0.1579790117792094,0.6526923622670212,0.6107488296122985,0.6269163116109521,0.6274489164653382,0.28924638324047175,0.12621233924773478,0.2532340472482007,0.2358711986368691,0.2561527290980325,0.2574011188707427
446,0.875,0.7083333333333333,2,1,1,False,0.09177274342519921,-3.996802888650564e-17,0.08369534203664124,0.02821174332574635,0.07612974837780112,0.076541618325759,-0.5863516038942365,0.22831963001337674,-0.5673758325545396,-0.5787501088083075,-0.565708571496885,-0.5660267610938682,0.5832676101472514,-0.1579790117792094,0.6457451010495557,0.624901858439717,0.6227117038535208,0.6237288558540935,0.28924638324047175,0.12621233924773478,0.24290475579224632,0.2268704727325923,0.25537813494646233,0.2557208799920174
447,0.9166666666666666,0.7083333333333333,2,1,1,False,0.09177274342519921,-3.996802888650564e-17,0.08821429371384838,0.028159657175133808,0.07753419220713322,0.07823596518831773,-0.5863516038942365,0.22831963001337674,-0.5673166761955232,-0.5867681350466201,-0.5664151000499345,-0.5665857399999109,0.5832676101472514,-0.1579790117792094,0.6386262219658195,0.6334889953930826,0.6194593996160177,0.6206496534599231,0.28924638324047175,0.12621233924773478,0.23563702866704916,0.20893568006534707,0.2549484025954774,0.2546430248293582
448,0.9583333333333333,0.7083333333333333,2,1,1,False,0.09177274342519921,-3.996802888650564e-17,0.08687584181256812,0.027875460939739197,0.07849545244035314,0.07943312343614033,-0.5863516038942365,0.22831963001337674,-0.5605388985361905,-0.5830718704876721,-0.5668958856983575,-0.5669882256699527,0.5832676101472514,-0.1579790117792094,0.6318554994193338,0.635830777514232,0.6168971154852666,0.6180959594387465,0.28924638324047175,0.12621233924773478,0.22689876777779147,0.1838803363401388,0.2547013353197898,0.25393283411472223
449,1.0,0.7083333333333333,2,1,1,False,0.09177274342519921,-3.996802888650564e-17,0.08421749722111159,0.027796491829225417,0.07918268205716915,0.08030315810575739,-0.5863516038942365,0.22831963001337674,-0.5503372647737299,-0.5753718822212072,-0.5672398401546814,-0.5672879078224665,0.5832676101472514,-0.1579790117792094,0.6241891327152455,0.6359379652641084,0.6148380376060119,0.6159607550337983,0.28924638324047175,0.12621233924773478,0.21924187071472384,0.18120741560239945,0.25455664029625924,0.2534546061912349
450,0.0,0.75,1,2,2,False,0.08122092484441946,-3.996802888650564e-17,0.13147132139140594,0.0807520272085264,0.101453047029686,0.08978902390435291,0.8795274058413546,0.22831963001337674,0.8471980740776628,0.850007302605233,0.8548423702408827,0.8454141741832994,-0.5832676101472514,-0.1579790117792094,-0.701118859258535,-0.6933551675932316,-0.6354947747619147,-0.6276047101416373,0.28924638324047175,0.12621233924773478,0.27974987708355026,0.29682026290426544,0.3019134795894193,0.31687831260077765
451,0.041666666666666664,0.75,1,2,2,False,0.08122092484441946,-3.996802888650564e-17,0.12285224736280387,0.07930314979580433,0.10058706033951242,0.08833282098432088,0.8795274058413546,0.22831963001337674,0.8428736799236823,0.8429178078293922,0.8546822408569583,0.8447038282136489,-0.5832676101472514,-0.1579790117792094,-0.7023592540983431,-0.69479583429675,-0.6354225950841311,-0.6270341936157231,0.28924638324047175,0.12621233924773478,0.29672909850589396,0.31301476431640596,0.3020405120439165,0.31783393567620194
452,0.08333333333333333,0.75,1,2,2,False,0.08122092484441946,-3.996802888650564e-17,0.10889920447006983,0.07765983947558122,0.09966363671359771,0.08678015934290122,0.8795274058413546,0.22831963001337674,0.8404670768548013,0.8338345487761485,0.8544379492250634,0.843869625239254,-0.5832676101472514,-0.1579790117792094,-0.6989543514016935,-0.7008356004732275,-0.6353291868910824,-0.6263980685490149,0.28924638324047175,0.12621233924773478,0.3148548076249085,0.3270302590874097,0.3021719468841432,0.3188520153906029
453,0.125,0.75,1,2,2,False,0.08122092484441946,-3.996802888650564e-17,0.09373618728388333,0.07557529752819395,0.09867952322231169,0.08512602352634037,0.8795274058413546,0.22831963001337674,0.8383345847509366,0.8238079888593427,0.8540930469150947,0.8428935865860474,-0.5832676101472514,-0.1579790117792094,-0.6949171538295548,-0.7203538052904741,-0.6352104298202209,-0.6256877867957515,0.28924638324047175,0.12621233924773478,0.3318128622757106,0.3395867766523264,0.3023077256751303,0.31993527511406317
454,0.16666666666666666,0.75,1,2,2,False,0.08122092484441946,-3.996802888650564e-17,0.08377067944262225,0.07335960059297209,0.09763180160866454,0.083366063186991,0.8795274058413546,0.22831963001337674,0.8393619173222242,0.8132818199671177,0.8536281660122933,0.841755429714632,-0.5832676101472514,-0.1579790117792094,-0.6918701576453848,-0.7447544545610743,-0.6350614406510766,-0.6248937100632634,0.28924638324047175,0.12621233924773478,0.3440238492501415,0.33676252237659815,0.30244760133804366,0.3210857138198816
455,0.20833333333333331,0.75,1,2,2,False,0.08122092484441946,-3.996802888650564e-17,0.06926256252883203,0.0707121631120265,0.09651813969561467,0.08149700888447396,0.8795274058413546,0.22831963001337674,0.8497155669093074,0.8407617981084733,0.8530205977990363,0.8404324430573733,-0.5832676101472514,-0.1579790117792094,-0.6734056714367418,-0.7319289395517181,-0.6348764535493338,-0.6240050400626009,0.28924638324047175,0.12621233924773478,0.3473424790930995,0.32613416548327473,0.302591026879054,0.3223042162489425
456,0.25,0.75,1,2,2,False,0.08122092484441946,-3.996802888650564e-17,0.043583807802873485,0.06761691580671333,0.09593659827772352,0.08036634532837182,0.8795274058413546,0.22831963001337674,0.8461050853387638,0.8248802950376732,0.851680832239673,0.8386301490055849,-0.5832676101472514,-0.1579790117792094,-0.6432893674370292,-0.655821679674922,-0.6338708151529635,-0.6225503491416319,0.28924638324047175,0.12621233924773478,0.3492866310163579,0.32400141505293173,0.30251619032569876,0.3229532928923029
457,0.29166666666666663,0.75,1,2,2,False,0.08122092484441946,-3.996802888650564e-17,0.055821175374796105,0.06409800916882517,0.09537554054240878,0.07930100234388869,0.8795274058413546,0.22831963001337674,0.6962311858658233,0.779522268116718,0.8504006057289677,0.8369312362353724,-0.5832676101472514,-0.1579790117792094,-0.5804329190147828,-0.5566031955727561,-0.6328893167671074,-0.6211590733520854,0.28924638324047175,0.12621233924773478,0.37307466624446767,0.32630028780422293,0.3024100541184839,0.323506381631419
458,0.3333333333333333,0.75,1,2,2,False,0.08122092484441946,-3.996802888650564e-17,0.0805475331892376,0.06028028014550359,0.09483584078620927,0.07829796336627322,0.8795274058413546,0.22831963001337674,0.4411693844476472,0.500370152683927,0.8491813872789702,0.835333093925806,-0.5832676101472514,-0.1579790117792094,-0.43729887750225804,-0.4275379982995626,-0.6319362882864299,-0.6198321419994228,0.28924638324047175,0.12621233924773478,0.42255519309262873,0.3244921986832026,0.3022785427806206,0.32397565598854516
459,0.375,0.75,1,1,1,False,0.08122092484441946,-3.996802888650564e-17,0.1096274126392071,0.05627197017954204,0.04805473330516724,0.07735397984228344,0.8795274058413546,0.22831963001337674,0.1564459682351377,0.13989749773815158,-0.5612848440622125,0.8338318750090987,-0.5832676101472514,-0.1579790117792094,-0.21008730912050683,-0.20484901616267662,0.5868374466783404,-0.6185691908121216,0.28924638324047175,0.12621233924773478,0.4637079165333366,0.3347388951871206,0.2525478993600625,0.3243720148680068
460,0.41666666666666663,0.75,1,1,1,True,0.08122092484441946,-3.996802888650564e-17,0.14027599511686012,0.05214464739828858,0.0475605154334237,0.07646570636829203,0.8795274058413546,0.22831963001337674,-0.10173597097323486,-0.1467695520663177,-0.5613697762954983,0.8324229645198763,-0.5832676101472514,-0.1579790117792094,0.036051473247057514,0.07268116172216818,0.5889443727284855,-0.6173689338169771,0.28924638324047175,0.12621233924773478,0.4829604223557931,0.35463939317138526,0.25295388521899276,0.3247051165909266
461,0.4583333333333333,0.75,2,1,1,True,0.09177274342519921,-3.996802888650564e-17,0.12964591786501223,0.04820365698618266,0.04697946109680869,0.05111557086008206,-0.5863516038942365,0.22831963001337674,-0.31504087707936296,-0.3475722761062911,-0.5614789285079718,-0.5835302723922704,0.5832676101472514,-0.1579790117792094,0.25597725458422704,0.2987940388761105,0.591502187836553,0.6104064845289028,0.28924638324047175,0.12621233924773478,0.4641490400697209,0.38540616847558773,0.2534051705447856,0.3034095277133434
462,0.5,0.75,2,1,1,False,0.09177274342519921,-3.996802888650564e-17,0.05742168749653487,0.04442485806776296,0.04629123250564691,0.04976564178251304,-0.5863516038942365,0.22831963001337674,-0.45278058432494755,-0.4741952897244941,-0.5616226742451649,-0.5822424710906209,0.5832676101472514,-0.1579790117792094,0.42699480745237733,0.45143823740870226,0.5946610532654866,0.6123242360611505,0.28924638324047175,0.12621233924773478,0.3886822234396375,0.416295154249339,0.2538994165767563,0.2999280891331899
463,0.5416666666666666,0.75,2,1,1,False,0.09177274342519921,-3.996802888650564e-17,-0.022089358501872942,0.04079426103707058,0.045473110151442495,0.048195471958242364,-0.5863516038942365,0.22831963001337674,-0.5324853584747529,-0.51984033402665,-0.5618172969790322,-0.5806035519203847,0.5832676101472514,-0.1579790117792094,0.5452251918860013,0.5475750554870167,0.5986375313847335,0.614722595309656,0.28924638324047175,0.12621233924773478,0.33619886957304784,0.4218184864748075,0.25442054954100746,0.2955768984706166
464,0.5833333333333333,0.75,2,1,1,False,0.09177274342519921,-3.996802888650564e-17,-0.05508456126739605,0.03744388749389207,0.04450743097053523,0.04638936556058501,-0.5863516038942365,0.22831963001337674,-0.5528889039404107,-0.5250419311252772,-0.5620888582516563,-0.5784794660859487,0.5832676101472514,-0.1579790117792094,0.6165728791010643,0.5913139265563905,0.6037459444824033,0.617781957018447,0.28924638324047175,0.12621233924773478,0.31951414179622273,0.3728152797712447,0.2549162212601459,0.29002329287717415
465,0.625,0.75,2,1,1,False,0.09177274342519921,-3.996802888650564e-17,-0.04603064221757485,0.03487715435370009,0.04341018240040698,0.04439571084757317,-0.5863516038942365,0.22831963001337674,-0.5256975658444052,-0.5204539405255431,-0.5624786366891972,-0.5756924305093253,0.5832676101472514,-0.1579790117792094,0.6530270013625427,0.6126433378942955,0.6104306577555798,0.6217603281304267,0.28924638324047175,0.12621233924773478,0.2869508141477246,0.2930077212924129,0.2552354131317589,0.2827786327676195
466,0.6666666666666666,0.75,2,1,1,False,0.09177274342519921,-3.996802888650564e-17,-0.010513759174183679,0.032524663841943205,0.042335035849909525,0.04248264994574343,-0.5863516038942365,0.22831963001337674,-0.501822173464534,-0.5232243042489988,-0.5630442165379231,-0.5720721792058505,0.5832676101472514,-0.1579790117792094,0.659214345296641,0.6231223984931973,0.6192345043643395,0.6269972368667076,0.28924638324047175,0.12621233924773478,0.23482417030737035,0.23528732223370397,0.25494149716486536,0.2731577146726484
467,0.7083333333333333,0.75,2,1,1,False,0.09177274342519921,-3.996802888650564e-17,0.02767686009066211,0.03073984543628942,0.04195343220886255,0.04163884056399061,-0.5863516038942365,0.22831963001337674,-0.511988294608083,-0.529568595057156,-0.5638125334631612,-0.5677767059897326,0.5832676101472514,-0.1579790117792094,0.6524968379536497,0.6289119842299291,0.6303607253964895,0.633783750776916,0.28924638324047175,0.12621233924773478,0.20302228268656586,0.20292603750676586,0.2527099696056178,0.260409914051285
468,0.75,0.75,2,1,1,False,0.09177274342519921,-3.996802888650564e-17,0.051328989501224345,0.029318086709797103,0.0479247988157229,0.04779768058112304,-0.5863516038942365,0.22831963001337674,-0.5324387252047863,-0.5391307723544128,-0.5670922969278972,-0.5681958288029367,0.5832676101472514,-0.1579790117792094,0.6524553417923132,0.6277874312284624,0.6343406119244559,0.6353197636229467,0.28924638324047175,0.12621233924773478,0.19541008312375133,0.18974328435431143,0.24969837682601936,0.25183071136758506
469,0.7916666666666666,0.75,2,1,1,False,0.09177274342519921,-3.996802888650564e-17,0.05584075335071212,0.028479946452057696,0.056647777710334836,0.056142688269587765,-0.5863516038942365,0.22831963001337674,-0.5554294053849065,-0.5587672901432803,-0.5701675297522614,-0.5707107679496207,0.5832676101472514,-0.1579790117792094,0.6500144943159053,0.6305382479824351,0.6278758942232044,0.6297677941548382,0.28924638324047175,0.12621233924773478,0.2038846832029465,0.19620718970427764,0.2504351237426875,0.2506536125531601
470,0.8333333333333333,0.75,2,1,1,False,0.09177274342519921,-3.996802888650564e-17,0.05208331955257317,0.028091044073011155,0.062259013670540674,0.0618890580073551,-0.5863516038942365,0.22831963001337674,-0.5787926640706956,-0.580031706413778,-0.5712054831582172,-0.5717133647965789,0.5832676101472514,-0.1579790117792094,0.647274752311789,0.6290999701418111,0.6227089493791067,0.6248125047882265,0.28924638324047175,0.12621233924773478,0.21928486957223708,0.20751516893609306,0.2509928264141164,0.2501479430329655
471,0.875,0.75,2,1,1,False,0.09177274342519921,-3.996802888650564e-17,0.04928362435751977,0.027984755108245458,0.06601520408457136,0.065895496769851,-0.5863516038942365,0.22831963001337674,-0.597520187843493,-0.6002992859023347,-0.5715291098774959,-0.5720740607809379,0.5832676101472514,-0.1579790117792094,0.643300712989172,0.6241944183646104,0.6188294609966287,0.620806589818783,0.28924638324047175,0.12621233924773478,0.23109073528951837,0.21897762673323956,0.25144400910527753,0.24998679586765513
472,0.9166666666666666,0.75,2,1,1,False,0.09177274342519921,-3.996802888650564e-17,0.05070240781477631,0.02773389783429623,0.06865759275275755,0.06877777175044285,-0.5863516038942365,0.22831963001337674,-0.6032383932964851,-0.6158043372938339,-0.5715788904901651,-0.572152421036079,0.5832676101472514,-0.1579790117792094,0.6372439485511933,0.6210314889133577,0.6158895978475721,0.6176154115865856,0.28924638324047175,0.12621233924773478,0.23322227670374732,0.22286306327007294,0.2518144348936742,0.249995839173258
473,0.9583333333333333,0.75,2,1,1,False,0.09177274342519921,-3.996802888650564e-17,0.05239388427619724,0.027786946928635557,0.07059919346552578,0.07092022121571613,-0.5863516038942365,0.22831963001337674,-0.6025133983514254,-0.6212574065633725,-0.5715189903708713,-0.5721039083923747,0.5832676101472514,-0.1579790117792094,0.62847805019325,0.6221310214122262,0.6136112478523934,0.6150538311144395,0.28924638324047175,0.12621233924773478,0.23320877136695994,0.21449477347984744,0.2521214700070892,0.25008642768881945
474,1.0,0.75,2,1,1,False,0.09177274342519921,-3.996802888650564e-17,0.05627325390046135,0.027840267476478133,0.07207802748861422,0.07256046952507426,-0.5863516038942365,0.22831963001337674,-0.5978299078313661,-0.6205345407039061,-0.5714163220217096,-0.5719993660908893,0.5832676101472514,-0.1579790117792094,0.6193126515293571,0.6217550677983608,0.6118042792303293,0.6129693370714047,0.28924638324047175,0.12621233924773478,0.23303343292496362,0.2136439592151742,0.252378542005515,0.25021360013857424
475,0.0,0.7916666666666666,1,2,2,False,0.08122092484441946,-3.996802888650564e-17,0.13444706669800197,0.0799416374217997,0.10203229333484393,0.08970361633325477,0.8795274058413546,0.22831963001337674,0.8515250289069031,0.8516567164705081,0.8566835388859992,0.8466933156282139,-0.5832676101472514,-0.1579790117792094,-0.6880306105671827,-0.6938514513266283,-0.635466650625887,-0.6268059658939333,0.28924638324047175,0.12621233924773478,0.25784541261625027,0.2770193129810645,0.2985709598334349,0.3145436602222721
476,0.041666666666666664,0.7916666666666666,1,2,2,False,0.08122092484441946,-3.996802888650564e-17,0.12846098180570586,0.0783081475021674,0.10127252249832344,0.08837246631997182,0.8795274058413546,0.22831963001337674,0.8469424691299925,0.8444446936476241,0.8565769009349058,0.8460533963263153,-0.5832676101472514,-0.1579790117792094,-0.6892052689202524,-0.6990173765427996,-0.6353841176499242,-0.6262176630002849,0.28924638324047175,0.12621233924773478,0.27130466272883,0.29464584300171553,0.29859183112160925,0.31537366534880074
477,0.08333333333333333,0.7916666666666666,1,2,2,False,0.08122092484441946,-3.996802888650564e-17,0.1198260989418543,0.07662024625900558,0.10046848088233448,0.08696303158696825,0.8795274058413546,0.22831963001337674,0.8408162598480702,0.8293832556102414,0.8563981297514655,0.845306974092161,-0.5832676101472514,-0.1579790117792094,-0.6909947396162501,-0.7125096153223243,-0.6352816806158796,-0.625568360357226,0.28924638324047175,0.12621233924773478,0.28797150131828203,0.3064333144313631,0.29861368510193764,0.3162553178843295
478,0.125,0.7916666666666666,1,2,2,False,0.08122092484441946,-3.996802888650564e-17,0.10602135339481514,0.07455969844507071,0.09961826000488347,0.08547210848638537,0.8795274058413546,0.22831963001337674,0.8380817645044518,0.8211808097337396,0.8561338624409867,0.8444396947905486,-0.5832676101472514,-0.1579790117792094,-0.6909153016842738,-0.7320215021576704,-0.6351559227517609,-0.6248509857304743,0.28924638324047175,0.12621233924773478,0.30411194918028217,0.3215310574918503,0.29863679706876073,0.3171908145638225
479,0.16666666666666666,0.7916666666666666,1,2,2,False,0.08122092484441946,-3.996802888650564e-17,0.09063461000658157,0.07235041925253313,0.09872027637437744,0.08389708187654116,0.8795274058413546,0.22831963001337674,0.8398729397635661,0.8047382105303493,0.8557685228843507,0.8434354997480102,-0.5832676101472514,-0.1579790117792094,-0.6912029061530665,-0.736859184232652,-0.6350028678172466,-0.6240576926390001,0.28924638324047175,0.12621233924773478,0.31601532257449044,0.31576900858305285,0.2986614391053425,0.31818187622324584
480,0.20833333333333331,0.7916666666666666,1,2,2,False,0.08122092484441946,-3.996802888650564e-17,0.07099899004779306,0.06962413023794707,0.09777344186748287,0.08223620658242102,0.8795274058413546,0.22831963001337674,0.8578299416714384,0.8581847613284053,0.8552840234297454,0.8422765346331192,-0.5832676101472514,-0.1579790117792094,-0.6757952173554573,-0.7209839842781118,-0.6348179044100745,-0.6231798314322692,0.28924638324047175,0.12621233924773478,0.3211579337093272,0.29724542718971003,0.29868783883678807,0.3192295067186173
481,0.25,0.7916666666666666,1,2,2,False,0.08122092484441946,-3.996802888650564e-17,0.04439419055152071,0.06662035516071421,0.0972163710849538,0.08118168847826229,0.8795274058413546,0.22831963001337674,0.861415705561696,0.8723344138412069,0.8539925256865302,0.8405643277678535,-0.5832676101472514,-0.1579790117792094,-0.6435665787747941,-0.676187473570292,-0.6338924057143535,-0.6218484310892508,0.28924638324047175,0.12621233924773478,0.3255785059070862,0.29747829883132276,0.2987810000362673,0.3199738806694724
482,0.29166666666666663,0.7916666666666666,1,2,2,False,0.08122092484441946,-3.996802888650564e-17,0.04140271721742525,0.06315646048707024,0.0966761958995038,0.080182168656145,0.8795274058413546,0.22831963001337674,0.7624436953504085,0.8380581256680883,0.8527507752982797,0.8389395229484269,-0.5832676101472514,-0.1579790117792094,-0.5617927413823641,-0.6003720493182685,-0.6329872060154236,-0.6205719131445541,0.28924638324047175,0.12621233924773478,0.3489706606921162,0.29579644883368406,0.2988395558888389,0.3206281121238324
483,0.3333333333333333,0.7916666666666666,1,2,2,False,0.08122092484441946,-3.996802888650564e-17,0.055504717849048625,0.05956904265460539,0.0961537593640775,0.07923540376086481,0.8795274058413546,0.22831963001337674,0.5051311230085351,0.6509821805181322,0.8515606074025326,0.8374006730574974,-0.5832676101472514,-0.1579790117792094,-0.39076569182023896,-0.4253210305625821,-0.6321057597585318,-0.6193508041141899,0.28924638324047175,0.12621233924773478,0.39137733236742395,0.29399588967690704,0.29886821404549935,0.3212020326421907
484,0.375,0.7916666666666666,1,1,1,False,0.08122092484441946,-3.996802888650564e-17,0.08013522771040638,0.05587391598791,0.046603280628616094,0.0783389742310117,0.8795274058413546,0.22831963001337674,0.18800993906894256,0.2572394895849549,-0.5636303576000253,0.8359452973052008,-0.5832676101472514,-0.1579790117792094,-0.1322714228630849,-0.08850316148711114,0.5854171404141957,-0.6181847184450009,0.28924638324047175,0.12621233924773478,0.4084487657378103,0.3075214427616411,0.24829899250603205,0.3217046271250667
485,0.41666666666666663,0.7916666666666666,1,1,1,True,0.08122092484441946,-3.996802888650564e-17,0.10492310151248375,0.0521319905473989,0.04596744059808965,0.07749037242791511,0.8795274058413546,0.22831963001337674,-0.10442831877870666,-0.1092607541866638,-0.5639734946541592,0.8345702186095982,-0.5832676101472514,-0.1579790117792094,0.13813902343321063,0.22566025842729628,0.5872244610073128,-0.6170726058027005,0.28924638324047175,0.12621233924773478,0.4077650489821503,0.32471763072436916,0.24832902680411514,0.32214402554378685
486,0.4583333333333333,0.7916666666666666,2,1,1,True,0.09177274342519921,-3.996802888650564e-17,0.07955897296327488,0.04850932629082843,0.04521463847805812,0.04893005971125231,-0.5863516038942365,0.22831963001337674,-0.33169548784779435,-0.3584969228180753,-0.5643987245333804,-0.5866521914311924,0.5832676101472514,-0.1579790117792094,0.35943398147179106,0.39801776500316943,0.589381287468931,0.6079190795751621,0.28924638324047175,0.12621233924773478,0.3733184649007227,0.33805990209466125,0.24834133825302182,0.2971081523702146
487,0.5,0.7916666666666666,2,1,1,False,0.09177274342519921,-3.996802888650564e-17,0.009412319402668444,0.04500911532017648,0.044313146312635845,0.047362843903631026,-0.5863516038942365,0.22831963001337674,-0.4713695860452305,-0.49320983310518257,-0.5649363541789938,-0.5858184942632145,0.5832676101472514,-0.1579790117792094,0.5091716720131152,0.5062370467624581,0.5919900353652573,0.6093307812612466,0.28924638324047175,0.12621233924773478,0.2922953566177736,0.3667816206648955,0.24832143947863786,0.2933171287987889
488,0.5416666666666666,0.7916666666666666,2,1,1,False,0.09177274342519921,-3.996802888650564e-17,-0.0463820284415826,0.04168238462655305,0.043221328278966936,0.0455215131989539,-0.5863516038942365,0.22831963001337674,-0.5427779076347871,-0.540516073607966,-0.5656319115297104,-0.5847825407833176,0.5832676101472514,-0.1579790117792094,0.5848971760026157,0.5725156936015815,0.595191125209899,0.6110430933108613,0.28924638324047175,0.12621233924773478,0.26153854175614194,0.3777520905185155,0.2482428515444101,0.28870744901201845
489,0.5833333333333333,0.7916666666666666,2,1,1,False,0.09177274342519921,-3.996802888650564e-17,-0.0574929068155979,0.03857906205004256,0.04188660319512824,0.04335729440762809,-0.5863516038942365,0.22831963001337674,-0.5529234950697675,-0.5500065577164044,-0.566555435846804,-0.5834856694752006,0.5832676101472514,-0.1579790117792094,0.623967959728987,0.598831854013511,0.5991759248942197,0.6131475201170248,0.28924638324047175,0.12621233924773478,0.2535702323377722,0.3240612839616819,0.2480547447125791,0.28302475742383704
490,0.625,0.7916666666666666,2,1,1,False,0.09177274342519921,-3.996802888650564e-17,-0.044642420855727526,0.03587312973642525,0.04025085241219955,0.04084242773852601,-0.5863516038942365,0.22831963001337674,-0.5313958887825464,-0.5526559650893675,-0.5678161457490092,-0.5818688377874658,0.5832676101472514,-0.1579790117792094,0.6385196091583581,0.6004256693267653,0.6041944629110849,0.6157635637665144,0.28924638324047175,0.12621233924773478,0.22694711156518366,0.23033770439423512,0.24765315793216564,0.27593352703312213
491,0.6666666666666666,0.7916666666666666,2,1,1,False,0.09177274342519921,-3.996802888650564e-17,-0.013265597118503322,0.0338070645079452,0.03828180634334541,0.038040704254130156,-0.5863516038942365,0.22831963001337674,-0.5180365609629379,-0.5532224211602821,-0.5695809280896188,-0.5799246878671711,0.5832676101472514,-0.1579790117792094,0.6315276345988761,0.6021147532317981,0.6105243518186011,0.6190316667656809,0.28924638324047175,0.12621233924773478,0.18647762609757831,0.1670448116041193,0.24680805692090094,0.26703401345852207
492,0.7083333333333333,0.7916666666666666,2,1,1,False,0.09177274342519921,-3.996802888650564e-17,0.019749612001754516,0.03177652494752335,0.03610041900958712,0.03531821723058829,-0.5863516038942365,0.22831963001337674,-0.5197985782420079,-0.5517750040599572,-0.5720715379532816,-0.5778866235286683,0.5832676101472514,-0.1579790117792094,0.6275275974766099,0.6188735987399565,0.6182682006827358,0.6230574704439926,0.28924638324047175,0.12621233924773478,0.16073593079053305,0.13312807076968644,0.2449638741739604,0.25601884876207864
493,0.75,0.7916666666666666,2,1,1,False,0.09177274342519921,-3.996802888650564e-17,0.0442095591696663,0.029948942863770044,0.039189952907080966,0.03853424076998331,-0.5863516038942365,0.22831963001337674,-0.5349391793936594,-0.5540359617484358,-0.5753753936930738,-0.5780075655948019,0.5832676101472514,-0.1579790117792094,0.6363624007716001,0.6438188089433916,0.6217239630011587,0.6239184768385654,0.28924638324047175,0.12621233924773478,0.1560652122851467,0.1341894925672178,0.24466717089284015,0.24970506322310584
494,0.7916666666666666,0.7916666666666666,2,1,1,False,0.09177274342519921,-3.996802888650564e-17,0.04848537154903782,0.028958926975642438,0.046340428508728354,0.04589823786487237,-0.5863516038942365,0.22831963001337674,-0.5603408200829538,-0.572706849466174,-0.5770222844563786,-0.5785908344123539,0.5832676101472514,-0.1579790117792094,0.6417245616388071,0.664516647081174,0.6192291202969769,0.6205409365227637,0.28924638324047175,0.12621233924773478,0.16917273725360651,0.16048731040954595,0.24652978230724856,0.24962806118018765
495,0.8333333333333333,0.7916666666666666,2,1,1,False,0.09177274342519921,-3.996802888650564e-17,0.034554675106268445,0.02818931705581228,0.05197157024092946,0.05166974173820613,-0.5863516038942365,0.22831963001337674,-0.5958842443314385,-0.5915147993511766,-0.5774300037890187,-0.5784004459504474,0.5832676101472514,-0.1579790117792094,0.6467217137840203,0.6649230412759048,0.616549376763379,0.6173547770194334,0.28924638324047175,0.12621233924773478,0.19907208822527667,0.2038636553777406,0.24768339269580722,0.24965261093433064
496,0.875,0.7916666666666666,2,1,1,False,0.09177274342519921,-3.996802888650564e-17,0.020118783604244763,0.02798301383572023,0.05633647721853759,0.05612903639035786,-0.5863516038942365,0.22831963001337674,-0.6221020873792478,-0.6217979556015933,-0.5773116906042417,-0.5779318007215873,0.5832676101472514,-0.1579790117792094,0.6420023190764933,0.6445453645143842,0.6141432747693343,0.6146528679331221,0.28924638324047175,0.12621233924773478,0.2287171056408043,0.23380740355714008,0.2484591228343391,0.24974679226643431
497,0.9166666666666666,0.7916666666666666,2,1,1,False,0.09177274342519921,-3.996802888650564e-17,0.019654710261520346,0.027705095899599047,0.05974821944712773,0.05960759333880378,-0.5863516038942365,0.22831963001337674,-0.6281491625470889,-0.6396920235934511,-0.5769791875744757,-0.5773855519239605,0.5832676101472514,-0.1579790117792094,0.6293003038486418,0.6244713222449192,0.6120890737493423,0.6124212955429498,0.28924638324047175,0.12621233924773478,0.24198077790911504,0.24367271229334725,0.24901820709241457,0.24987979961551912
498,0.9583333333333333,0.7916666666666666,2,1,1,False,0.09177274342519921,-3.996802888650564e-17,0.026638089224381236,0.027677137019122288,0.06266054974692555,0.062365894794396325,-0.5863516038942365,0.22831963001337674,-0.6227468163179314,-0.6451375791715315,-0.576334353993106,-0.5768421616650865,0.5832676101472514,-0.1579790117792094,0.6177344185708552,0.6123826490014121,0.6101572408543045,0.6105808187102784,0.28924638324047175,0.12621233924773478,0.24540008097597682,0.2490550398101327,0.24981556296146123,0.250030390881126
499,1.0,0.7916666666666666,2,1,1,False,0.09177274342519921,-3.996802888650564e-17,0.032706539042894014,0.02753052024995004,0.06493014077498431,0.06459147401318133,-0.5863516038942365,0.22831963001337674,-0.6155230468380469,-0.645092691169735,-0.5757510152651052,-0.5763323258652379,0.5832676101472514,-0.1579790117792094,0.6085682250814043,0.604647753740525,0.6086429281287716,0.6090519103613953,0.28924638324047175,0.12621233924773478,0.2470902982658863,0.24524394584036288,0.25042595640077614,0.25018570699684467
500,0.0,0.8333333333333333,1,2,2,False,0.08122092484441946,-3.996802888650564e-17,0.1383952713253178,0.07909589372878,0.10258133371045498,0.08967365969000551,0.8795274058413546,0.22831963001337674,0.8584169903450891,0.857174861341082,0.858289758244077,0.8478111000676024,-0.5832676101472514,-0.1579790117792094,-0.6785378349077403,-0.6903199525915009,-0.635441228489146,-0.6260897350976983,0.28924638324047175,0.12621233924773478,0.23676103804882043,0.24834200528255201,0.29564974343412853,0.31250694941200696
501,0.041666666666666664,0.8333333333333333,1,2,2,False,0.08122092484441946,-3.996802888650564e-17,0.13315843397972926,0.07742120061297557,0.1019100489548212,0.08845109522761645,0.8795274058413546,0.22831963001337674,0.8552278793402887,0.8510718870041654,0.8582225839471553,0.847229315763001,-0.5832676101472514,-0.1579790117792094,-0.6784749388830275,-0.7006463333857198,-0.635351973702625,-0.6254934773463086,0.28924638324047175,0.12621233924773478,0.24642334459824378,0.26390499282102187,0.29559283727547764,0.31323592066363093
502,0.08333333333333333,0.8333333333333333,1,2,2,False,0.08122092484441946,-3.996802888650564e-17,0.1253964907618666,0.07553929670288057,0.10120418419667097,0.08716416171272676,0.8795274058413546,0.22831963001337674,0.8538478257592105,0.8390836765060748,0.8580926636760677,0.8465549327275136,-0.5832676101472514,-0.1579790117792094,-0.6787094107335881,-0.7160078846143144,-0.6352442471914601,-0.6248409640439886,0.28924638324047175,0.12621233924773478,0.2585760167423185,0.2798257173468242,0.29553505781346023,0.3140083422021138
503,0.125,0.8333333333333333,1,2,2,False,0.08122092484441946,-3.996802888650564e-17,0.11618814801671931,0.07350086873968155,0.10046265359493901,0.08581080982140535,0.8795274058413546,0.22831963001337674,0.8512794358981317,0.8312364073020736,0.8578889843997441,0.8457763150416657,-0.5832676101472514,-0.1579790117792094,-0.6794369795325892,-0.7159736513778284,-0.6351152001802578,-0.6241263322366002,0.28924638324047175,0.12621233924773478,0.2725814394768029,0.29933883790314364,0.2954768927926458,0.3148260219599574
504,0.16666666666666666,0.8333333333333333,1,2,2,False,0.08122092484441946,-3.996802888650564e-17,0.10006204470491377,0.07108933419964085,0.09968466090040498,0.08438949077188337,0.8795274058413546,0.22831963001337674,0.8611255110814995,0.8227610611369456,0.8575988310694974,0.8448805432134898,-0.5832676101472514,-0.1579790117792094,-0.6766903996006326,-0.6975732353084771,-0.6349615655839276,-0.6233431620953249,0.28924638324047175,0.12621233924773478,0.28391693140470126,0.29554857137145096,0.295418914755155,0.3156904461126901
505,0.20833333333333331,0.8333333333333333,1,2,2,False,0.08122092484441946,-3.996802888650564e-17,0.07322735045153377,0.06860841730631663,0.09886981709211322,0.08289935089296104,0.8795274058413546,0.22831963001337674,0.8829542360550628,0.8796387663685712,0.8572075736907842,0.8438533486085675,-0.5832676101472514,-0.1579790117792094,-0.6691442981526872,-0.6743792051315243,-0.6347796084896463,-0.6224844684149629,0.28924638324047175,0.12621233924773478,0.28863802000900346,0.27733777829056966,0.29536177072045444,0.31660262392712385
506,0.25,0.8333333333333333,1,2,2,False,0.08122092484441946,-3.996802888650564e-17,0.04803831268599683,0.06557450680640388,0.0983351747813977,0.08191015545378427,0.8795274058413546,0.22831963001337674,0.8916288762096347,0.9046675180860597,0.8559678145280141,0.8422274964494547,-0.5832676101472514,-0.1579790117792094,-0.6414358858120507,-0.6476301146687001,-0.6339221359299044,-0.6212571416031518,0.28924638324047175,0.12621233924773478,0.29524763016430544,0.2731593188221695,0.29557357616530455,0.3174058336900285
507,0.29166666666666663,0.8333333333333333,1,2,2,False,0.08122092484441946,-3.996802888650564e-17,0.03894773527824948,0.06230009734057341,0.09781484900464193,0.08096802704854719,0.8795274058413546,0.22831963001337674,0.8006178317829716,0.8776305099948692,0.8547699128799182,0.8406761653441226,-0.5832676101472514,-0.1579790117792094,-0.5433343321621007,-0.6065397742481016,-0.6330819302430595,-0.6200776808110778,0.28924638324047175,0.12621233924773478,0.3207672450963072,0.27088834669604756,0.29575016075916394,0.3181256675457433
508,0.3333333333333333,0.8333333333333333,1,2,2,False,0.08122092484441946,-3.996802888650564e-17,0.03252716092271109,0.058944269099131544,0.09730959578912736,0.080071239378805,0.8795274058413546,0.22831963001337674,0.5724511369545893,0.7542992027744485,0.8536158214068588,0.8391986406005765,-0.5832676101472514,-0.1579790117792094,-0.3367888450277675,-0.44824914911156966,-0.6322618021712593,-0.6189463883104234,0.28924638324047175,0.12621233924773478,0.33922318920433325,0.2774420359526664,0.29589527065538135,0.31877010360829455
509,0.375,0.8333333333333333,1,1,1,False,0.08122092484441946,-3.996802888650564e-17,0.04513891708958436,0.055516874573208516,0.04530841137081513,0.07921793299287473,0.8795274058413546,0.22831963001337674,0.2388745291916397,0.46837463650956374,-0.5657968756841252,0.8377933533377038,-0.5832676101472514,-0.1579790117792094,-0.05068000023894481,-0.05316689215187773,0.5839644110428941,-0.6178629014627588,0.28924638324047175,0.12621233924773478,0.33260444474956835,0.2960145015047264,0.24487103122437762,0.3193465491445416
510,0.41666666666666663,0.8333333333333333,1,1,1,True,0.08122092484441946,-3.996802888650564e-17,0.0518960455380021,0.05207276982482896,0.04457182013751112,0.07840617437845933,0.8795274058413546,0.22831963001337674,-0.07753286953859656,0.0567484940524148,-0.5663498513595654,0.8364581257942542,-0.5832676101472514,-0.1579790117792094,0.23885495977772747,0.29408559242958043,0.5854917703950794,-0.6168263629634891,0.28924638324047175,0.12621233924773478,0.30866074741875016,0.3060621044228866,0.24467463874939702,0.31986181583840767
511,0.4583333333333333,0.8333333333333333,2,1,1,True,0.09177274342519921,-3.996802888650564e-17,0.02205613336258226,0.048712021579445236,0.04370387307346805,0.047003697918802274,-0.5863516038942365,0.22831963001337674,-0.3111921441749911,-0.2929110279638335,-0.5670238734814352,-0.5893224999746732,0.5832676101472514,-0.1579790117792094,0.44237251343584166,0.43536042523091567,0.587283479623292,0.6054302403651126,0.28924638324047175,0.12621233924773478,0.2802091615748519,0.30224128022858665,0.244438565860568,0.2919529822130604
512,0.5,0.8333333333333333,2,1,1,False,0.09177274342519921,-3.996802888650564e-17,-0.018090336372764384,0.04548804940448135,0.042669947259843,0.04530805994950885,-0.5863516038942365,0.22831963001337674,-0.4588446297396187,-0.4913520253660204,-0.5678592389307274,-0.588825892578279,0.5832676101472514,-0.1579790117792094,0.5383451912974884,0.5353570767780812,0.5894066129267531,0.60639254733633,0.28924638324047175,0.12621233924773478,0.23840366039342534,0.3224987118250014,0.24415039689561385,0.28806687059301245
513,0.5416666666666666,0.8333333333333333,2,1,1,False,0.09177274342519921,-3.996802888650564e-17,-0.03869517741566171,0.04236557475113921,0.0414243817878745,0.04332659458531976,-0.5863516038942365,0.22831963001337674,-0.5433342843553922,-0.5458179279354816,-0.5689141121115071,-0.5882235933675926,0.5832676101472514,-0.1579790117792094,0.5842863635211357,0.5922804742736745,0.5919482776545838,0.607518299955774,0.28924638324047175,0.12621233924773478,0.2260122131572987,0.34047049964602205,0.2437919168829963,0.2834595510893223
514,0.5833333333333333,0.8333333333333333,2,1,1,False,0.09177274342519921,-3.996802888650564e-17,-0.03148685588925404,0.03947590706005179,0.03990783580225199,0.041006529673682346,-0.5863516038942365,0.22831963001337674,-0.5548475251536483,-0.5618991295673411,-0.5702738145992579,-0.5874979441631217,0.5832676101472514,-0.1579790117792094,0.6049851245047388,0.6095749568892045,0.5950192284403262,0.6088428582878996,0.28924638324047175,0.12621233924773478,0.21627988266081927,0.2849502106531099,0.2433348909353122,0.2779539270431792
515,0.625,0.8333333333333333,2,1,1,False,0.09177274342519921,-3.996802888650564e-17,-0.025702065229972718,0.03680965146004015,0.03804717437092182,0.03830435751766265,-0.5863516038942365,0.22831963001337674,-0.549970601180817,-0.5614726599211572,-0.5720642378720942,-0.586647114829335,0.5832676101472514,-0.1579790117792094,0.6097501617598751,0.5962214606879036,0.5987511813735014,0.6104050969168472,0.28924638324047175,0.12621233924773478,0.19348274548163472,0.19480910297893494,0.24273196618072887,0.2713434249909554
516,0.6666666666666666,0.8333333333333333,2,1,1,False,0.09177274342519921,-3.996802888650564e-17,-0.010393230768602206,0.03480004814648444,0.03576680230000459,0.035225413827346556,-0.5863516038942365,0.22831963001337674,-0.5406928149319445,-0.5606228751709098,-0.5744669434245325,-0.5857260321633057,0.5832676101472514,-0.1579790117792094,0.6063880309907248,0.5883210798428271,0.6032697665668268,0.6122382530420188,0.28924638324047175,0.12621233924773478,0.15884929246302715,0.1364304401694739,0.24189459989926063,0.263430337858741
517,0.7083333333333333,0.8333333333333333,2,1,1,False,0.09177274342519921,-3.996802888650564e-17,0.010567073858375454,0.03276860919481286,0.03304119374497449,0.03193023323380943,-0.5863516038942365,0.22831963001337674,-0.5374498300166098,-0.5633758633387232,-0.5777167329616055,-0.5849565002634314,0.5832676101472514,-0.1579790117792094,0.6142287532466767,0.6029520788927081,0.6085868780979197,0.6143426704773463,0.28924638324047175,0.12621233924773478,0.1416034171233842,0.10159261021883156,0.2406339813895039,0.2541614553858916
518,0.75,0.8333333333333333,2,1,1,False,0.09177274342519921,-3.996802888650564e-17,0.028946974156732783,0.0309399715793202,0.03460879973695863,0.033555232808394134,-0.5863516038942365,0.22831963001337674,-0.5531610916897588,-0.5677929943210493,-0.5808693295970173,-0.5849524021357926,0.5832676101472514,-0.1579790117792094,0.6289124783577772,0.6545677628649866,0.6115542670914191,0.6148305648807738,0.28924638324047175,0.12621233924773478,0.1423743137022963,0.10787089724180092,0.24158923200714486,0.24927512160480816
519,0.7916666666666666,0.8333333333333333,2,1,1,False,0.09177274342519921,-3.996802888650564e-17,0.028150321840435068,0.02953555586968135,0.04040938098542862,0.03961853925627677,-0.5863516038942365,0.22831963001337674,-0.5801104754167852,-0.5890719253156955,-0.581830768887036,-0.584521725691267,0.5832676101472514,-0.1579790117792094,0.642011607743246,0.6958591170607111,0.6108559742367975,0.613031582128787,0.28924638324047175,0.12621233924773478,0.16160601341644215,0.1496257314253696,0.2442816397799897,0.24950223218896758
520,0.8333333333333333,0.8333333333333333,2,1,1,False,0.09177274342519921,-3.996802888650564e-17,0.013475461301205359,0.02895947256003163,0.04543193145515592,0.044835397621112896,-0.5863516038942365,0.22831963001337674,-0.6153826175830238,-0.6127134522356852,-0.5818426633079492,-0.5836655712147862,0.5832676101472514,-0.1579790117792094,0.6398496455588149,0.7032371313730323,0.6096711283770653,0.6111393211715153,0.28924638324047175,0.12621233924773478,0.20393319108320063,0.20675526742411832,0.24605326887603668,0.2496852519311997
521,0.875,0.8333333333333333,2,1,1,False,0.09177274342519921,-3.996802888650564e-17,0.0012582444251256813,0.028250241577715662,0.049632589775280886,0.04917576322506259,-0.5863516038942365,0.22831963001337674,-0.6341863805079667,-0.6384486090532009,-0.58143426591673,-0.5827015770861503,0.5832676101472514,-0.1579790117792094,0.6308166622536329,0.6773372363606537,0.6084114674315219,0.6094216501720012,0.28924638324047175,0.12621233924773478,0.23409397565798407,0.2472037020652813,0.24726907940662946,0.24985217193270032
522,0.9166666666666666,0.8333333333333333,2,1,1,False,0.09177274342519921,-3.996802888650564e-17,0.0011285717824139237,0.02790154898343965,0.05312013820073037,0.052765342648162586,-0.5863516038942365,0.22831963001337674,-0.6373674015665952,-0.6519886928832885,-0.5808571621790853,-0.5817581091774294,0.5832676101472514,-0.1579790117792094,0.61635268619801,0.634019406151245,0.6072270104485289,0.6079351608887906,0.28924638324047175,0.12621233924773478,0.25054143550767227,0.2633780361359403,0.24813964193615423,0.2500118777007975
523,0.9583333333333333,0.8333333333333333,2,1,1,False,0.09177274342519921,-3.996802888650564e-17,0.005545587698844033,0.027583659264010362,0.05602569944278748,0.055747567933958755,-0.5863516038942365,0.22831963001337674,-0.6353209306942467,-0.6546726825287977,-0.5802301458691348,-0.580882603954658,0.5832676101472514,-0.1579790117792094,0.604804305073938,0.600702433780774,0.6061625108735363,0.6066674386460209,0.28924638324047175,0.12621233924773478,0.2582807294992245,0.27110725907806515,0.24878710231092446,0.2501657734413204
524,1.0,0.8333333333333333,2,1,1,False,0.09177274342519921,-3.996802888650564e-17,0.013136000771775678,0.027369942819331812,0.05846516085309099,0.058246407410779966,-0.5863516038942365,0.22831963001337674,-0.6288495315459567,-0.6544122180280835,-0.5796086193571736,-0.5800882899315342,0.5832676101472514,-0.1579790117792094,0.5975797249851454,0.5851741524747646,0.6052222362269617,0.6055879011892527,0.28924638324047175,0.12621233924773478,0.2590314734857173,0.2702869686148411,0.24928452237282533,0.2503131830372859
525,0.0,0.875,1,2,2,False,0.08122092484441946,-3.996802888650564e-17,0.1392994343265093,0.07792070610541206,0.103094890221678,0.089679276750167,0.8795274058413546,0.22831963001337674,0.8696863138302308,0.8697198094541729,0.8596978533845475,0.8487920201515753,-0.5832676101472514,-0.1579790117792094,-0.6707739234049366,-0.6817249893534983,-0.635419080713215,-0.6254471111616013,0.28924638324047175,0.12621233924773478,0.21978533479768633,0.21685836631277122,0.29308333676319126,0.31072076244459357
526,0.041666666666666664,0.875,1,2,2,False,0.08122092484441946,-3.996802888650564e-17,0.13390735516728633,0.07627068245481469,0.10249771709666176,0.08855119106942898,0.8795274058413546,0.22831963001337674,0.8711703198092121,0.8674894952022869,0.8596598624767374,0.8482586863418188,-0.5832676101472514,-0.1579790117792094,-0.670343665050828,-0.6880320544791053,-0.6353256634743416,-0.6248497849435906,0.28924638324047175,0.12621233924773478,0.22714653510424457,0.2256872901887026,0.29296941932243004,0.3113675829286617
527,0.08333333333333333,0.875,1,2,2,False,0.08122092484441946,-3.996802888650564e-17,0.1292293740956536,0.07440607476240002,0.10187319767905187,0.08736953364559902,0.8795274058413546,0.22831963001337674,0.8709230353688887,0.8689653767883211,0.8595666140616869,0.847644055445478,-0.5832676101472514,-0.1579790117792094,-0.6699442881606222,-0.6880747627636692,-0.6352151924431086,-0.6242007900512215,0.28924638324047175,0.12621233924773478,0.23351030866234723,0.23794459081387453,0.2928536985500901,0.3120515170421153
528,0.125,0.875,1,2,2,False,0.08122092484441946,-3.996802888650564e-17,0.12124480061425086,0.072246392704187,0.10122075460734924,0.08613300213243621,0.8795274058413546,0.22831963001337674,0.8750862949691289,0.8663143607572359,0.8594089195732948,0.8469385675374601,-0.5832676101472514,-0.1579790117792094,-0.6695702971766374,-0.6804255848188181,-0.6350852766093797,-0.6234952448242465,0.28924638324047175,0.12621233924773478,0.2423361594602654,0.2473199986960143,0.29273678886771515,0.31277407770514776
529,0.16666666666666666,0.875,1,2,2,False,0.08122092484441946,-3.996802888650564e-17,0.10898571523312627,0.07006751535605449,0.10054005893410158,0.08484071252334296,0.8795274058413546,0.22831963001337674,0.8848363761589141,0.889805565644866,0.8591762639871732,0.8461316804247183,-0.5832676101472514,-0.1579790117792094,-0.6690815442755291,-0.6548937895052513,-0.6349332066451984,-0.6227278618016007,0.28924638324047175,0.12621233924773478,0.2523955102542244,0.25124259049390224,0.2926194268624106,0.3135365546716812
530,0.20833333333333331,0.875,1,2,2,False,0.08122092484441946,-3.996802888650564e-17,0.08664136392854552,0.06743103363966338,0.09983111283653169,0.08349233635968796,0.8795274058413546,0.22831963001337674,0.9063719860093152,0.9247138517239318,0.8588566521292964,0.8452118224699811,-0.5832676101472514,-0.1579790117792094,-0.6615363371588369,-0.6399389400556008,-0.6347559215319871,-0.621892949117075,0.28924638324047175,0.12621233924773478,0.2586885570863838,0.2406297971207605,0.29250247413049335,0.3143399111472115
531,0.25,0.875,1,2,2,False,0.08122092484441946,-3.996802888650564e-17,0.0698240821534735,0.0645306412603774,0.0993174742152582,0.0825602760359199,0.8795274058413546,0.22831963001337674,0.8964532850090088,0.9365129201206045,0.8576692329254462,0.8436674400668445,-0.5832676101472514,-0.1579790117792094,-0.6227405028872919,-0.627343847596702,-0.633956965625283,-0.6207545402520042,0.28924638324047175,0.12621233924773478,0.2721139701130704,0.23515343193724011,0.2927982464860779,0.31517717361496617
532,0.29166666666666663,0.875,1,2,2,False,0.08122092484441946,-3.996802888650564e-17,0.0636122787433224,0.061469318050438405,0.09881619912718467,0.08166901497663562,0.8795274058413546,0.22831963001337674,0.7791777868174219,0.8968596006439082,0.8565172825276843,0.8421871130751886,-0.5832676101472514,-0.1579790117792094,-0.48087349668444934,-0.5985078055719781,-0.633172844563816,-0.6196581858989545,0.28924638324047175,0.12621233924773478,0.2810871920532612,0.23352881342156848,0.29305962956748566,0.3159379155954788
533,0.3333333333333333,0.875,1,2,2,False,0.08122092484441946,-3.996802888650564e-17,0.05485269085717606,0.05839086589665563,0.09832794642604827,0.080817189620021,0.8795274058413546,0.22831963001337674,0.548563541006615,0.7629473340058333,0.8554027375597986,0.8407705883885292,-0.5832676101472514,-0.1579790117792094,-0.25641607122170007,-0.4545732506789378,-0.6324058827957835,-0.6186040611851271,0.28924638324047175,0.12621233924773478,0.27335037201662504,0.2395413684006888,0.2932896171821626,0.316628654664586
534,0.375,0.875,1,1,2,False,0.08122092484441946,-3.996802888650564e-17,0.04679765438626257,0.05521005002783201,0.0978531691402622,0.08000333516822528,0.8795274058413546,0.22831963001337674,0.23594571076738322,0.5035614893173055,0.8543267368126054,0.8394169096144024,-0.5832676101472514,-0.1579790117792094,0.011686511334419189,-0.08661998799682089,-0.6316577971103832,-0.6175918429238361,0.28924638324047175,0.12621233924773478,0.24823281440763384,0.24544340335890136,0.2934910474584904,0.31725551826315834
535,0.41666666666666663,0.875,1,1,1,True,0.08122092484441946,-3.996802888650564e-17,0.031208276376310306,0.052028990395719135,0.04336537429595979,0.07922592628783162,0.8795274058413546,0.22831963001337674,-0.059361321045169446,0.14597799924791555,-0.5685059727401399,0.8381245974648082,-0.5832676101472514,-0.1579790117792094,0.2720453064071013,0.24409446327868736,0.5838036889357988,-0.6166208302458818,0.28924638324047175,0.12621233924773478,0.2287022304979352,0.2390097251009279,0.24178209889048546,0.3178242143030901
536,0.4583333333333333,0.875,2,1,1,True,0.09177274342519921,-3.996802888650564e-17,-0.0003302066991610151,0.048951655076436444,0.04242822023118061,0.04533559655319482,-0.5863516038942365,0.22831963001337674,-0.2665394256184511,-0.1881053225773094,-0.5693706649512087,-0.5916081633079404,0.5832676101472514,-0.1579790117792094,0.4423973876373188,0.41949959309459905,0.5852756615200368,0.6030301688596634,0.28924638324047175,0.12621233924773478,0.22244345832467025,0.24545795451081745,0.2414212844119666,0.28772429027157326
537,0.5,0.875,2,1,1,False,0.09177274342519921,-3.996802888650564e-17,-0.019554360975616348,0.045904255293346144,0.04132359552410299,0.043580831115771906,-0.5863516038942365,0.22831963001337674,-0.40649718323851053,-0.4064545025358487,-0.5704241201333948,-0.5913588641518381,0.5832676101472514,-0.1579790117792094,0.518917473275517,0.5305259853374686,0.5869860703278478,0.6036131406986435,0.28924638324047175,0.12621233924773478,0.20625105714171144,0.27990827734415774,0.24101512334150924,0.2838763721570097
538,0.5416666666666666,0.875,2,1,1,False,0.09177274342519921,-3.996802888650564e-17,-0.01930166137157188,0.043097305471087075,0.04000917448536663,0.04155279562381411,-0.5863516038942365,0.22831963001337674,-0.5025805628969413,-0.5121233191001262,-0.5717269754510221,-0.5910645080079897,0.5832676101472514,-0.1579790117792094,0.5514123900026664,0.5836294304192735,0.5889868197064203,0.6042620780291367,0.28924638324047175,0.12621233924773478,0.20136470252866384,0.3017582106815552,0.24055784382438528,0.27941589490923907
539,0.5833333333333333,0.875,2,1,1,False,0.09177274342519921,-3.996802888650564e-17,-0.0008476218482691422,0.04033800185552532,0.03843107558429803,0.039206549073727726,-0.5863516038942365,0.22831963001337674,-0.5492567677272698,-0.5471438770334637,-0.5733641383633964,-0.5907278423706847,0.5832676101472514,-0.1579790117792094,0.5688879877655411,0.59192460588669,0.5913389727262307,0.6049805529361811,0.28924638324047175,0.12621233924773478,0.20359221769514946,0.25746423828668974,0.2400439522650265,0.27422777154361333
540,0.625,0.875,2,1,1,False,0.09177274342519921,-3.996802888650564e-17,0.0057017133948154075,0.03787800375190307,0.036523459983167555,0.03650487034271474,-0.5863516038942365,0.22831963001337674,-0.559070127000725,-0.5568077295613474,-0.5754540339103802,-0.5903706493445532,0.5832676101472514,-0.1579790117792094,0.5832602903287445,0.5804921991224155,0.5941071496640147,0.6057661535277177,0.28924638324047175,0.12621233924773478,0.18923379214380065,0.18430298824701455,0.23946842301693963,0.26819684647899444
541,0.6666666666666666,0.875,2,1,1,False,0.09177274342519921,-3.996802888650564e-17,0.0046766541045897055,0.03569381575489095,0.03421477142486661,0.03344442250124925,-0.5863516038942365,0.22831963001337674,-0.557986794340688,-0.5643061854877046,-0.57815645153812,-0.5900621291225631,0.5832676101472514,-0.1579790117792094,0.5935920972590318,0.5726822345695299,0.5973390258545661,0.6066036000261098,0.28924638324047175,0.12621233924773478,0.1660952383808752,0.13683373941571428,0.23882448074404267,0.2612479450723309
542,0.7083333333333333,0.875,2,1,1,False,0.09177274342519921,-3.996802888650564e-17,0.0037294250005751907,0.03395518050361972,0.031455378775519134,0.030117575768791118,-0.5863516038942365,0.22831963001337674,-0.5654656662813708,-0.5779802148706337,-0.5816638837855158,-0.5899813215482453,0.5832676101472514,-0.1579790117792094,0.6104335094968774,0.595459689869721,0.6010048086058553,0.6074523701341092,0.28924638324047175,0.12621233924773478,0.15289110605108622,0.11285557520027535,0.2380908178418372,0.25344831174590443
543,0.75,0.875,2,1,1,False,0.09177274342519921,-3.996802888650564e-17,0.007728763922352774,0.032118122742753406,0.03217823760457182,0.030838114151770638,-0.5863516038942365,0.22831963001337674,-0.5834652193766678,-0.5987899314568524,-0.5846074232332995,-0.5899223363123132,0.5832676101472514,-0.1579790117792094,0.6242264697880041,0.6493900105821406,0.6035696378997851,0.6077209288940832,0.28924638324047175,0.12621233924773478,0.15726847249977635,0.11714299775883147,0.23962572463004447,0.24950499098803386
544,0.7916666666666666,0.875,2,1,1,False,0.09177274342519921,-3.996802888650564e-17,0.00681868270161865,0.030616766855585825,0.03677164723684802,0.03569774503510151,-0.5863516038942365,0.22831963001337674,-0.6050352314654641,-0.6206533039896597,-0.5852512687510997,-0.5889999212814852,0.5832676101472514,-0.1579790117792094,0.631650306490452,0.7007578801713618,0.604010923132801,0.6069687915210018,0.28924638324047175,0.12621233924773478,0.17709823539898192,0.1567210168470085,0.24260090742309448,0.24976166548745252
545,0.8333333333333333,0.875,2,1,1,False,0.09177274342519921,-3.996802888650564e-17,-0.0007945207200522467,0.029508532196993998,0.04105780840350146,0.040202867923103285,-0.5863516038942365,0.22831963001337674,-0.6259263753303181,-0.6405997253836683,-0.585111313876087,-0.5878074173792297,0.5832676101472514,-0.1579790117792094,0.6267702117708402,0.7112681067157074,0.6038504152973735,0.6059791848604213,0.28924638324047175,0.12621233924773478,0.2115792416275202,0.20667242336145922,0.24467725852942637,0.24995823863004663
546,0.875,0.875,2,1,1,False,0.09177274342519921,-3.996802888650564e-17,-0.006767349922130949,0.028990434985093985,0.04486611824404389,0.04418030108697304,-0.5863516038942365,0.22831963001337674,-0.635689765342867,-0.654778049076944,-0.5845972074503675,-0.5865748092858134,0.5832676101472514,-0.1579790117792094,0.6120567085710604,0.6844304852907684,0.6034291852440905,0.6049819902304803,0.28924638324047175,0.12621233924773478,0.238914502066796,0.24537813511490597,0.24616133994406933,0.2501217071749531
547,0.9166666666666666,0.875,2,1,1,False,0.09177274342519921,-3.996802888650564e-17,-0.009204921878098148,0.028332679371961298,0.04818610772732146,0.04762965781899419,-0.5863516038942365,0.22831963001337674,-0.6399365797681192,-0.6571232411548177,-0.5839220098076744,-0.5853989125068452,0.5832676101472514,-0.1579790117792094,0.6023868572710214,0.618862264204093,0.6029136341310708,0.6040619659211678,0.28924638324047175,0.12621233924773478,0.25641620589187336,0.2765031886956537,0.2472514494623723,0.250266613348234
548,0.9583333333333333,0.875,2,1,1,False,0.09177274342519921,-3.996802888650564e-17,-0.0033796828254769595,0.027941970242168865,0.05106396107805728,0.05060746029828754,-0.5863516038942365,0.22831963001337674,-0.6371172641268806,-0.6602277983094819,-0.5831948379728794,-0.5843153420252539,0.5832676101472514,-0.1579790117792094,0.5950319497090957,0.5845927091773797,0.602382347241522,0.6032424930144294,0.28924638324047175,0.12621233924773478,0.2615700331377142,0.2822617975991363,0.24807374639108884,0.25039979468115997
549,1.0,0.875,2,1,1,False,0.09177274342519921,-3.996802888650564e-17,-0.00016397124984602642,0.027687381711237295,0.05356008473580359,0.05318215356737859,-0.5863516038942365,0.22831963001337674,-0.635093677671087,-0.6584916886670982,-0.5824705957952089,-0.5833323022342785,0.5832676101472514,-0.1579790117792094,0.5882166576628698,0.5673671033721974,0.6018708665003095,0.6025226053519069,0.28924638324047175,0.12621233924773478,0.26714902051343803,0.2852095100115368,0.24870931985792,0.25052428584025005
550,0.0,0.9166666666666666,1,2,2,False,0.08122092484441946,-3.996802888650564e-17,0.14109541227268993,0.07686757722761704,0.1035718981518417,0.08970771083997517,0.8795274058413546,0.22831963001337674,0.8812244434871034,0.8867859962790049,0.8609388354559774,0.8496570675152941,-0.5832676101472514,-0.1579790117792094,-0.665726034587042,-0.6709582290992249,-0.6354000964716495,-0.6248692877985951,0.28924638324047175,0.12621233924773478,0.20469456607134323,0.19192509344839173,0.2908162063103531,0.30914547792342856
551,0.041666666666666664,0.9166666666666666,1,2,2,False,0.08122092484441946,-3.996802888650564e-17,0.13805467133220217,0.07513457763306644,0.10303720747556189,0.08866215659323598,0.8795274058413546,0.22831963001337674,0.8828930101953021,0.8915012850465418,0.8609224882480657,0.8491645487005823,-0.5832676101472514,-0.1579790117792094,-0.6647107202247737,-0.6693127303061973,-0.6353043164292427,-0.6242756669675796,0.28924638324047175,0.12621233924773478,0.2068989383807627,0.192418563313467,0.29066053145769055,0.30972473997322775
552,0.08333333333333333,0.9166666666666666,1,2,2,False,0.08122092484441946,-3.996802888650564e-17,0.13224009814578147,0.07322575054391571,0.10248064549687098,0.08757151941671251,0.8795274058413546,0.22831963001337674,0.8878397091557945,0.897505283648663,0.8608569777487205,0.8486000445699804,-0.5832676101472514,-0.1579790117792094,-0.6645273706691011,-0.6657588696655699,-0.6351928257444013,-0.623634666566106,0.28924638324047175,0.12621233924773478,0.21286722868898153,0.19697181726093443,0.29050266318849055,0.31033612351278
553,0.125,0.9166666666666666,1,2,2,False,0.08122092484441946,-3.996802888650564e-17,0.12528685721300226,0.07124148544619494,0.10190195104234527,0.08643498689091553,0.8795274058413546,0.22831963001337674,0.8950934426348156,0.9093741897166756,0.860734555805867,0.8479556071906063,-0.5832676101472514,-0.1579790117792094,-0.6640181705132134,-0.6530804748731776,-0.6350636033124388,-0.6229421992009814,0.28924638324047175,0.12621233924773478,0.21786113052087988,0.20315629303776545,0.2903432832271984,0.3109809117326928
554,0.16666666666666666,0.9166666666666666,1,2,2,False,0.08122092484441946,-3.996802888650564e-17,0.11520084308089037,0.06897283801629164,0.10130107232250773,0.08525209386121732,0.8795274058413546,0.22831963001337674,0.9082440990992992,0.9339070056680424,0.8605464276834603,0.8472225258635631,-0.5832676101472514,-0.1579790117792094,-0.6629476205980854,-0.6291463553654927,-0.6349143819018528,-0.6221938779145654,0.28924638324047175,0.12621233924773478,0.2239011321494343,0.20923013414342295,0.29018320664820335,0.31166022943576777
555,0.20833333333333331,0.9166666666666666,1,2,2,False,0.08122092484441946,-3.996802888650564e-17,0.10144178835291509,0.06643544001039248,0.10067822610464527,0.08402282101499434,0.8795274058413546,0.22831963001337674,0.9241657793173994,0.962819209415652,0.8602826397467735,0.846391293001947,-0.5832676101472514,-0.1579790117792094,-0.6541324813744775,-0.6192250315905788,-0.6347426250717897,-0.6213850220560417,0.28924638324047175,0.12621233924773478,0.22965768059902558,0.20548425811743543,0.2900233897523476,0.3123749720269421
556,0.25,0.9166666666666666,1,2,2,False,0.08122092484441946,-3.996802888650564e-17,0.09285220192359196,0.06368198342282193,0.10018440247155926,0.0831414027985993,0.8795274058413546,0.22831963001337674,0.8829269800295155,0.9646024684271476,0.8591464657905616,0.84492302126701,-0.5832676101472514,-0.1579790117792094,-0.5868077881948022,-0.6154447778662382,-0.6339945889548338,-0.6203234287257391,0.28924638324047175,0.12621233924773478,0.24017459895126975,0.19891062582012714,0.29037850509348223,0.31322937139643714
557,0.29166666666666663,0.9166666666666666,1,2,2,False,0.08122092484441946,-3.996802888650564e-17,0.09275247977853757,0.06074774085548251,0.099701405707594,0.0822957229771081,0.8795274058413546,0.22831963001337674,0.7422635198627681,0.9241280029546399,0.8580405590354586,0.8435102342069294,-0.5832676101472514,-0.1579790117792094,-0.42239779888074713,-0.5930888474101991,-0.6332594096641142,-0.6192990366646209,0.28924638324047175,0.12621233924773478,0.23587231893134197,0.1932871475845812,0.29070079921957104,0.31401378958831727
558,0.3333333333333333,0.9166666666666666,1,2,2,False,0.08122092484441946,-3.996802888650564e-17,0.08807534187264847,0.05788333843542968,0.0992298037820424,0.08148468215862702,0.8795274058413546,0.22831963001337674,0.5254592038756827,0.7772159562650705,0.8569667707937758,0.8421529678699133,-0.5832676101472514,-0.1579790117792094,-0.20886979152723187,-0.4398099155003734,-0.6325390358257849,-0.6183119480418663,0.28924638324047175,0.12621233924773478,0.2172087638316393,0.18286244377044353,0.2909926788767788,0.3147335916598393
559,0.375,0.9166666666666666,1,1,2,False,0.08122092484441946,-3.996802888650564e-17,0.07029330056985197,0.05492559141059885,0.09877000557386244,0.08070710314740691,0.8795274058413546,0.22831963001337674,0.24615255245552242,0.509676566725358,0.8559263009891455,0.8408506788892165,-0.5832676101472514,-0.1579790117792094,0.02815645299120838,-0.12209535664922463,-0.631834941492659,-0.6173618828537006,0.28924638324047175,0.12621233924773478,0.19960003450837055,0.17073528607097924,0.2912564687995319,0.31539387280940456
560,0.41666666666666663,0.9166666666666666,1,1,2,True,0.08122092484441946,-3.996802888650564e-17,0.036408239402388055,0.051983026069546245,0.09832228386090108,0.07996175968528257,0.8795274058413546,0.22831963001337674,-0.034381940479134364,0.16989564665189277,0.8549198170216429,0.8396023787389699,-0.5832676101472514,-0.1579790117792094,0.25819357989891073,0.16825476309140552,-0.6311482027511888,-0.6164482665004649,0.28924638324047175,0.12621233924773478,0.18817645375445477,0.1739731870024239,0.29149438961225205,0.3159994295306816
561,0.4583333333333333,0.9166666666666666,2,1,1,True,0.09177274342519921,-3.996802888650564e-17,0.0017567553548840519,0.04909267222465744,0.04135780423397627,0.0439038351481048,-0.5863516038942365,0.22831963001337674,-0.23600517289354886,-0.1499728318349718,-0.5714646404895531,-0.5935712934604381,0.5832676101472514,-0.1579790117792094,0.4213333163460303,0.36478483984973076,0.5833908665504931,0.6007648937938395,0.28924638324047175,0.12621233924773478,0.18080294035786146,0.19544150874058663,0.2390770218587733,0.2842367288339153
562,0.5,0.9166666666666666,2,1,1,False,0.09177274342519921,-3.996802888650564e-17,-0.016538518555498826,0.046315804980820136,0.04022612377877673,0.04213936790762292,-0.5863516038942365,0.22831963001337674,-0.3642489611714209,-0.3626572111347708,-0.5726734055539703,-0.593502380306602,0.5832676101472514,-0.1579790117792094,0.4945313145515996,0.4862329708259668,0.584757655084278,0.6010368125505174,0.28924638324047175,0.12621233924773478,0.17148572003093862,0.23058592235513964,0.2386412407150695,0.2805045678259862
563,0.5416666666666666,0.9166666666666666,2,1,1,False,0.09177274342519921,-3.996802888650564e-17,-0.012599803506404366,0.04361539760348737,0.038898363464073556,0.040125860000895346,-0.5863516038942365,0.22831963001337674,-0.46428672737835663,-0.48043023140717206,-0.5741410490156392,-0.5934255252443756,0.5832676101472514,-0.1579790117792094,0.5210751712027856,0.5458566337180282,0.5863224410262118,0.6013085212246007,0.28924638324047175,0.12621233924773478,0.17887270687589327,0.24237785313567492,0.23818278415599223,0.2762626920662931
564,0.5833333333333333,0.9166666666666666,2,1,1,False,0.09177274342519921,-3.996802888650564e-17,0.0038535770601604838,0.04109687999939208,0.03732991741031808,0.03782922286469551,-0.5863516038942365,0.22831963001337674,-0.5300855300555855,-0.5356498463943314,-0.5759448655147092,-0.5933525550592694,0.5832676101472514,-0.1579790117792094,0.5368675124345517,0.5607143852758815,0.5881167327417719,0.6015672977414078,0.28924638324047175,0.12621233924773478,0.1918244057056847,0.2226001277915136,0.23771303509041702,0.27144128564356046
565,0.625,0.9166666666666666,2,1,1,False,0.09177274342519921,-3.996802888650564e-17,0.021968906811438094,0.038669270269316186,0.03546805779372285,0.03522375740565987,-0.5863516038942365,0.22831963001337674,-0.5619128465696303,-0.5543061728634788,-0.5781871260877715,-0.5933125364553273,0.5832676101472514,-0.1579790117792094,0.557975146024137,0.5513619579162977,0.5901686031262525,0.6017921355330793,0.28924638324047175,0.12621233924773478,0.19418913304900903,0.18465371941355913,0.23725322043857408,0.26598488479909205
566,0.6666666666666666,0.9166666666666666,2,1,1,False,0.09177274342519921,-3.996802888650564e-17,0.01854162887911235,0.03665894110016516,0.03325667593280563,0.032310834235792577,-0.5863516038942365,0.22831963001337674,-0.5736821672154753,-0.5702038010755621,-0.5809973100397667,-0.5933703322904089,0.5832676101472514,-0.1579790117792094,0.5819729752388413,0.5620035549476567,0.592488310096986,0.6019497615391308,0.28924638324047175,0.12621233924773478,0.18074855515328797,0.1533716681721033,0.2368385895857909,0.2598867660885351
567,0.7083333333333333,0.9166666666666666,2,1,1,False,0.09177274342519921,-3.996802888650564e-17,0.006633521651456427,0.03497658849669634,0.030653436116304812,0.02915783730900433,-0.5863516038942365,0.22831963001337674,-0.5849007307646337,-0.5946868169989264,-0.584520027389431,-0.59366159347038,0.5832676101472514,-0.1579790117792094,0.6004584039685075,0.5917939517034305,0.595033367378947,0.601990326048425,0.28924638324047175,0.12621233924773478,0.16906557265333677,0.13693546647387886,0.23651938073002135,0.2532619595023596
568,0.75,0.9166666666666666,2,1,1,False,0.09177274342519921,-3.996802888650564e-17,-0.0006403928970155248,0.0329803901622645,0.03088535380537241,0.02934138641983574,-0.5863516038942365,0.22831963001337674,-0.6011474268728579,-0.6210363003734396,-0.5872478025719222,-0.5935784056059388,0.5832676101472514,-0.1579790117792094,0.6143582906642375,0.6409307240168396,0.5972751349231256,0.6021233615091853,0.28924638324047175,0.12621233924773478,0.17226217465688465,0.14017035499416614,0.23831223660531384,0.24997442986680263
569,0.7916666666666666,0.9166666666666666,2,1,1,False,0.09177274342519921,-3.996802888650564e-17,-0.004654736891976704,0.03149615686433826,0.03449829527405612,0.03320087371483682,-0.5863516038942365,0.22831963001337674,-0.6173849679763103,-0.6434532052944002,-0.5877452468504242,-0.5924367189455911,0.5832676101472514,-0.1579790117792094,0.6167923237306825,0.6806501116144883,0.5984144153305155,0.6020476885073828,0.28924638324047175,0.12621233924773478,0.18992543614875426,0.16687773977561798,0.24132036120724837,0.25017487908516056
570,0.8333333333333333,0.9166666666666666,2,1,1,False,0.09177274342519921,-3.996802888650564e-17,-0.007885791142758137,0.030333972456963326,0.038086599622865695,0.037011833584638165,-0.5863516038942365,0.22831963001337674,-0.6294705143194411,-0.6562790062637694,-0.5875703010035693,-0.5910959263900836,0.5832676101472514,-0.1579790117792094,0.6070187891012514,0.6836711376531405,0.5989382401083995,0.6016780532105375,0.28924638324047175,0.12621233924773478,0.21903086945814218,0.21197250539166748,0.243523715825477,0.25033284816411466
571,0.875,0.9166666666666666,2,1,1,False,0.09177274342519921,-3.996802888650564e-17,-0.012188823334453877,0.029507620519572234,0.041439558068563684,0.04054860073630422,-0.5863516038942365,0.22831963001337674,-0.6364549802125525,-0.6616370618046895,-0.5870468108409382,-0.5897358973620548,0.5832676101472514,-0.1579790117792094,0.5969885025443195,0.640442018209928,0.5991162548893058,0.6012019195499909,0.28924638324047175,0.12621233924773478,0.2427325604700302,0.2559381919244659,0.2451599062280925,0.25046346533451846
572,0.9166666666666666,0.9166666666666666,2,1,1,False,0.09177274342519921,-3.996802888650564e-17,-0.013992351185330673,0.028973284536466713,0.044485340837338294,0.04374185967615268,-0.5863516038942365,0.22831963001337674,-0.6395122410615387,-0.6627190810638547,-0.5863576166561001,-0.5884380090515758,0.5832676101472514,-0.1579790117792094,0.5894820817516747,0.5996430538509144,0.5991043497236643,0.6007084754682218,0.28924638324047175,0.12621233924773478,0.2578879156523273,0.2739368715851792,0.24639688552375832,0.2505774694690532
573,0.9583333333333333,0.9166666666666666,2,1,1,False,0.09177274342519921,-3.996802888650564e-17,-0.016013224571434958,0.028421804990139847,0.04721655600041733,0.046590904144597656,-0.5863516038942365,0.22831963001337674,-0.6415825312062894,-0.6609116002455507,-0.5856040682553355,-0.587234583709198,0.5832676101472514,-0.1579790117792094,0.5834468153622887,0.5741320100991325,0.5989910634706779,0.6002372596241106,0.28924638324047175,0.12621233924773478,0.27130469885135805,0.2874750063303775,0.24734981069759146,0.25068107138283435
574,1.0,0.9166666666666666,2,1,1,False,0.09177274342519921,-3.996802888650564e-17,-0.009696450789649825,0.027994343287605708,0.049653270122005114,0.0491223773297226,-0.5863516038942365,0.22831963001337674,-0.638359135378448,-0.6604347203770145,-0.584841400337919,-0.5861342101528904,0.5832676101472514,-0.1579790117792094,0.5800204056653796,0.5525914414708614,0.5988264926635392,0.5998036542461478,0.28924638324047175,0.12621233924773478,0.272401322847821,0.2888014661966707,0.24809738899595454,0.2507775700921755
575,0.0,0.9583333333333333,1,2,2,False,0.08122092484441946,-3.996802888650564e-17,0.14348441719156685,0.07573224691492945,0.10401343098095067,0.08975063244099743,0.8795274058413546,0.22831963001337674,0.8921025205306963,0.9030736287035379,0.8620384450658996,0.8504238508506986,-0.5832676101472514,-0.1579790117792094,-0.6619106993550856,-0.6594977477236583,-0.6353839220452454,-0.624348196732404,0.28924638324047175,0.12621233924773478,0.18978275977250694,0.162631082859853,0.28880246516875835,0.3077483942819725
576,0.041666666666666664,0.9583333333333333,1,2,2,False,0.08122092484441946,-3.996802888650564e-17,0.13912835942915525,0.07408356320599942,0.1035317892712784,0.08877752346317003,0.8795274058413546,0.22831963001337674,0.8966144880910278,0.9100072552729592,0.8620381877787834,0.8499660891883749,-0.5832676101472514,-0.1579790117792094,-0.6616614684737113,-0.656732049366211,-0.6352870454704065,-0.6237615502770654,0.28924638324047175,0.12621233924773478,0.19371307820920874,0.1692828485586053,0.28861630584756587,0.30827147697957136
577,0.08333333333333333,0.9583333333333333,1,2,2,False,0.08122092484441946,-3.996802888650564e-17,0.13489199057859946,0.07220438024184235,0.10303247515909464,0.0877660899718827,0.8795274058413546,0.22831963001337674,0.9027752717928447,0.919829345466576,0.8619938142743774,0.8494441097378724,-0.5832676101472514,-0.1579790117792094,-0.6609453531526879,-0.6491956234804629,-0.6351757007136949,-0.6231314603209739,0.28924638324047175,0.12621233924773478,0.19443180291955625,0.16746481161687302,0.28842787137762316,0.308822678042877
578,0.125,0.9583333333333333,1,2,2,False,0.08122092484441946,-3.996802888650564e-17,0.12821240313529586,0.07019982254448306,0.10251542413072334,0.08671584435781829,0.8795274058413546,0.22831963001337674,0.9108388388084774,0.9368819817344296,0.8618987300907717,0.8488512349714608,-0.5832676101472514,-0.1579790117792094,-0.6594852638391465,-0.6355015478786601,-0.6350481671114754,-0.6224544833376721,0.28924638324047175,0.12621233924773478,0.20066862662388266,0.17056378320095567,0.2882378706612747,0.3094030977607415
579,0.16666666666666666,0.9583333333333333,1,2,2,False,0.08122092484441946,-3.996802888650564e-17,0.12263166825648687,0.06799873455391234,0.10198074685682708,0.0856265869341857,0.8795274058413546,0.22831963001337674,0.9235434958977784,0.9562337125829945,0.8617455055683029,0.8481801871282434,-0.5832676101472514,-0.1579790117792094,-0.6565209757188442,-0.6221732002876399,-0.6349025309204275,-0.6217269518820281,0.28924638324047175,0.12621233924773478,0.20089476304983195,0.17416527910243254,0.28804714393870046,0.3100137216382872
580,0.20833333333333331,0.9583333333333333,1,2,2,False,0.08122092484441946,-3.996802888650564e-17,0.11607884785702585,0.06542655864481697,0.10142877222454241,0.08449847799187346,0.8795274058413546,0.22831963001337674,0.9148666295210526,0.9738181537566806,0.8615257927285699,0.8474230633378559,-0.5832676101472514,-0.1579790117792094,-0.6275833743864411,-0.6118738496729357,-0.6347366689850942,-0.6209449821587024,0.28924638324047175,0.12621233924773478,0.20530358635979443,0.17171232767476763,0.28785667201278986,0.31065537030806656
581,0.25,0.9583333333333333,1,2,2,False,0.08122092484441946,-3.996802888650564e-17,0.1154321775971997,0.06281974367005784,0.1009536733510826,0.08366238254506868,0.8795274058413546,0.22831963001337674,0.8738115168781306,0.9593208555103392,0.8604388276340612,0.846025489085124,-0.5832676101472514,-0.1579790117792094,-0.5604814034082497,-0.6065289420027298,-0.6340333817519395,-0.6199504100857538,0.28924638324047175,0.12621233924773478,0.20227019958324682,0.1662204570288292,0.2882534518761727,0.3115153228336422
582,0.29166666666666663,0.9583333333333333,1,2,2,False,0.08122092484441946,-3.996802888650564e-17,0.11856871930454399,0.060172381711404405,0.10048815757969341,0.0828578688344211,0.8795274058413546,0.22831963001337674,0.7264727436083933,0.8841026385022294,0.8593778687221845,0.8446763245755942,-0.5832676101472514,-0.1579790117792094,-0.398371950061496,-0.5596533863602018,-0.6333413231893383,-0.6189889529068404,0.28924638324047175,0.12621233924773478,0.1941980455829783,0.15435369030528817,0.28861931138499075,0.3123113413636847
583,0.3333333333333333,0.9583333333333333,1,2,2,False,0.08122092484441946,-3.996802888650564e-17,0.11454706266959223,0.057432577057335524,0.10003271324139804,0.08208403562592964,0.8795274058413546,0.22831963001337674,0.5172526879381012,0.7203725447437954,0.8583446490684891,0.843375784134869,-0.5832676101472514,-0.1579790117792094,-0.1932984124653918,-0.40539341739205714,-0.6326621458281372,-0.6180606706747038,0.28924638324047175,0.12621233924773478,0.17546729973827768,0.13300983517835252,0.28895619846155707,0.31304787729209727
584,0.375,0.9583333333333333,1,1,2,False,0.08122092484441946,-3.996802888650564e-17,0.09167552401846615,0.054676430921573725,0.09958770414834861,0.08133992113715936,0.8795274058413546,0.22831963001337674,0.2601296712722223,0.4595057697580458,0.8573403676851328,0.8421236032814974,-0.5832676101472514,-0.1579790117792094,0.02491069356836502,-0.1568825344586158,-0.6319971258792174,-0.6171653245903026,0.28924638324047175,0.12621233924773478,0.16524814719261885,0.11197085190038208,0.2892660237695064,0.313729193399578
585,0.41666666666666663,0.9583333333333333,1,1,2,True,0.08122092484441946,-3.996802888650564e-17,0.05364547532968989,0.05193742096830706,0.09915338618120612,0.08062452380159836,0.8795274058413546,0.22831963001337674,0.003291868682976725,0.13606413996202898,0.8563657787825788,0.8409191398603476,-0.5832676101472514,-0.1579790117792094,0.23235101646889775,0.10460576239223449,-0.6313472201089896,-0.6163024419137432,0.28924638324047175,0.12621233924773478,0.15983549299848812,0.11280723233146359,0.2895506394638335,0.31435933764449453
586,0.4583333333333333,0.9583333333333333,2,1,1,True,0.09177274342519921,-3.996802888650564e-17,0.013622213327638149,0.0492644298270809,0.040461145156548924,0.04267913812144977,-0.5863516038942365,0.22831963001337674,-0.20124502098099187,-0.13431985474779273,-0.5733337564023814,-0.5952656041473663,0.5832676101472514,-0.1579790117792094,0.39162747021938293,0.2950859460861362,0.5816417638940524,0.5986538425985892,0.28924638324047175,0.12621233924773478,0.1523906489104334,0.14460398588919274,0.23724518486979523,0.28134063176864604
587,0.5,0.9583333333333333,2,1,1,False,0.09177274342519921,-3.996802888650564e-17,-0.010067655843249219,0.046641273726545224,0.039331698465969185,0.04093811161817921,-0.5863516038942365,0.22831963001337674,-0.3354674895290082,-0.3129251319654188,-0.574649652224863,-0.5953278096338035,0.5832676101472514,-0.1579790117792094,0.46722103686458744,0.41911188171249825,0.5827255545724083,0.5986751270587141,0.28924638324047175,0.12621233924773478,0.1474469642077559,0.18857292202851705,0.23682954889638294,0.2777656972440554
588,0.5416666666666666,0.9583333333333333,2,1,1,False,0.09177274342519921,-3.996802888650564e-17,-0.009133383532569959,0.04417166387687841,0.038024873949767835,0.03897634502623879,-0.5863516038942365,0.22831963001337674,-0.43956819497871663,-0.4374662245356403,-0.5762214994990215,-0.5954041513652061,0.5832676101472514,-0.1579790117792094,0.4928714927667192,0.4865260436848369,0.5839416321041373,0.59865296029646,0.28924638324047175,0.12621233924773478,0.16522693699376378,0.21042517960056767,0.236419271607697,0.27377144143412185
589,0.5833333333333333,0.9583333333333333,2,1,1,False,0.09177274342519921,-3.996802888650564e-17,0.008316907248882661,0.04176571277415101,0.036505429618062746,0.03676991831489531,-0.5863516038942365,0.22831963001337674,-0.5134215030130921,-0.5220129159122449,-0.5781164929273822,-0.59550963924764,0.5832676101472514,-0.1579790117792094,0.5086621811923822,0.5204058927895951,0.5853043779150617,0.5985674081892353,0.28924638324047175,0.12621233924773478,0.18743913581734195,0.20509552194619907,0.23603646881310744,0.2693194403796231
590,0.625,0.9583333333333333,2,1,1,False,0.09177274342519921,-3.996802888650564e-17,0.02835991952569339,0.03946554624129164,0.034733331777559474,0.0343038097069637,-0.5863516038942365,0.22831963001337674,-0.5588495256549285,-0.561671024949314,-0.5804193512146143,-0.595673354596829,0.5832676101472514,-0.1579790117792094,0.5333962323813971,0.5341734961053688,0.5868226097668855,0.5983908848187668,0.28924638324047175,0.12621233924773478,0.19869962944398203,0.18483246096536232,0.23571655803887562,0.26439137291646275
591,0.6666666666666666,0.9583333333333333,2,1,1,False,0.09177274342519921,-3.996802888650564e-17,0.028339871289746927,0.037529570729243907,0.032667694484454404,0.031585588891722166,-0.5863516038942365,0.22831963001337674,-0.5823504697800682,-0.5841556239431254,-0.5832312229849673,-0.5959502557597091,0.5832676101472514,-0.1579790117792094,0.5656593993174424,0.5577287914276472,0.5884898999872705,0.5980864209611627,0.28924638324047175,0.12621233924773478,0.19249084299856078,0.16506376763684483,0.23551359654033627,0.2590162752437827
592,0.7083333333333333,0.9583333333333333,2,1,1,False,0.09177274342519921,-3.996802888650564e-17,0.013894499791027325,0.03562753917113172,0.030278304276933187,0.02867101075890396,-0.5863516038942365,0.22831963001337674,-0.595402455275183,-0.6114984836528072,-0.5866570811174685,-0.5964407862436619,0.5832676101472514,-0.1579790117792094,0.5875963558605111,0.5965396301166015,0.5902640622161621,0.5976074759235125,0.28924638324047175,0.12621233924773478,0.18255626542863998,0.14643227414007803,0.2355042780967795,0.2533214898517116
593,0.75,0.9583333333333333,2,1,1,False,0.09177274342519921,-3.996802888650564e-17,-0.0005306432661504268,0.03406184785868918,0.03021441398170008,0.02852504075423626,-0.5863516038942365,0.22831963001337674,-0.6102192485827449,-0.6359731996362621,-0.589181946261017,-0.5963477113824239,0.5832676101472514,-0.1579790117792094,0.6013555030874639,0.62985579465253,0.5922462748781726,0.5976535003622189,0.28924638324047175,0.12621233924773478,0.18476739851075283,0.1446254527094079,0.23739463992344453,0.25051102288453947
594,0.7916666666666666,0.9583333333333333,2,1,1,False,0.09177274342519921,-3.996802888650564e-17,-0.007307869181161527,0.032542113112039195,0.03305658549633243,0.03158480590981321,-0.5863516038942365,0.22831963001337674,-0.621421745294756,-0.6546184807943783,-0.5896119557432058,-0.5951264381765138,0.5832676101472514,-0.1579790117792094,0.5992099214118501,0.6504060599136261,0.5938034796873641,0.5980119747115434,0.28924638324047175,0.12621233924773478,0.20366753852930647,0.17240795175841112,0.24032405986854538,0.2506363558222604
595,0.8333333333333333,0.9583333333333333,2,1,1,False,0.09177274342519921,-3.996802888650564e-17,-0.012328191291686066,0.03108673456929674,0.03603754344911058,0.03477943369513032,-0.5863516038942365,0.22831963001337674,-0.6310451480639389,-0.6635432906284514,-0.5894540640303432,-0.5937409825331407,0.5832676101472514,-0.1579790117792094,0.5927565559170107,0.6445949139285317,0.5947783540689215,0.5980664933541563,0.28924638324047175,0.12621233924773478,0.22502829056618168,0.21787906986645952,0.24255508413405533,0.2507411661505176
596,0.875,0.9583333333333333,2,1,1,False,0.09177274342519921,-3.996802888650564e-17,-0.013233146128989895,0.030206938182729057,0.03894640613814484,0.03787560385432896,-0.5863516038942365,0.22831963001337674,-0.634456264834327,-0.6680780131197186,-0.588967524952335,-0.592337906784927,0.5832676101472514,-0.1579790117792094,0.584506559268126,0.6163593808382549,0.5953793790034021,0.5979656560069503,0.28924638324047175,0.12621233924773478,0.24250189558826526,0.25474021307205263,0.24426722303365359,0.2508301304291409
597,0.9166666666666666,0.9583333333333333,2,1,1,False,0.09177274342519921,-3.996802888650564e-17,-0.01908377217718063,0.029520166497594123,0.041684410613649886,0.040770827708489145,-0.5863516038942365,0.22831963001337674,-0.6401790030126009,-0.664766241519855,-0.588309347972844,-0.5909890529194094,0.5832676101472514,-0.1579790117792094,0.5788100620841665,0.5848200154624638,0.5957420574778947,0.5977921452738227,0.28924638324047175,0.12621233924773478,0.26160321162202704,0.27681586254648083,0.24559675570763384,0.25090875464231577
598,0.9583333333333333,0.9583333333333333,2,1,1,False,0.09177274342519921,-3.996802888650564e-17,-0.017155730889435575,0.02891332571828272,0.04421338020882688,0.04342975487883112,-0.5863516038942365,0.22831963001337674,-0.6401447396263281,-0.6669662476694572,-0.5875728201933262,-0.5897260996672895,0.5832676101472514,-0.1579790117792094,0.575569941025391,0.5603311119951189,0.5959525655527965,0.5975905306512715,0.28924638324047175,0.12621233924773478,0.26830258872761314,0.28650959723886094,0.2466431004997938,0.2509809340864957
599,1.0,0.9583333333333333,2,1,1,False,0.09177274342519921,-3.996802888650564e-17,-0.017900485627252473,0.028510588209743302,0.04652654174944761,0.045850109012629967,-0.5863516038942365,0.22831963001337674,-0.6407371452326182,-0.6638146894914387,-0.5868125182420074,-0.5885597314381412,0.5832676101472514,-0.1579790117792094,0.571639084577939,0.5483174990918216,0.5960655072867749,0.5973841505253691,0.28924638324047175,0.12621233924773478,0.27771552556799134,0.29883263518558517,0.2474778796151346,0.2510489963565261
600,0.0,1.0,1,2,2,False,0.08122092484441946,-3.996802888650564e-17,0.14474887489169866,0.07472290956294321,0.10442158124593298,0.08980252639271649,0.8795274058413546,0.22831963001337674,0.9028267692411397,0.917658067213352,0.8630179348379076,0.8511070067285195,-0.5832676101472514,-0.1579790117792094,-0.6594928069721478,-0.6509726841867727,-0.6353701493390208,-0.6238767040872355,0.28924638324047175,0.12621233924773478,0.17779529308110406,0.14934343562701136,0.2870043140493734,0.30650262350514346
601,0.041666666666666664,1.0,1,2,2,False,0.08122092484441946,-3.996802888650564e-17,0.1410787720206145,0.07300723484800924,0.1039852969942787,0.08889333901833552,0.8795274058413546,0.22831963001337674,0.9082678782843715,0.9259247431806478,0.8630296520461572,0.850679153045806,-0.5832676101472514,-0.1579790117792094,-0.6590659162877757,-0.6459639160949182,-0.6352730678908219,-0.6232992305904459,0.28924638324047175,0.12621233924773478,0.1796196503158587,0.1426008986808845,0.2867960575634012,0.3069784920914199
602,0.08333333333333333,1.0,1,2,2,False,0.08122092484441946,-3.996802888650564e-17,0.1367685984596581,0.07122867112355268,0.10353460054579508,0.08795127176324165,0.8795274058413546,0.22831963001337674,0.9147862017701929,0.9363490066658191,0.8630014963368617,0.8501936329718804,-0.5832676101472514,-0.1579790117792094,-0.6580774196785609,-0.6365910911556396,-0.6351626526233334,-0.6226818873530793,0.28924638324047175,0.12621233924773478,0.18283879743543896,0.14885603548886417,0.28658561422793866,0.3074792169547945
603,0.125,1.0,1,2,2,False,0.08122092484441946,-3.996802888650564e-17,0.13370459647514357,0.06919343791374258,0.10306954874471118,0.08697605401373854,0.8795274058413546,0.22831963001337674,0.9206583252491716,0.952799356430567,0.8629278088784889,0.8496447835288934,-0.5832676101472514,-0.1579790117792094,-0.6536842693204544,-0.6269564877915977,-0.6350374284586695,-0.6220217548027791,0.28924638324047175,0.12621233924773478,0.1832401328553482,0.1458870765128826,0.2863736936981593,0.3080057500886583
604,0.16666666666666666,1.0,1,2,2,False,0.08122092484441946,-3.996802888650564e-17,0.13198057640759986,0.06708091480482846,0.10259034471907935,0.08596765432637182,0.8795274058413546,0.22831963001337674,0.9210068002834798,0.9702134692633816,0.8628022573109189,0.849026463664196,-0.5832676101472514,-0.1579790117792094,-0.6397898215282335,-0.6180262790323156,-0.634895766858056,-0.6213157439961511,0.28924638324047175,0.12621233924773478,0.18149348558699838,0.15012307490914556,0.28616112870108146,0.308558958706682
605,0.20833333333333331,1.0,1,2,2,False,0.08122092484441946,-3.996802888650564e-17,0.13089164935410955,0.06460456613258525,0.10209736965756076,0.0849263339414347,0.8795274058413546,0.22831963001337674,0.8938430331589156,0.9796981106345887,0.8626177734612887,0.8483320359480411,-0.5832676101472514,-0.1579790117792094,-0.5971628530228835,-0.6093881731180071,-0.6347358740311441,-0.6205606044888734,0.28924638324047175,0.12621233924773478,0.18327085604646853,0.15059915289750897,0.2859488840047284,0.30913958907619266
606,0.25,1.0,1,2,2,False,0.08122092484441946,-3.996802888650564e-17,0.13551400176483125,0.06206385112753664,0.10163995922132221,0.0841311032311938,0.8795274058413546,0.22831963001337674,0.8528597643021153,0.9471050102246207,0.8615775075766385,0.8469999304854932,-0.5832676101472514,-0.1579790117792094,-0.5327137310185657,-0.5911096627107565,-0.634072247704691,-0.619625024451389,0.28924638324047175,0.12621233924773478,0.17193081970149696,0.140602740227793,0.2863745039188565,0.3099971576051922
607,0.29166666666666663,1.0,1,2,2,False,0.08122092484441946,-3.996802888650564e-17,0.14181762331226136,0.05961940460524019,0.10119110357663422,0.08336399229838018,0.8795274058413546,0.22831963001337674,0.7126395432341045,0.8583692606470257,0.8605597345800706,0.845710348540652,-0.5832676101472514,-0.1579790117792094,-0.3824374218147296,-0.5198530260323079,-0.6334184958586279,-0.6187190915431198,0.28924638324047175,0.12621233924773478,0.15810521736496397,0.12166930121159518,0.2867712100317576,0.31079629096225597
608,0.3333333333333333,1.0,1,2,2,False,0.08122092484441946,-3.996802888650564e-17,0.13558585869219805,0.05703954611710363,0.10075122317654295,0.08262425212601658,0.8795274058413546,0.22831963001337674,0.5044164905368284,0.6919951747870059,0.8595660569096,0.8444636109230893,-0.5832676101472514,-0.1579790117792094,-0.18531187580640993,-0.37866124374781507,-0.632776033876145,-0.6178428415161025,0.28924638324047175,0.12621233924773478,0.1416181947931568,0.10259757566089767,0.28714059015324156,0.3115407116105531
609,0.375,1.0,1,1,2,False,0.08122092484441946,-3.996802888650564e-17,0.11251760931837887,0.05445616339937658,0.10032063980372201,0.08191108596800328,0.8795274058413546,0.22831963001337674,0.27118334216943174,0.4306839340693772,0.8585976368106123,0.8432596410549911,-0.5832676101472514,-0.1579790117792094,0.015216446737614851,-0.17998916563666256,-0.6321459747454723,-0.6169960725275146,0.28924638324047175,0.12621233924773478,0.13665549640170588,0.08990832814666506,0.2874842218956557,0.3122340090414345
610,0.41666666666666663,1.0,1,1,2,True,0.08122092484441946,-3.996802888650564e-17,0.0760975573899597,0.05189329915513324,0.09989958878502989,0.0812236646627669,0.8795274058413546,0.22831963001337674,0.039192946012402315,0.13531995149626938,0.8576552641287299,0.8420980420552444,-0.5832676101472514,-0.1579790117792094,0.2037991412145267,0.0570864897409365,-0.631529171985096,-0.6161783941204493,0.28924638324047175,0.12621233924773478,0.1365976710021224,0.09778408994062875,0.2878036535195168,0.3128796168353166
611,0.4583333333333333,1.0,2,1,1,True,0.09177274342519921,-3.996802888650564e-17,0.03459034453908275,0.04938377009576865,0.039709252427822146,0.04163168075956675,-0.5863516038942365,0.22831963001337674,-0.15963818150469586,-0.1256368314968109,-0.5750050878414605,-0.5967360246248969,0.5832676101472514,-0.1579790117792094,0.35551559615613504,0.2406239209943454,0.5800293033920055,0.5967010143448922,0.28924638324047175,0.12621233924773478,0.13482780664456576,0.12148954771482373,0.23580533217189784,0.27891760671618093
612,0.5,1.0,2,1,1,False,0.09177274342519921,-3.996802888650564e-17,-0.00031387786000025043,0.04696418362735164,0.038600837185601505,0.03993511285873803,-0.5863516038942365,0.22831963001337674,-0.31385889570545045,-0.29233869288599046,-0.5763917040292285,-0.5968932210156352,0.5832676101472514,-0.1579790117792094,0.4403326996099246,0.36312562333947185,0.5808812102674129,0.5965226037801715,0.28924638324047175,0.12621233924773478,0.13443706694472457,0.1559232589160075,0.23543609208178043,0.27551882118200277
613,0.5416666666666666,1.0,2,1,1,False,0.09177274342519921,-3.996802888650564e-17,-0.007610607979692909,0.044604390287620456,0.0373349022667049,0.03804605546304379,-0.5863516038942365,0.22831963001337674,-0.41914396628891315,-0.416837595106702,-0.578024257053826,-0.5970771399900865,0.5832676101472514,-0.1579790117792094,0.4683684188639842,0.43898603341733633,0.5818189376215636,0.5962736467844622,0.28924638324047175,0.12621233924773478,0.15258921559753158,0.17766905285901818,0.23509615109332516,0.2717771941116522
614,0.5833333333333333,1.0,2,1,1,False,0.09177274342519921,-3.996802888650564e-17,0.008528222172064667,0.04235641571410272,0.035884301742409454,0.035948887080299516,-0.5863516038942365,0.22831963001337674,-0.4968488818932037,-0.5086378326423946,-0.579959696762238,-0.5973030657566106,0.5832676101472514,-0.1579790117792094,0.48520506949408543,0.48488426063085266,0.5828471989338597,0.5959320174442958,0.28924638324047175,0.12621233924773478,0.1821802586725399,0.1812367585703369,0.2348135652764547,0.26767537170057065
615,0.625,1.0,2,1,1,False,0.09177274342519921,-3.996802888650564e-17,0.026749627527964615,0.04022438356886629,0.03421945001997019,0.03363681821580878,-0.5863516038942365,0.22831963001337674,-0.5513366582208001,-0.5631737386115316,-0.5822667377055049,-0.5975972309542231,0.5832676101472514,-0.1579790117792094,0.5124278900776594,0.5211197328447592,0.5839650937166229,0.5954694889847656,0.28924638324047175,0.12621233924773478,0.20004863389551264,0.17560156146928704,0.23463010518686536,0.26321728525503424
616,0.6666666666666666,1.0,2,1,1,False,0.09177274342519921,-3.996802888650564e-17,0.031738538816001235,0.038234028517588926,0.032311573829015935,0.031122004948489948,-0.5863516038942365,0.22831963001337674,-0.5843894245085639,-0.5939737642823224,-0.5850231298445719,-0.5980042390374718,0.5832676101472514,-0.1579790117792094,0.5465912953529153,0.5550558432084834,0.585159722922515,0.5948514468989904,0.28924638324047175,0.12621233924773478,0.20153767268666264,0.1714071562645123,0.23460599185837405,0.25844899158885365
617,0.7083333333333333,1.0,2,1,1,False,0.09177274342519921,-3.996802888650564e-17,0.021345157154425736,0.036391674850671026,0.030140723052234416,0.028452795071695458,-0.5863516038942365,0.22831963001337674,-0.6015829870034219,-0.6210061318128832,-0.5883040761545503,-0.5985980926014336,0.5832676101472514,-0.1579790117792094,0.5735599420809736,0.5942193698856176,0.5863939601789817,0.594038602547425,0.28924638324047175,0.12621233924773478,0.1963398390812476,0.16407059355547365,0.2348237149918285,0.2534941141834492
618,0.75,1.0,2,1,1,False,0.09177274342519921,-3.996802888650564e-17,0.003058375936406662,0.03502448345975252,0.02989404602669249,0.02810004594235473,-0.5863516038942365,0.22831963001337674,-0.6134264738265728,-0.6457172952371782,-0.5906450107530575,-0.5985021186698908,0.5832676101472514,-0.1579790117792094,0.5847960916143831,0.6157983253051652,0.588165508749709,0.5940271376794778,0.28924638324047175,0.12621233924773478,0.1988219560991404,0.16143661324237735,0.23672920404161366,0.2510439418308948
619,0.7916666666666666,1.0,2,1,1,False,0.09177274342519921,-3.996802888650564e-17,-0.004772226736988133,0.03333834864804476,0.03213532563913135,0.030527948322774712,-0.5863516038942365,0.22831963001337674,-0.6220950076703681,-0.6619585188189757,-0.5910440406641514,-0.5972724875108218,0.5832676101472514,-0.1579790117792094,0.5844956576004349,0.6250921893373135,0.5899651496890923,0.5946632332557793,0.28924638324047175,0.12621233924773478,0.2145247291784581,0.18022837325177365,0.2395331450645705,0.25109797033941794
620,0.8333333333333333,1.0,2,1,1,False,0.09177274342519921,-3.996802888650564e-17,-0.01192758401248462,0.03185289389062014,0.03460596249209114,0.033196562498298214,-0.5863516038942365,0.22831963001337674,-0.6300887928619299,-0.6684231496460312,-0.5909237112715178,-0.5958981074515299,0.5832676101472514,-0.1579790117792094,0.5804042542320544,0.6160658013269719,0.5912334817382093,0.5950077545817066,0.28924638324047175,0.12621233924773478,0.23047108671049527,0.21917546188353587,0.24173710163970558,0.25114989316407227
621,0.875,1.0,2,1,1,False,0.09177274342519921,-3.996802888650564e-17,-0.015486844571515057,0.030962737498256933,0.037111342148318675,0.03588517580977768,-0.5863516038942365,0.22831963001337674,-0.6343848548443042,-0.6704140381597623,-0.5904936126658067,-0.5945009845469824,0.5832676101472514,-0.1579790117792094,0.5751822200953925,0.5963909496800136,0.592130346368345,0.5951769228858053,0.28924638324047175,0.12621233924773478,0.24563080287224281,0.2550302491876003,0.24347610186810015,0.2511972860405168
622,0.9166666666666666,1.0,2,1,1,False,0.09177274342519921,-3.996802888650564e-17,-0.018315485051484996,0.03010997148043406,0.03954475366206663,0.03847891393449845,-0.5863516038942365,0.22831963001337674,-0.637677905668791,-0.6686789620254248,-0.5898883456930615,-0.593145585366254,0.5832676101472514,-0.1579790117792094,0.5710263381683152,0.5712562219729317,0.5927692407275928,0.5952429559340756,0.28924638324047175,0.12621233924773478,0.2584435882956595,0.27252927216388584,0.24485884541610306,0.2512412762220251
623,0.9583333333333333,1.0,2,1,1,False,0.09177274342519921,-3.996802888650564e-17,-0.021331653115238748,0.029539518625808274,0.04185215141742489,0.04092321210199025,-0.5863516038942365,0.22831963001337674,-0.640539047708452,-0.6679390894050666,-0.5891927267508089,-0.5918632946236979,0.5832676101472514,-0.1579790117792094,0.5672512370518671,0.5544691319608027,0.5932284842716147,0.5952496682147361,0.28924638324047175,0.12621233924773478,0.27078706676494985,0.2934663196603767,0.24596886773585075,0.25128336365593035
624,1.0,1.0,2,1,1,False,0.09177274342519921,-3.996802888650564e-17,-0.021869555982615425,0.02897611282149201,0.04401013533379677,0.04319702056927758,-0.5863516038942365,0.22831963001337674,-0.641247334088874,-0.6664457809167577,-0.5884594441219914,-0.590666961070125,0.5832676101472514,-0.1579790117792094,0.5648212354410064,0.5465981122734341,0.5935616395947438,0.5952233396097735,0.28924638324047175,0.12621233924773478,0.2788989367597354,0.2968946753581995,0.246869134549858,0.25132461742271717
